?번호,k-아파트코드,k-아파트명,주소(시군구),주소(읍면동),"k-단지분류(아파트,주상복합등등)",k-세대타입(분양형태),k-전체동수,k-전체세대수,k-건설사(시공사),k-시행사,k-사용검사일-사용승인일,k-연면적,좌표X,좌표Y,컨소시엄여부,수정필드,기업그룹
1,A15679103,우리유앤미,동작구,흑석동,아파트,분양,2,206,우리건설,경수재건축조합,2003-12-26 0:00,27097,126.9596386,37.5006676,N,,
2,A13876112,송파파인타운13단지,송파구,장지동,아파트,분양,4,197,양우건설(주),SH공사,2011-01-27 0:00,30646,127.1291789,37.4768967,N,,
3,A13873701,오금현대백조(임대),송파구,오금동,아파트,임대,1,153,현대건설,현대건설,1997-01-24 0:00,7318,127.1287745,37.5089058,N,기업그룹,현대건설
4,A15275101,개봉건영,구로구,개봉동,아파트,분양,2,209,건영종합건설,철도조합,1994-05-09 0:00,24523,126.8406749,37.5011622,N,,
5,A13991016,월계동원베네스트,노원구,월계동,아파트,분양,5,205,(주)동원건설,월계동원베네스트아파트조합,2005-03-31 0:00,24680,127.0582196,37.631732,N,,
6,A13789201,양재우성KBS(113동),서초구,양재동,아파트,분양,1,150,우성건설,우성건설,1996-12-31 0:00,16533,127.0290739,37.4775008,N,,
7,A13486701,천호삼익,강동구,천호동,아파트,분양,1,150,삼익건설(주),삼익건설(주),1997-12-03 0:00,15925,127.1284727,37.5485886,N,,
8,A14319001,자양경남아너스빌,광진구,자양동,아파트,분양,1,150,대아건설,진주타운재건축조합,1997-05-24 0:00,18340,127.083991,37.5294321,N,,
9,A12208101,신사성원아파트,은평구,신사동,아파트,분양,1,150,성원건설,성원건설,2000-04-11 0:00,20062,126.9133122,37.6004574,N,,
10,A15809001,신월대방샤인힐,양천구,신월동,아파트,분양,3,150,대방건설,원광연립재건축조합,2003-09-24 0:00,17033,126.8384999,37.5204711,N,,
11,A13820001,문정3차푸르지오,송파구,문정동,아파트,분양,2,150,(주)대우건설,(주)대우,2002-08-13 0:00,16059,127.1332779,37.4871243,N,기업그룹,대우건설
12,A13790701,잠원한신그린,서초구,잠원동,아파트,분양,1,150,한신공영(주),한신공영(주),1993-01-21 0:00,17968,127.0078749,37.5133709,N,,
13,A13402202,천호e-편한세상,강동구,천호동,아파트,분양,2,150,대림산업,"한미,세경연립사업조합.(주)삼호",2005-10-28 0:00,23895,127.1243522,37.5443727,N,기업그룹,DL이앤씨
14,A11007001,경희궁의아침3단지,종로구,내수동,주상복합,분양,1,150,쌍용건설,군인공제조합,2004-05-17 0:00,38392,126.9720155,37.5736451,N,기업그룹,쌍용건설
15,A13403001,성내2차e-편한세상,강동구,성내동,아파트,분양,2,151,(주)삼호,대농연립재건축조합,2004-11-24 0:00,22219,127.1264298,37.53436,N,기업그룹,DL건설
16,A15609001,사당유니드,동작구,사당동,아파트,분양,5,151,대성산업(주),사당제7주택 재개발조합,2009-02-03 0:00,23348,126.9752458,37.493362,N,,
17,A13186801,신내다우훼밀리,중랑구,신내동,아파트,분양,1,152,다우종합건설,다우훼밀리아파트,1999-01-29 0:00,15008,127.0971514,37.6060585,N,,
18,A13407201,명일삼익그린11차,강동구,명일동,아파트,분양,1,152,삼익주택,삼익주택,1986-06-30 0:00,18346,127.1504982,37.5518066,N,,
19,A13980801,공릉대동1차,노원구,공릉동,아파트,분양,1,152,(주)대동,(주)대동,1999-04-30 0:00,19659,127.072532,37.6198604,N,,
20,A15210101,오류동선,구로구,오류동,아파트,분양,1,152,동선건설,동선건설,2004-04-21 0:00,16366,126.8394712,37.4936836,N,,
21,A15001001,여의도초원,영등포구,여의도동,아파트,분양,1,153,순복음,순복음,1971-08-27 0:00,13657,126.9231927,37.5309637,N,,
22,A15881701,목동금강에스쁘아,양천구,목동,아파트,분양,1,153,(주)금강종합건설,신목연합재건축주택조합,2002-08-13 0:00,19081,126.8714021,37.5380526,N,,
23,A13285601,방학신동아5단지,도봉구,방학동,아파트,분양,1,153,신동아건설(주),신동아건설(주),1998-10-02 0:00,22480,127.0285219,37.6636195,N,,
24,A13980102,공릉신원,노원구,공릉동,아파트,분양,1,153,신원종합개발,신원종합개발,2000-02-14 0:00,18796,127.0751067,37.6277644,N,,
25,A15886501,신정학마을3단지,양천구,신정동,아파트,분양,3,153,태영건설,도시개발공사,2002-08-23 0:00,24603,126.8472095,37.5115753,N,,
26,A13186502,신내우남푸르미아,중랑구,신내동,아파트,분양,3,153,(주)우남건설,(주)우남건설,2005-04-04 0:00,22916,127.0987566,37.6061739,N,,
27,A13780201,엠브이아파트,서초구,반포동,아파트,분양,1,154,한보철강,해주정씨종친회,1994-07-28 0:00,21910,127.0102751,37.4992014,N,,
28,A13203001,쌍문동북한산월드메르디앙,도봉구,쌍문동,아파트,분양,4,154,월드건설,월드건설,2005-06-02 0:00,19477,127.0139503,37.653846,N,,
29,A15383601,독산진도2차,금천구,독산동,아파트,분양,1,154,진도건설,진도,1997-10-17 0:00,17642,126.8922168,37.4700234,N,,
30,A15381402,독산계룡,금천구,독산동,아파트,분양,2,154,계룡건설,계룡건설,1998-09-24 0:00,19933,126.8927936,37.4671531,N,기업그룹,계룡건설산업
31,A15805101,목동대원칸타빌,양천구,목동,아파트,분양,1,154,(주)대원,(주)대원,2001-09-10 0:00,26204,126.8650937,37.5285923,N,,
32,A15288801,신도림우성5차,구로구,신도림동,아파트,분양,1,154,우성건설(주),우성건설(주),1994-12-15 0:00,16328,126.8837922,37.5127235,N,,
33,A15722201,마곡서광2차아파트,강서구,방화동,아파트,분양,2,154,서광건설(주),서광건설(주),2003-06-02 0:00,27065,126.8106819,37.5720228,N,,
34,A13786901,서초1차e편한세상,서초구,서초동,아파트,분양,2,154,대림,대림,2004-08-24 0:00,37212,127.0067349,37.4812021,N,기업그룹,DL이앤씨
35,A15881702,목동성원,양천구,목동,아파트,분양,2,155,성원산업개발(주),수정.삼성 연립 재건축 주택 조합,2000-06-29 0:00,22553,126.8699072,37.5358469,N,,
36,A12204001,북한산수자인,은평구,불광동,아파트,분양,2,155,한양,정원연립재건축조합,2006-09-01 0:00,17909,126.9321696,37.6216983,N,,
37,A13295201,브라운스톤쌍문,도봉구,쌍문동,아파트,분양,2,155,이수건설,국화연립재건축조합,2006-12-26 0:00,23262,127.0295935,37.6471154,N,,
38,A13527001,도곡동양재디오빌,강남구,도곡동,주상복합,분양,1,155,대우건설,대우건설,2004-04-23 0:00,9783,127.0335386,37.4864782,N,기업그룹,대우건설
39,A15884901,유원목동,양천구,신정동,아파트,분양,2,156,유원건설(주),한전연합주택조합,1990-12-29 0:00,16977,126.8736268,37.5217974,N,,
40,A13486401,천호현대,강동구,천호동,아파트,분양,2,156,현대건설,아남산업주택조합,1990-05-31 0:00,13497,127.1329005,37.5383992,N,기업그룹,현대건설
41,A13187501,중화극동,중랑구,중화동,아파트,분양,1,156,극동건설,극동건설,1991-04-29 0:00,17030,127.0837949,37.6036519,N,,
42,A15185201,신림현대성우,관악구,신림동,아파트,분양,1,156,성우종합건설(주),삼성연립재건축조합,1998-10-26 0:00,21207,126.9372705,37.4837087,N,,
43,A11084601,평창롯데,종로구,평창동,아파트,분양,3,156,롯데건설,북악맨션재건축조합,2001-04-30 0:00,31071,126.9756922,37.6091332,N,기업그룹,롯데건설
44,A13820002,문정세양청마루,송파구,문정동,아파트,분양,2,157,세양건설,세양지역주택조합,2004-05-01 0:00,14743,127.1370266,37.4924314,N,,
45,A15101501,보라매파크뷰,관악구,신림동,아파트,분양,1,157,갑을건설,동심아파트재건축조합,2003-12-31 0:00,19382,126.9219256,37.4891251,N,,
46,A13312101,성수두산위브,성동구,성수동2가,아파트,분양,3,157,두산건설,두산건설,2006-05-30 0:00,27671,127.0584774,37.5372327,N,,
47,A15283801,신도림쌍용플래티넘노블,구로구,구로동,주상복합,분양,2,155,남광토건(주),목원엔지리어링,2006-11-30 0:00,44167,126.8912982,37.5009591,N,,
48,A15007101,대림갑을명가,영등포구,대림동,아파트,분양,2,157,갑을건설(주),화양연립재건축정비사업조합,2005-10-17 0:00,21239,126.9036771,37.4956182,N,,
49,A13980803,공릉1동삼익,노원구,공릉동,아파트,분양,1,158,삼익건설주식회사,평화외3개연립 재건축조합,1997-10-28 0:00,20892,127.0723375,37.6181002,N,,
50,A14319002,자양한강극동,광진구,자양동,아파트,분양,2,158,극동건설주식회사,자양동군인직장연합주택조합,1991-08-08 0:00,17449,127.0644764,37.5336956,N,,
51,A13510001,청담삼성1차,강남구,청담동,아파트,분양,1,158,삼성건설,삼성물산,1997-12-19 0:00,20894,127.0478619,37.5194421,N,기업그룹,삼성물산
52,A13292501,창동현대타운(주복),도봉구,창동,주상복합,분양,1,158,현대건설,현대건설,1999-09-22 0:00,23414,127.0352336,37.6470839,N,기업그룹,현대건설
53,A13311101,성수금호3차,성동구,성수동1가,아파트,분양,3,159,금호산업(주),성수금호3차 재건축조헙,2003-09-25 0:00,23433,127.0504009,37.5420274,N,,
54,A13201001,도봉서광,도봉구,도봉동,아파트,기타,3,159,융창건설(주),서울특별시 도시개발공사,1999-09-07 0:00,13923,127.049861,37.6783964,N,,
55,A13185501,묵동세방,중랑구,묵동,아파트,분양,2,159,세방기업(주),세방건설,2000-07-03 0:00,18710,127.0835522,37.6153547,N,,
56,A14321001,광장11현대홈타운,광진구,광장동,연립주택,분양,8,159,현대건설,광장11차현대지역주택조합,2003-10-28 0:00,27590,127.0969941,37.5430085,N,기업그룹,현대건설
57,A13787102,서초2차e편한세상,서초구,서초동,아파트,분양,3,159,대림산업,서초연합 재건축 주택조합,2005-02-24 0:00,30500,127.0090583,37.4862357,N,기업그룹,DL이앤씨
58,A13087401,휘경서울가든,동대문구,휘경동,주상복합,분양,1,160,삼익건설(주),동대문구,1985-12-03 0:00,17646,127.0711253,37.5841565,N,,
59,A13880201,가락현대6차,송파구,가락동,아파트,분양,2,160,현대건설,한미은행 연합조합,1991-12-14 0:00,17690,127.1226268,37.4972327,N,기업그룹,현대건설
60,A15088802,여의도화랑,영등포구,여의도동,아파트,분양,3,160,삼익주택,삼익주택,1977-12-16 0:00,20628,126.9355476,37.5221449,N,,
61,A15009501,문래진주,영등포구,문래동5가,아파트,분양,3,160,라이프주택,라이프주택,1984-08-21 0:00,20732,126.8847882,37.5171755,N,,
62,A15083701,신길삼두,영등포구,신길동,아파트,분양,1,160,삼두실업(주),삼두실업(주),1987-12-12 0:00,10684,126.9238594,37.5143228,N,,
63,A13583301,논현동부센트레빌,강남구,논현동,아파트,분양,4,160,동부건설,양지아파트재건축조합,2003-12-24 0:00,30443,127.0376735,37.5103594,N,,
64,A12201301,경남아파트-응암경남,은평구,응암동,아파트,분양,2,160,경남기업,경남기업,1995-12-22 0:00,17366,126.9203156,37.5833193,N,,
65,A13788201,서초현대4차,서초구,서초동,아파트,분양,3,160,현대산업개발,서초은하아파트재건축조합,2000-11-27 0:00,31326,127.0178518,37.5003507,N,기업그룹,아이파크현대산업개발(HDC)
66,A13508001,역삼휴먼터치빌,강남구,역삼동,주상복합,분양,1,160,현대산업개발,현대산업개발,1999-06-19 0:00,12415,127.0338294,37.5064114,N,기업그룹,아이파크현대산업개발(HDC)
67,A15785601,방화진로,강서구,방화동,아파트,분양,2,160,주)진로건설,주)진로건설,1994-09-09 0:00,20959,126.8084237,37.5770526,N,,
68,A13790902,잠원킴스빌리지,서초구,잠원동,아파트,분양,1,160,시대종합건설(주),뉴코아,1996-12-17 0:00,12614,127.0067114,37.5109145,N,,
69,A15782501,강서월드메르디앙,강서구,내발산동,아파트,분양,3,160,월드건설,"중앙,대덕,용광,고려연립재건축주택조합",2006-03-30 0:00,26678,126.843127,37.5568955,N,,
70,A15284302,구로대성스카이렉스,구로구,구로동,주상복합,분양,2,160,대성산업(주),공원빌라 재건축조합,2006-04-25 0:00,27171,126.8909539,37.4994441,N,,
71,A12111001,마포경남아너스빌,마포구,신수동,아파트,분양,2,160,경남기업(주),청옥산업개발(주),2007-05-17 0:00,22218,126.934029,37.5487707,N,,
72,A13784401,방배브라운가,서초구,방배동,아파트,분양,2,161,흥화공업(주),흥화공업(주),2006-05-26 0:00,19876,126.9919326,37.4835259,N,,
73,A13181201,면목신성미소지움,중랑구,면목동,아파트,분양,2,161,신성건설,서경한성동남조합신성건설,2004-11-12 0:00,22637,127.0961012,37.587218,N,,
74,A13786803,서초3차e편한세상,서초구,서초동,아파트,분양,2,77,대림산업,(주)디케이건설,2005-12-23 0:00,21246,127.0077138,37.4785869,N,기업그룹,DL이앤씨
75,A13609001,종암우림카이저팰리스,성북구,종암동,주상복합,분양,2,161,우림건설,종암시장 재건축조합,2008-05-01 0:00,24558,127.0334853,37.6018897,N,,
76,A13481001,길동우성1차,강동구,길동,아파트,분양,2,162,우성건설,우성건설,1989-10-06 0:00,16822,127.1445299,37.5432755,N,,
77,A13880602,가락우성2차아파트,송파구,가락동,아파트,분양,2,162,우성건설,가락동조합아파트,2000-06-14 0:00,20701,127.1255185,37.4918819,N,,
78,A15603001,상도동원베네스트,동작구,상도동,아파트,분양,4,162,동원시스템즈(주)/건설,상도동원지역주택조합,2008-10-31 0:00,23332,126.9444312,37.5029264,N,,
79,A15283701,고척경남1차,구로구,고척동,아파트,분양,1,163,경남건설,오희태양재건축조함,1998-01-26 0:00,18138,126.8627712,37.5052906,N,,
80,A13114201,묵동동구햇살,중랑구,묵동,아파트,분양,3,163,동구건설,삼성연립,2004-05-12 0:00,23257,127.0747746,37.613353,N,,
81,A15602001,대방경남아너스빌,동작구,대방동,아파트,분양,2,163,경남기업,대방시범아파트재건축조합,2006-03-27 0:00,25144,126.9256082,37.5116136,N,,
82,A15704001,염창2차한화꿈에그린,강서구,염창동,아파트,분양,3,163,한화건설,효창연립재건축조합,2006-04-27 0:00,22072,126.8668736,37.5515337,N,기업그룹,한화
83,A13508002,역삼경남,강남구,역삼동,주상복합,분양,1,164,경남기업,역삼 주상복합조합,2002-05-01 0:00,30232,127.0423208,37.5005747,N,,
84,A15780701,가양중앙하이츠,강서구,가양동,아파트,분양,3,164,중앙건설(주),중앙산업(주),1999-04-29 0:00,33754,126.8492901,37.5698077,N,,
85,A15086001,보라매두산위브,영등포구,신길동,아파트,분양,2,164,두산건설(주),두산건설,2005-11-10 0:00,27724,126.9144293,37.4972694,N,,
86,A13120701,용마산금호어울림,중랑구,면목동,아파트,분양,3,165,금호건설,재건축조합,2006-06-26 0:00,25764,127.091721,37.5770579,N,,
87,A15086201,양평서통한신,영등포구,양평동1가,아파트,분양,2,165,한신공영(주),한신공영(주),1996-12-31 0:00,22545,126.8878466,37.5216885,N,,
88,A13983801,대망드림힐,노원구,상계동,아파트,분양,1,165,(주)대망종합건설,대영연립재건축조합,2003-06-27 0:00,22457,127.0584516,37.6763152,N,,
89,A15208201,고척양우,구로구,고척동,주상복합,분양,1,165,양우종합건설,"황실,건영 재건축조합",2000-06-27 0:00,21192,126.8566086,37.504745,N,,
90,A12181101,마포더포레스트,마포구,대흥동,아파트,분양,3,165,동양메이저(주),동양,2007-04-06 0:00,23653,126.9406061,37.5479468,N,,
91,A13882401,문정푸르지오2차,송파구,문정동,아파트,분양,2,165,(주)대우,제일은행 직장주택조합외 4개조합,2001-05-23 0:00,24261,127.1270852,37.4867371,N,기업그룹,대우건설
92,A13707002,아남,서초구,서초동,아파트,분양,2,166,아남건설주식회사,아남건설주식회사,1989-11-30 0:00,17317,127.020739,37.4929518,N,,
93,A15009502,문래현대3차,영등포구,문래동5가,아파트,분양,2,166,현대건설(주),현대건설(주),1991-11-18 0:00,18872,126.8844422,37.5161019,N,기업그룹,현대건설
94,A15283803,구로금호어울림,구로구,구로동,주상복합,분양,1,166,금호건설,금호건설,1997-06-02 0:00,31965,126.8919875,37.5000583,N,,
95,A13790703,잠원신화,서초구,잠원동,아파트,분양,1,166,신화건설,잠원연합조합주택,1997-10-01 0:00,19938,127.0136875,37.5157083,N,,
96,A13887901,송파현대힐스테이트,송파구,풍납동,아파트,분양,2,166,현대건설(주),우신.재경연립주택및강동연립주택 재건축정비사업조합,2006-02-24 0:00,26573,127.1184957,37.5311152,N,기업그룹,현대건설
97,A15704002,염창 일신건영휴먼빌아파트,강서구,염창동,아파트,분양,3,166,일신건영(주),동진연립 재건축주택조합,2004-11-19 0:00,24109,126.8731713,37.5520432,N,,
98,A15284101,구로2차순영웰라이빌,구로구,구로동,주상복합,분양,1,166,순영종합건설(주),순영종합건설(주),2005-06-15 0:00,23060,126.891625,37.4960263,N,,
99,A13008001,신이문금호어울림,동대문구,이문동,아파트,기타,4,166,금호산업,신이문재건축조합,2008-10-10 0:00,23553,127.063182,37.6041205,N,,
100,A12289401,뉴신사신성아파트,은평구,신사동,아파트,분양,2,167,신성건설,신성건설,1993-11-29 0:00,20138,126.9062236,37.5935011,N,,
101,A13986701,중계성원2차,노원구,중계동,아파트,분양,1,167,(주)성원,한인연립재건축주택조합,1995-07-06 0:00,20280,127.0752242,37.6611671,N,,
102,A13202302,방학극동아파트,도봉구,방학동,아파트,분양,2,167,극동건설,"감사원,극동건설,선덕학원직장조합",1993-09-17 0:00,20806,127.0268136,37.6645017,N,,
103,A14206301,번동동문아파트,강북구,번동,아파트,분양,3,167,동문건설,동문건설,1998-08-14 0:00,24818,127.0382004,37.6239797,N,,
104,A13509101,삼성청구타운,강남구,삼성동,아파트,분양,3,167,청구,청구,1992-05-15 0:00,20121,127.0583783,37.5197827,N,,
105,A15004101,당산신동아파밀리에,영등포구,당산동1가,아파트,분양,4,167,신동아건설,주택재개발조합,2008-01-18 0:00,20885,126.9003963,37.519805,N,,
106,A13704101,반포삼호가든맨션5차,서초구,반포동,아파트,분양,3,168,삼호,삼호,1986-02-21 0:00,27653,127.0115013,37.5039415,N,기업그룹,DL건설
107,A13384301,한양현대아파트,성동구,성수동1가,아파트,분양,1,168,현대건설(주),한양연립재건축조합,1999-01-13 0:00,21986,127.0479977,37.5455297,N,기업그룹,현대건설
108,A15783701,등촌임광,강서구,등촌동,아파트,분양,3,168,임광토건,임광토건,2000-05-12 0:00,24137,126.8633551,37.5404837,N,,
109,A13790604,잠원동대우아이빌,서초구,잠원동,아파트,분양,3,168,(주)대우,한국구조개발,2001-07-30 0:00,13769,127.0183736,37.5113932,N,기업그룹,대우건설
110,A13184502,면목성원,중랑구,면목동,아파트,분양,2,168,성원건설(주),성원건설(주),1997-06-13 0:00,22780,127.0907522,37.5774892,N,,
111,A15704003,염창월드메르디앙,강서구,염창동,아파트,분양,5,168,월드건설(주),신삼성연립재건축조합,2004-07-01 0:00,23391,126.8727626,37.5528637,N,,
112,A13508003,대우디오빌플러스,강남구,역삼동,아파트,분양,1,168,대우건설,플러스하우징,2004-05-25 0:00,12448,127.0311179,37.4975858,N,기업그룹,대우건설
113,A15809401,신월2차보람쉬움,양천구,신월동,아파트,분양,3,169,보람건설(주),재건축조합,2005-03-19 0:00,20416,126.8369039,37.5243291,N,,
114,A13610201,정릉2차대주피오레,성북구,정릉동,아파트,분양,4,169,대주건설,대한주택보증,2008-05-30 0:00,20963,127.008977,37.6018169,N,,
115,A13309101,신금호두산위브,성동구,금호동1가,아파트,분양,5,169,두산건설,"성호,금호연합 재건축조합",2006-03-31 0:00,27320,127.0223133,37.5559626,N,,
116,A15883101,신월성원,양천구,신월동,아파트,분양,1,170,성원건설,성원건설,1996-12-20 0:00,22424,126.8339527,37.5282122,N,,
117,A15010301,양평우림루미아트,영등포구,양평동3가,아파트,분양,2,170,우림산업개발(주),범우아파트재건축조합,2004-10-12 0:00,23815,126.8880477,37.5265939,N,,
118,A13406002,둔촌동동아,강동구,둔촌동,아파트,분양,2,170,동아건설,"조합, 동아건설",1997-12-31 0:00,20339,127.1458735,37.5331763,N,,
119,A15784201,등촌현대1차(한마음),강서구,등촌동,아파트,분양,1,170,현대건설,한마음주택조합,1995-07-13 0:00,21399,126.8553276,37.5559066,N,기업그룹,현대건설
120,A15722001,마곡삼성,강서구,방화동,아파트,분양,1,170,삼성물산,삼성화재재건축조합,1998-01-09 0:00,19331,126.8221909,37.5721234,N,기업그룹,삼성물산
121,A15009601,문래미원아파트,영등포구,문래동6가,아파트,분양,2,170,미원건설(주),(주)미원,1996-09-09 0:00,22348,126.8864037,37.5198906,N,,
122,A13381601,왕십리중앙하이츠,성동구,마장동,아파트,분양,2,170,중앙건설,중앙건설,1999-05-31 0:00,22238,127.039119,37.5654091,N,,
123,A14005001,청암자이,용산구,청암동,아파트,분양,5,170,부곡레저,GS건설,2005-08-18 0:00,61529,126.9467137,37.5351772,N,,
124,A15807601,목동삼성쉐르빌2차,양천구,신정동,주상복합,분양,1,170,삼성중공업(주),(주)중원,2004-03-19 0:00,50098,126.8704458,37.5216391,N,,
125,A15108001,남현동한일유앤아이,관악구,남현동,아파트,분양,3,170,한일건설,재건축 조합,2005-03-30 0:00,26068,126.9735651,37.471705,N,,
126,A13983101,상계마들,노원구,상계동,아파트,분양,3,170,에스에이치공사,에스에이치공사,1988-11-30 0:00,9801,127.0569566,37.6416927,N,,
127,A12282201,경향파크아파트,은평구,구산동,아파트,분양,2,171,인황건설,인황건설,1989-11-10 0:00,21424,126.9059489,37.6103948,N,,
128,A15601201,신대방신동아,동작구,신대방동,아파트,분양,1,171,신동아,신동아건설(주),1993-01-13 0:00,11953,126.9240174,37.4965836,N,,
129,A13527002,도곡현대그린,강남구,도곡동,아파트,분양,1,171,현대산업개발,공업진흥청주택조합,2006-10-19 0:00,21843,127.0397135,37.4889362,N,기업그룹,아이파크현대산업개발(HDC)
130,A13185502,묵동신안2차,중랑구,묵동,아파트,분양,1,171,신안종합건설(주),신안종합건설(주),2000-02-29 0:00,24229,127.0800228,37.6141168,N,,
131,A15805102,목동현대아이파크,양천구,목동,아파트,분양,4,171,현대산업개발,현대산업개발(주),2003-06-28 0:00,22813,126.8650035,37.528994,N,기업그룹,아이파크현대산업개발(HDC)
132,A15882201,신월수명산SK-VIEW,양천구,신월동,아파트,분양,3,171,sk건설(주),랜드미(주),2009-03-25 0:00,34530,126.8293478,37.5440478,N,기업그룹,SK에코플랜트
133,A12185001,성사1차 풍림아파트,마포구,성산동,아파트,분양,1,172,풍림산업,성사1차 재건축조합,2000-04-01 0:00,23675,126.9124027,37.5685044,N,,
134,A14024001,서빙고금호베스트빌,용산구,서빙고동,아파트,분양,3,172,금호건설,우진조합,2002-10-14 0:00,33018,126.9917568,37.5230753,N,,
135,A15280602,신개봉삼환,구로구,개봉동,아파트,분양,1,173,삼환기업,건축조합,2001-03-30 0:00,22681,126.8579501,37.4966551,N,,
136,A13812001,마천금호어울림2차,송파구,마천동,아파트,분양,3,173,금호건설,금호건설,2006-04-24 0:00,25549,127.1557137,37.4930747,N,,
137,A13183202,용마한신2차아파트,중랑구,면목동,아파트,분양,1,174,한신공영,면목3동 재건축조함,1998-05-29 0:00,21501,127.0944705,37.5810758,N,,
138,A13980604,공릉대아2차,노원구,공릉동,아파트,분양,1,174,대아건설,삼익연립재건축조합,2000-03-29 0:00,23179,127.0714453,37.623339,N,,
139,A13982101,상계성원,노원구,상계동,아파트,분양,1,174,성원건설,성원건설,1999-08-19 0:00,23885,127.0658841,37.6604417,N,,
140,A13486703,천호유원,강동구,천호동,주상복합,분양,1,174,유원건설,천호동연합주택조합,1997-08-26 0:00,20746,127.1278651,37.5487741,N,,
141,A13183303,용마동아아파트,중랑구,면목동,아파트,분양,2,174,공영토건,공영토건,1993-03-18 0:00,19822,127.0944957,37.5786737,N,,
142,A13285401,브라운스톤 방학아파트,도봉구,방학동,아파트,분양,3,174,이수건설,협동 현대 오성 재건축조합,2003-04-30 0:00,24190,127.045175,37.6636237,N,,
143,A15685201,신대방우성2차,동작구,신대방동,아파트,분양,2,174,우성종합건설(주),우성종합건설(주),1995-01-19 0:00,24661,126.9115326,37.4920816,N,,
144,A15605001,노량진삼익,동작구,노량진동,주상복합,분양,1,175,주-삼익,주-삼익,2001-07-11 0:00,34983,126.9451391,37.5109978,N,,
145,A13789002,양재신영체르니,서초구,양재동,아파트,분양,1,175,(주)한라,(주)신영,2002-08-30 0:00,12027,127.0413928,37.4791982,N,,
146,A11001203,평창삼성,종로구,평창동,아파트,분양,2,176,삼성중공업(주),중소기업은행 평창동 주택조합,1998-05-02 0:00,24783,126.9783329,37.6107886,N,,
147,A15010201,양평상록수,영등포구,양평동2가,아파트,기타,1,176,(주)건영,sh공사,1999-11-15 0:00,12827,126.8835422,37.5237845,N,,
148,A14006001,신창세방리버하이빌,용산구,신창동,아파트,분양,3,176,세방건설,세방건설,2005-04-11 0:00,23404,126.9541123,37.5370379,N,,
149,A15720101,가양일신건영휴먼빌,강서구,가양동,아파트,분양,3,177,일신건영,주택조합,2004-12-23 0:00,22443,126.841903,37.5690251,N,,
150,A13790905,신반포한신14차,서초구,잠원동,아파트,분양,1,178,한신공영(주),한신공영,1983-12-27 0:00,20673,127.002301,37.5087932,N,,
151,A15608001,이수교스위첸,동작구,동작동,아파트,분양,5,178,케이씨씨건설,공작파크재건축조합,2006-03-30 0:00,32003,126.9810779,37.4976599,N,,
152,A15786104,삼성하나로,강서구,염창동,아파트,분양,1,178,삼성건설(주),국회 조합,1994-02-22 0:00,18408,126.8722863,37.5515375,N,기업그룹,삼성물산
153,A13183701,아남리치카운티,중랑구,면목동,아파트,분양,5,178,아남건설,주택조합,2004-12-10 0:00,22207,127.0849955,37.5892249,N,,
154,A14319301,자양현대6차,광진구,자양동,아파트,분양,1,178,현대건설(주),현대건설(주),1999-02-03 0:00,23330,127.0716693,37.5328509,N,기업그룹,현대건설
155,A13120704,면목금호어울림,중랑구,면목동,아파트,분양,3,178,면목동 대농빌라조합,금호건설,2005-10-27 0:00,25194,127.0892552,37.5773348,N,,
156,A12208001,은평신사두산위브아파트,은평구,신사동,아파트,분양,6,178,두산,두산,2006-11-30 0:00,26073,126.9057246,37.5999489,N,,
157,A15882103,목동진도2차,양천구,목동,아파트,분양,1,179,(주)진도,조합,1999-03-27 0:00,24398,126.873797,37.5256697,N,,
158,A15010302,양평경남1차,영등포구,양평동3가,아파트,분양,1,179,경남기업 주식회사,경남기업 주식회사,1998-07-18 0:00,21487,126.8885519,37.5272237,N,,
159,A15010303,양평동삼천리아파트,영등포구,양평동3가,아파트,분양,2,179,삼천리,삼천리,2000-06-29 0:00,25884,126.8853638,37.5262329,N,,
160,A12289402,신성수정,은평구,신사동,아파트,분양,1,180,(주)신성건설,조합,1996-12-19 0:00,24596,126.9063355,37.5927487,N,,
161,A13585401,개포우성5차,강남구,도곡동,아파트,분양,4,180,우성건설,우성건설,1986-10-27 0:00,17550,127.0475885,37.4859774,N,,
162,A13780001,신반포15차아파트,서초구,반포동,아파트,분양,8,180,한신공영(주),한신공영(주),1982-06-26 0:00,37995,126.9936943,37.5038318,N,,
163,A15106101,봉천은천1단지,관악구,봉천동,아파트,분양,4,180,자유종합건설(주),SH공사,2001-06-25 0:00,28876,126.9647078,37.4714734,N,,
164,A12187901,중동계룡,마포구,중동,아파트,분양,2,180,계룡건설,계룡건설,2000-09-30 0:00,25672,126.905875,37.5706353,N,기업그룹,계룡건설산업
165,A15721001,마곡금호어울림,강서구,마곡동,아파트,분양,2,180,금호건설,금호산업,2005-11-21 0:00,20398,126.8376117,37.5746242,N,,
166,A13922001,중계청암3단지,노원구,중계동,아파트,분양,5,180,요진건설,SH공사,2003-09-15 0:00,25133,127.0797206,37.6608487,N,,
167,A14207201,래미안수유임대,강북구,수유동,아파트,임대,1,180,삼성물산,수유 제2구역 재개발조합,2001-11-29 0:00,13213,127.0181926,37.6447964,N,기업그룹,삼성물산
168,A12010101,홍은풍림1차,서대문구,홍은동,아파트,분양,1,181,.,.,1988-02-09 0:00,16198,126.9420732,37.5949317,N,,
169,A12182101,망원1차대림,마포구,망원동,아파트,분양,4,181,(주)삼호,대림산업(주),2002-10-02 0:00,27269,126.90486,37.5534385,N,기업그룹,DL건설
170,A13821001,송파파인타운4단지,송파구,장지동,아파트,기타,4,181,신한종합건설(주),SH공사,2008-04-03 0:00,23655,127.1296412,37.4818131,N,,
171,A15882104,목동진도아파트,양천구,목동,아파트,분양,2,183,진도종합건설(주),진도종합건설(주),1998-09-08 0:00,25434,126.868592,37.5244455,N,,
172,A14319003,자양현대,광진구,자양동,아파트,분양,2,182,고려산업개발,고려산업개발,1993-05-27 0:00,21455,127.0824168,37.5281212,N,,
173,A14322001,중곡SK,광진구,중곡동,아파트,분양,3,182,(주)SK건설,대진연립 재건축조합,1999-11-30 0:00,25413,127.086509,37.5688712,N,기업그룹,SK에코플랜트
174,A15809201,신도신월1차,양천구,신월동,아파트,분양,3,182,한성강서재건축조합,신도종합건설,2004-06-25 0:00,22236,126.8468136,37.51794,N,,
175,A15210102,오류금호어울림,구로구,오류동,아파트,분양,2,182,금호건설,금호건설,2006-09-18 0:00,22177,126.8391422,37.4984546,N,,
176,A15609401,사당삼익그린뷰,동작구,사당동,아파트,분양,2,183,삼익건설,삼익건설,2003-10-02 0:00,26617,126.9691308,37.4772227,N,,
177,A12180401,공덕현대,마포구,공덕동,아파트,분양,2,183,(주)현대산업개발,대신증권주택조합,1989-08-07 0:00,18353,126.9501318,37.5482962,N,기업그룹,아이파크현대산업개발(HDC)
178,A13204201,창동금용,도봉구,창동,아파트,분양,1,183,금용종합건설주식회사,금용,1997-05-09 0:00,25150,127.0356752,37.6378476,N,,
179,A13591402,역삼금호어울림,강남구,역삼동,아파트,분양,3,183,금호산업(주),금호,2003-12-02 0:00,36420,127.0349001,37.4920882,N,,
180,A13184401,면목삼호,중랑구,면목동,아파트,분양,1,183,(주)삼호,강남주택외3개조합,2000-05-27 0:00,23209,127.088375,37.5763667,N,기업그룹,DL건설
181,A15010501,양평동보아파트,영등포구,양평동5가,아파트,분양,2,184,동보건설,동보건설,1998-10-16 0:00,22040,126.8909429,37.5379791,N,,
182,A13510201,청담삼환,강남구,청담동,아파트,분양,1,184,삼환기업(주),동일건축,1999-11-30 0:00,23782,127.0476322,37.5216958,N,,
183,A13786601,서초자이,서초구,서초동,아파트,분양,4,184,GS건설,서초우성4차재건축조합,2006-04-18 0:00,49153,127.0202181,37.4848719,N,기업그룹,GS건설
184,A13487102,천호현대타워,강동구,천호동,주상복합,분양,1,185,현대산업개발,세원기공,1999-02-02 0:00,44200,127.1346427,37.5364504,N,기업그룹,아이파크현대산업개발(HDC)
185,A14376501,한솔리베르,광진구,자양동,아파트,분양,1,185,한솔,자양한강연합주택조합,2002-01-24 0:00,23388,127.084689,37.5281456,N,,
186,A15303401,시흥금강,금천구,시흥동,아파트,분양,1,185,금강kcc,..,2000-09-07 0:00,26179,126.9080935,37.4630828,N,,
187,A13409001,상일동아,강동구,상일동,아파트,분양,1,186,(주)동아건설,상일동연합주택조합,1997-06-21 0:00,22428,127.1675162,37.5461461,N,,
188,A15786405,염창우성2차,강서구,염창동,아파트,분양,1,186,우성건설(주),우성건설(주),1992-05-20 0:00,19141,126.8695201,37.5556867,N,,
189,A15783902,등촌태영,강서구,등촌동,아파트,분양,3,186,태영건설(주),등촌동 해바라기 재건축 주택조합,1998-06-25 0:00,24321,126.8641456,37.55566,N,,
190,A15009602,문래한신,영등포구,문래동6가,아파트,분양,2,186,(주)한신공영,(주) 한신공영,1985-01-11 0:00,20288,126.8840481,37.5193166,N,,
191,A15886402,신정대성유니드아파트2차,양천구,신정동,아파트,분양,2,186,대성,대성,2004-07-15 0:00,21041,126.8488666,37.5209773,N,,
192,A15785002,방화3차우림필유,강서구,방화동,아파트,분양,3,187,우림건설,건우예원연립재건축주택조합,2005-06-02 0:00,24927,126.7983185,37.5733512,N,,
193,A15770101,화곡2차보람,강서구,화곡동,아파트,분양,3,187,보람건설,"현대,인산",2004-11-01 0:00,25165,126.8546342,37.5540644,N,,
194,A13510002,청담휴먼스타빌,강남구,청담동,주상복합,분양,1,191,휴먼터치,휴먼터치,2005-10-21 0:00,17558,127.0460731,37.5237052,N,,
195,A13204501,창동대동,도봉구,창동,아파트,분양,2,188,(주)대동,창5동재건축주택조합,1999-06-19 0:00,25064,127.0440625,37.6617487,N,,
196,A15209201,개봉상우,구로구,개봉동,아파트,분양,2,188,상우건설,상우건설,1997-12-11 0:00,24033,126.8613898,37.4936411,N,,
197,A12282102,브라운스톤구산,은평구,구산동,아파트,분양,6,189,이수건설(주),이수건설,2006-03-27 0:00,33179,126.9092409,37.6115205,N,,
198,A15286602,구로월드,구로구,구로동,아파트,분양,2,189,월드건설주식회사,월드건설,1998-12-24 0:00,25499,126.875877,37.5055458,N,,
199,A15809601,신월대주파크빌,양천구,신월동,아파트,분양,3,189,대주건설(주),대주건설,2004-07-31 0:00,22570,126.8426052,37.5144203,N,,
200,A12125001,성산2차e-편한세상,마포구,성산동,아파트,분양,3,189,대림산업,대림산업,2005-07-26 0:00,26727,126.9053595,37.5697756,N,기업그룹,DL이앤씨
201,A13824001,포스코더샵스타리버,송파구,신천동,주상복합,분양,2,189,포스코,프리즘,2006-09-29 0:00,76449,127.1044137,37.5177485,N,기업그룹,포스코이앤씨
202,A13201201,도봉현대성우,도봉구,도봉동,주상복합,분양,1,190,성우종합건설(주),도봉재건축주택조합,1998-12-01 0:00,26963,127.0476751,37.676276,N,,
203,A13905101,월계한일1차,노원구,월계동,아파트,분양,1,190,한일건설(주),신아연립,1999-12-09 0:00,29399,127.0615753,37.6219737,N,,
204,A13980105,공릉대동2차,노원구,공릉동,아파트,분양,2,190,대동건설,"대원,한성,성심연립재건축조합",1999-10-23 0:00,27349,127.0701721,37.6266546,N,,
205,A13203401,쌍문이안아파트,도봉구,쌍문동,아파트,분양,4,190,대우자동차산업,대우자동차산업,2004-04-01 0:00,30284,127.0292393,37.6515473,N,,
206,A15784003,등촌코오롱오투빌1차,강서구,등촌동,아파트,분양,1,191,코오롱건설,제일아파트 재건축조합,1999-06-14 0:00,25254,126.8582916,37.5560031,N,,
207,A13123001,예성그린캐슬아파트,중랑구,망우동,아파트,분양,4,191,예성종합건설,예성종합건설,2004-05-25 0:00,22733,127.1020462,37.597046,N,,
208,A13980706,공릉대주파크빌,노원구,공릉동,아파트,분양,1,191,대주주택(주),"동일,우성연립재건축주택조합",2003-01-20 0:00,27885,127.0722615,37.6211799,N,,
209,A12281701,코오롱하늘채아파트,은평구,갈현동,아파트,분양,3,191,코오롱건설주식회사,한남재건축조합,2003-09-23 0:00,30025,126.9109852,37.6232165,N,,
210,A13286002,쌍문현대2차,도봉구,쌍문동,아파트,분양,2,192,현대건설,현대건설,1993-11-30 0:00,19497,127.0300422,37.6593237,N,기업그룹,현대건설
211,A15001003,서울아파트관리사무소,영등포구,여의도동,아파트,분양,2,192,삼익건설,삼익건설,1976-09-18 0:00,35579,126.9311508,37.5270586,N,,
212,A14003101,이촌반도,용산구,이촌동,아파트,분양,2,192,삼익주택,삼익주택,1977-01-12 0:00,35955,126.9819539,37.5170003,N,,
213,A12185602,신수세양청마루,마포구,신수동,아파트,분양,4,192,아천세양건설,신수구역주택재개발조합,2003-12-15 0:00,26304,126.9368027,37.5477681,N,,
214,A12283601,녹번2차현대아파트(녹번2현대),은평구,녹번동,아파트,분양,2,192,현대산업개발(주),현대산업개발(주),2001-05-24 0:00,24502,126.9246203,37.6051208,N,기업그룹,아이파크현대산업개발(HDC)
215,A13922002,중계진로유통조합아파트(중계진로대림아파트),노원구,중계동,아파트,분양,1,192,대림건설,진로직장주택조합,1992-06-12 0:00,19467,127.0820882,37.6486779,N,기업그룹,DL건설
216,A12009101,홍제남양,서대문구,홍제동,아파트,분양,3,192,남양건설(주),백련연합 재건축 주택조합,1999-09-30 0:00,28849,126.9381745,37.5887933,N,,
217,A12102002,공덕한화꿈에그린,마포구,공덕동,아파트,분양,4,192,한화건설,한화건설,2004-08-30 0:00,31838,126.9554496,37.5471128,N,기업그룹,한화
218,A13783001,방배3차e편한세상,서초구,방배동,아파트,분양,5,192,대림산업(주),주)비젼베이스,2006-03-31 0:00,68971,126.9917515,37.4943275,N,기업그룹,DL이앤씨
219,A12281801,갈현한솔아파트,은평구,갈현동,아파트,분양,1,193,한솔건설(주),한솔건설(주),1997-12-09 0:00,23447,126.9100162,37.6181006,N,,
220,A13114103,묵동금호어울림,중랑구,묵동,아파트,분양,2,193,금호건설,묵동금호어울림아파트,2003-12-03 0:00,28353,127.0800529,37.6127305,N,,
221,A13676501,정릉쌍용,성북구,정릉동,아파트,분양,2,193,쌍용건설,쌍용건설,1999-11-13 0:00,26102,127.0183398,37.5995474,N,기업그룹,쌍용건설
222,A13010001,장안2차현대홈타운,동대문구,장안동,아파트,분양,3,193,현대건설,장안삼사공재견축주택조합,2005-12-20 0:00,29161,127.0715649,37.5685321,N,기업그룹,현대건설
223,A13786704,서초한신플러스타운,서초구,서초동,아파트,분양,2,194,주식회사 한신공영,주식회사 한신공영,2001-12-14 0:00,34040,127.0138848,37.4824547,N,,
224,A13292701,창동성원,도봉구,창동,아파트,분양,2,194,성원건설,성원건설,2001-06-02 0:00,26612,127.0497889,37.660802,N,,
225,A13204502,북한산한신휴플러스,도봉구,창동,아파트,분양,2,194,한신공영(주),오엘디앤씨(주),2007-07-31 0:00,37147,127.0464538,37.654516,N,,
226,A13813002,오금우방,송파구,오금동,아파트,분양,3,196,우방,신범화연립재건축조합,2001-03-12 0:00,29079,127.1395964,37.501501,N,,
227,A13406201,둔촌현대2차,강동구,둔촌동,아파트,분양,2,196,현대건설(주),한국보험공사직장조합,1988-01-29 0:00,19769,127.1408785,37.5300052,N,기업그룹,현대건설
228,A12104001,도화현대,마포구,도화동,아파트,분양,2,196,현대건설,소양재건축조합,1998-09-24 0:00,24729,126.9539119,37.5402834,N,기업그룹,현대건설
229,A15704006,염창우성3차,강서구,염창동,아파트,분양,2,196,우성건설(주),우성건설,1993-01-15 0:00,23276,126.8674295,37.5512975,N,,
230,A15001004,여의도장미,영등포구,여의도동,아파트,분양,2,196,라이프주택(주),라이프주택(주),1978-06-06 0:00,32282,126.9342433,37.5234281,N,,
231,A13610001,정릉우방아파트,성북구,정릉동,아파트,분양,1,196,우방건설,우방건설,1999-07-28 0:00,27327,127.0097457,37.6002122,N,,
232,A12209001,DMC청구아파트,은평구,수색동,아파트,분양,3,196,청구,(주)한국토지신탁,2000-03-16 0:00,26639,126.9014333,37.5811202,N,,
233,A13510003,청담대우유로카운티,강남구,청담동,아파트,분양,4,196,(주)대우건설,(주)대우건설,2004-04-22 0:00,41998,127.0500382,37.5235176,N,기업그룹,대우건설
234,A15384101,현대공무원,금천구,시흥동,아파트,분양,1,197,현대사업개발,현대산업개발,1996-06-24 0:00,21956,126.9106809,37.4540267,N,,
235,A13586101,도곡대림,강남구,도곡동,아파트,분양,2,197,대림건설,법무부 주택조합외 4개주택조합,1992-11-19 0:00,22757,127.040409,37.4866347,N,기업그룹,DL건설
236,A15188801,신림초원,관악구,신림동,아파트,기타,1,197,대양건설(주),sh공사,1999-07-07 0:00,17432,126.9141266,37.4734101,N,,
237,A15603401,경향렉스빌아파트,동작구,상도동,아파트,분양,2,197,경향건설(주),삼진재건축조합,2002-10-15 0:00,33119,126.9422939,37.4952643,N,,
238,A12013001,DMC휴먼빌,서대문구,북가좌동,아파트,분양,4,197,일신건영,,2008-12-23 0:00,30955,126.912154,37.5773849,N,,
239,A13123101,망우신원,중랑구,망우동,아파트,분양,1,198,일해건설,신원건설,1999-03-11 0:00,21697,127.1084773,37.5999879,N,,
240,A13487103,천호코오롱,강동구,천호동,아파트,분양,1,198,코오롱건설,천호재개발조합,1988-11-19 0:00,19014,127.1283799,37.5394858,N,,
241,A13509001,삼성현대,강남구,삼성동,아파트,분양,1,198,현대산업개발,동남아재건축조합,1999-04-16 0:00,28438,127.044375,37.5167109,N,기업그룹,아이파크현대산업개발(HDC)
242,A13580001,개포현대3차,강남구,개포동,아파트,분양,5,198,현대건설(주),현대건설(주),1986-03-31 0:00,33306,127.0613626,37.4878695,N,기업그룹,현대건설
243,A13613001,하월곡아남,성북구,하월곡동,아파트,분양,1,198,아남건설,하월곡동 지역조합,1996-12-03 0:00,22466,127.0347011,37.6056942,N,,
244,A15086601,양평경남2차아너스빌,영등포구,양평동4가,아파트,분양,1,198,(주)경남기업,불이아파트재건축조합,2000-03-11 0:00,26742,126.8962196,37.5357495,N,,
245,A13980401,공릉신성미소지움,노원구,공릉동,아파트,분양,2,198,(주)신성건설,공릉동 한일연립 재건축 조합,2004-06-18 0:00,28345,127.0810608,37.6250356,N,,
246,A12284701,불광대호2차,은평구,불광동,아파트,분양,2,198,(주)대호,불광1동 재건축조합,2000-09-02 0:00,27210,126.9328692,37.6147577,N,,
247,A13985201,월계극동,노원구,월계동,아파트,분양,2,199,극동건설(주),극동건설(주),1996-08-09 0:00,21327,127.0459205,37.6295448,N,,
248,A13812002,마천금호,송파구,마천동,아파트,분양,1,199,금호산업,지하철공사직장조합외연합주택조합,1998-05-29 0:00,25233,127.1533259,37.4947152,N,,
249,A13784102,방배1차이편한세상,서초구,방배동,아파트,분양,3,199,대림건설(주),대림비젼베이스,2003-12-30 0:00,59833,126.9992461,37.4875435,N,기업그룹,DL건설
250,A13527003,우성캐릭터199 아파트,강남구,도곡동,주상복합,분양,2,199,(주)우성건설,(주)우성건설,1998-11-07 0:00,100497,127.0518892,37.4865208,N,,
251,A13120001,면목마젤란21,중랑구,면목동,아파트,분양,3,199,유진건설,유진건설,2007-03-15 0:00,24136,127.0841438,37.5868369,N,,
252,A13780002,신반포한신23차,서초구,반포동,아파트,분양,1,200,한신공영,한신공영,1983-12-27 0:00,13005,127.0011826,37.5094382,N,,
253,A15805105,목동성원,양천구,목동,아파트,분양,2,200,성원건설,(주)목동성원 재건축주택조합,1997-01-25 0:00,24523,126.8693341,37.5264032,N,,
254,A12205001,미미아파트,은평구,갈현동,아파트,분양,2,200,(주) 강산건설,미미주택(주),1997-05-07 0:00,27470,126.913541,37.6189819,N,,
255,A15080402,당산삼익,영등포구,당산동3가,아파트,분양,2,176,삼익,삼익,1979-05-04 0:00,26886,126.8953498,37.5279629,N,,
256,A15083201,도림청구,영등포구,도림동,아파트,분양,1,200,청구건설,"호진제강(주), (주) 청구주택",1997-11-28 0:00,23246,127.1088843,37.549662,N,,
257,A14380202,광장일신워커힐,광진구,광장동,,분양,2,200,,,2013-08-16,16970,127.1088843,37.549662,N,,
258,A15883702,신월서울가든,양천구,신월동,아파트,분양,3,200,삼익건설,삼익건설,1985-05-29 0:00,24595,126.848656,37.5252901,N,,
259,A15703001,코오롱하늘채아파트,강서구,등촌동,아파트,분양,3,200,코오롱글로벌(주),청우주택조합,2003-11-19 0:00,23580,126.8606406,37.554268,N,,
260,A13201202,도봉파크빌3단지,도봉구,도봉동,아파트,분양,3,200,"계룡건설, 유진건설",SH공사,2002-12-02 0:00,28792,127.048658,37.6876334,Y,기업그룹,계룡건설산업
261,A15009503,문래대림,영등포구,문래동5가,주상복합,분양,1,200,대림건설,(주)대림산업,2000-01-28 0:00,24444,126.8880592,37.5170201,N,기업그룹,DL건설
262,A15602002,보라매코오롱하늘채,동작구,대방동,아파트,분양,2,200,코오롱건설,코오롱건설(주),2005-09-16 0:00,27271,126.9231264,37.4985351,N,,
263,A15187101,신림우방,관악구,신림동,아파트,기타,3,201,(주)우방,(주)우방,1999-11-30 0:00,27367,126.9188034,37.4889489,N,,
264,A13204402,창동현대4차아이파크,도봉구,창동,아파트,분양,4,202,현대산업개발(주),(주)플러스건설,2003-05-29 0:00,35064,127.0459487,37.6589076,N,기업그룹,아이파크현대산업개발(HDC)
265,A13292002,창동한신,도봉구,창동,아파트,분양,3,202,(주)한신공영,현대맨션재건축주택조합,2002-07-09 0:00,34385,127.0349775,37.6457291,N,,
266,A15784601,마곡현대아파트,강서구,방화동,아파트,분양,4,202,현대산업개발,강서재건축조합,1999-12-23 0:00,28599,126.8192912,37.5730247,N,기업그룹,아이파크현대산업개발(HDC)
267,A14206302,번동한진,강북구,번동,아파트,분양,2,202,한진중공업,한진중공업,2000-12-29 0:00,23714,127.0446321,37.6248335,N,,
268,A13382802,성수한강한신,성동구,성수동2가,아파트,분양,2,202,한신공영,한신공영,2000-09-19 0:00,29037,127.0527166,37.5358423,N,,
269,A15704007,염창1차보람더하임아파트,강서구,염창동,아파트,기타,4,202,보람건설(주),보람건설(주),2008-01-10 0:00,33625,126.8703148,37.5516408,N,,
270,A13986702,삼창타워프라자,노원구,중계동,주상복합,분양,1,203,삼창산업개발(주),삼창산업개발(주),1997-03-14 0:00,31297,127.0726659,37.6589806,N,,
271,A15180701,봉천벽산타운2차,관악구,봉천동,아파트,분양,1,203,벽산건설,봉천동양연립재건축조합,2003-06-12 0:00,30975,126.9460383,37.49251,N,,
272,A13485401,암사동한솔아파트,강동구,암사동,아파트,분양,4,203,한솔건설,샘하우징,2002-01-29 0:00,28932,127.1403182,37.5520769,N,,
273,A13484201,성내1차e-편한세상,강동구,성내동,아파트,분양,3,203,삼호건설,삼호건설,2003-11-14 0:00,31451,127.1309281,37.5332423,N,기업그룹,DL건설
274,A13501001,동양파라곤,강남구,논현동,아파트,분양,4,203,동양고속건설주식회사,동양고속건설주식회사,2004-06-02 0:00,70291,127.0381516,37.5147528,N,,
275,A15701002,우장산에스케이뷰,강서구,화곡동,아파트,분양,2,203,,,2006-10-26 0:00,33248,126.8430656,37.5481674,N,,
276,A14319005,자양한강현대,광진구,자양동,아파트,분양,2,204,고려산업개발(주),한마음지역연합주택,1993-11-20 0:00,24323,127.066837,37.5330936,N,,
277,A13607301,안암삼익,성북구,안암동3가,아파트,분양,3,204,삼익건설,삼익주택,1983-06-14 0:00,29564,127.0248881,37.5818996,N,,
278,A12201001,대주피오레아파트,은평구,응암동,아파트,분양,2,204,대주건설,대주건설,2003-11-28 0:00,35283,126.9236175,37.5867673,N,,
279,A15288802,신도림대림3차,구로구,신도림동,아파트,분양,3,204,20220321,대림산업,2001-09-20 0:00,31420,126.8783359,37.5070754,N,,
280,A15283702,고척우성꿈동산,구로구,고척동,아파트,분양,3,204,우성건설,우성건설,1996-02-17 0:00,29952,126.8659412,37.5033206,N,,
281,A13204001,창동대림,도봉구,창동,아파트,분양,4,205,31385,(주)삼호,2003-10-08 0:00,29860,127.045737,37.6534648,N,,
282,A13201203,도봉극동아파트,도봉구,도봉동,아파트,분양,2,205,극동건설(주),극동건설(주),1991-12-19 0:00,22949,127.0496186,37.6825214,N,,
283,A15004501,당산성원아파트,영등포구,당산동5가,아파트,분양,2,205,성원건설,조합,1997-10-01 0:00,25867,126.8991652,37.5346101,N,,
284,A15807202,신정명지해드는터,양천구,신정동,아파트,분양,2,205,(주)명지건설,(주)명지건설,2003-11-19 0:00,22711,126.8723424,37.5188309,N,,
285,A15722102,개화산동부센트레빌,강서구,방화동,아파트,분양,4,205,동부건설(주),동부건설(주),2003-02-24 0:00,26755,126.8061003,37.5732767,N,,
286,A13204503,창동현대,도봉구,창동,아파트,분양,2,205,현대건설(주),한국산업은행연합직장주택조합,2000-05-08 0:00,19197,127.0408817,37.6557963,N,기업그룹,현대건설
287,A15210103,동부2차아파트,구로구,오류동,아파트,분양,2,205,동부건설(주),돌타운재건축조합동부건설,1999-03-30 0:00,29220,126.8487072,37.4971316,N,,
288,A12201101,신동아아파트,은평구,응암동,아파트,분양,2,206,동아건설,응암5구역주택개량재개발조합,1990-09-22 0:00,15547,126.923497,37.5969983,N,,
289,A15681103,대방우정,동작구,대방동,아파트,분양,2,206,(주) 우정건설,(주) 태욱건설,1999-01-22 0:00,26306,126.9301341,37.5142635,N,,
290,A13508004,역삼동부센트레빌,강남구,역삼동,아파트,분양,1,206,동부건설(주),선릉123지여구택조합,1998-04-21 0:00,25649,127.0493831,37.5024446,N,,
291,A15701601,우장산롯데3차,강서구,화곡동,아파트,분양,4,206,롯데기공,롯데,2004-08-06 0:00,30176,126.8469523,37.5526254,N,,
292,A15881601,목동극동늘푸른,양천구,목동,아파트,분양,2,206,극동건설(주),목동연합재건축,1998-10-30 0:00,28282,126.8714519,37.5385437,N,,
293,A15786408,삼정그린코아,강서구,염창동,아파트,분양,3,206,삼정건설,대동환경연립연립기산연립주택조합,2001-05-31 0:00,36067,126.8751245,37.5476791,N,,
294,A15704009,염창벽산늘푸른,강서구,염창동,아파트,분양,2,206,벽산건설(주),한국산업은행염창주택조합외3개조합,1998-11-05 0:00,23813,126.8661662,37.5580776,N,,
295,A15785703,마곡한숲대림아파트,강서구,방화동,아파트,분양,3,206,대림산업(주),대림산업(주),1999-08-16 0:00,25896,126.8175188,37.5771877,N,기업그룹,DL이앤씨
296,A12187902,건영월드컵,마포구,중동,아파트,분양,2,206,(주) 건영,성사2차 재건축조합,2002-11-01 0:00,31108,126.9117669,37.5688306,N,,
297,A13782902,현대멤피스아파트,서초구,방배동,아파트,분양,5,206,현대산업개발,방배본 이수아파트 지구개발조합,2001-09-26 0:00,55980,126.9892632,37.4940815,N,기업그룹,아이파크현대산업개발(HDC)
298,A13816101,송파동부센트레빌,송파구,가락동,아파트,분양,4,206,동부건설,동부건설,2004-12-15 0:00,29358,127.1092616,37.5004853,N,,
299,A13981001,상계불암대림제2,노원구,상계동,아파트,임대,1,206,대림산업,대림산업,2000-03-28 0:00,10895,127.0779474,37.6639068,N,기업그룹,DL이앤씨
300,A15284204,구로성호주상복합,구로구,구로동,주상복합,분양,1,206,성호건설(주),성호건설(주),2002-05-06 0:00,15520,126.891368,37.4969204,N,,
301,A15303502,관악산신도브래뉴,금천구,시흥동,아파트,분양,2,206,신도건설,삼천리 별장빌라 재건축조합,2006-11-28 0:00,28839,126.9106575,37.4479487,N,,
302,A13790706,잠원한신로얄,서초구,잠원동,아파트,분양,2,208,(주)한신공영,서울시지하철조합,1992-06-23 0:00,23733,127.009318,37.5135903,N,,
303,A12101001,서서울삼성아파트,마포구,아현동,아파트,분양,2,208,삼성중공업(주),재건축조합,1998-10-08 0:00,23813,126.9591333,37.5563617,N,,
304,A14319201,현대강변,광진구,자양동,아파트,분양,2,208,현대건설,현대건설,1991-12-10 0:00,22658,127.0856424,37.5283974,N,기업그룹,현대건설
305,A15209303,대상,구로구,개봉동,아파트,분양,2,208,재건축조합,대상건설,1999-06-26 0:00,25770,126.8497887,37.4823243,N,,
306,A13307201,행당브라운스톤,성동구,행당동,아파트,분양,3,208,이수건설,이수건설,2005-09-01 0:00,30055,127.029416,37.5589247,N,,
307,A14088201,시티파크2단지,용산구,한강로3가,주상복합,분양,2,208,롯데건설,세계일보,2007-08-21 0:00,70638,126.9698845,37.5261643,N,기업그룹,롯데건설
308,A14282301,미아2동경남아너스빌,강북구,미아동,아파트,분양,4,208,경남기업(주),리누건설(주),2008-01-25 0:00,27344,127.0191154,37.6287523,N,,
309,A12220001,은평뉴타운상림마을6단지 제1아파트(8단지 푸르지오),은평구,진관동,아파트,기타,5,208,대우푸르지오,SH공사,2008-05-14 0:00,31991,126.9328208,37.6499688,N,,
310,A15882006,목동현대2차,양천구,목동,아파트,분양,1,209,현대산업개발,현대산업개발,1996-07-06 0:00,23984,126.8717412,37.5234632,N,기업그룹,아이파크현대산업개발(HDC)
311,A15722104,마곡청구아파트,강서구,방화동,아파트,분양,3,209,청구,방화동 청구 연합 주택 조합,1998-02-20 0:00,25359,126.8219282,37.5729601,N,,
312,A13613002,월곡2SHville임대,성북구,하월곡동,아파트,임대,1,209,성원건설,sh공사,2008-10-16 0:00,15496,127.0417743,37.5975546,N,,
313,A15885303,신정대림,양천구,신정동,아파트,분양,2,210,대림산업(주),대림산업(주),1992-11-20 0:00,22743,126.8740132,37.5178406,N,기업그룹,DL이앤씨
314,A13816001,가락현대5차,송파구,가락동,아파트,분양,3,210,현대산업개발,현대시멘트조합주택,1986-12-16 0:00,21361,127.1310772,37.4995774,N,기업그룹,아이파크현대산업개발(HDC)
315,A12185603,신수현대,마포구,신수동,아파트,분양,2,210,현대,현대,1996-09-14 0:00,23814,126.9370025,37.5430889,N,기업그룹,현대건설
316,A15380101,가산삼익아파트,금천구,가산동,아파트,분양,2,210,삼익건설,삼익건설,1998-07-21 0:00,27875,126.8929933,37.4729051,N,,
317,A12123001,망원휴먼빌아파트,마포구,망원동,아파트,분양,2,210,일신건영(주),망원연립재건축주택조함일신건영(주),2004-07-30 0:00,23720,126.898736,37.5586582,N,,
318,A13528001,대치대우아이빌4차,강남구,대치동,주상복합,분양,1,210,대우건설,"맘모스산업개발,k2Enc",2004-02-23 0:00,25697,127.0538874,37.5051358,N,기업그룹,대우건설
319,A13922901,중계현대1차,노원구,중계동,아파트,분양,3,211,현대건설,현대건설,1993-11-25 0:00,23324,127.0849795,37.6486998,N,기업그룹,현대건설
320,A13586102,도곡현대,강남구,도곡동,아파트,분양,3,211,현대산업개발,현대산업개발,1994-12-30 0:00,25346,127.0387604,37.4892623,N,기업그룹,아이파크현대산업개발(HDC)
321,A15609002,사당삼호그린,동작구,사당동,아파트,분양,1,211,(주)삼호건설,그린재건축조합,1999-10-16 0:00,27672,126.9653347,37.4860661,N,기업그룹,DL건설
322,A15786510,염창한강동아(2차),강서구,염창동,아파트,분양,3,212,동아건설산업(주),염창동한강연립재건축주택조합,1998-07-21 0:00,31046,126.8742629,37.5540431,N,,
323,A15209304,영화 아이닉스,구로구,개봉동,아파트,분양,2,212,영화건설,영화건설,2005-09-30 0:00,31875,126.8492712,37.4828153,N,,
324,A13285503,방학동양크레오,도봉구,방학동,아파트,분양,4,212,동양고속건설,크레오건설,2004-12-15 0:00,30396,127.0302398,37.6645568,N,,
325,A13593901,개포자이아파트,강남구,개포동,아파트,분양,4,212,화엄건설(주),LG건설,2004-06-17 0:00,60359,127.0766243,37.4962963,N,,
326,A15004502,당산디오빌,영등포구,당산동5가,주상복합,분양,1,212,대우건설(주),강남상가 재건축조합,2005-02-22 0:00,21716,126.9022713,37.5332373,N,기업그룹,대우건설
327,A13677807,정릉우정에쉐르,성북구,정릉동,아파트,분양,3,212,(주)우정건설,정릉북악재건축조합,2009-04-16 0:00,32731,127.0107566,37.6001332,N,,
328,A15010304,양평삼호,영등포구,양평동3가,아파트,분양,1,213,대림,조합,1998-05-08 0:00,26900,126.8927894,37.528336,N,기업그룹,DL이앤씨
329,A13986201,중계우성3차,노원구,중계동,아파트,분양,2,213,우성건설,우성건설,1999-06-26 0:00,25755,127.0730455,37.6524246,N,,
330,A15005102,신기목련,영등포구,신길동,아파트,기타,2,213,우정건설 주식회사,도시개발 공사,2000-07-11 0:00,15140,126.9150295,37.5083649,N,,
331,A13204301,초안산신도브래뉴,도봉구,창동,아파트,분양,2,213,신도건설,신도건설,2005-10-28 0:00,28020,127.0425663,37.6334333,N,,
332,A15102202,신림동부센트레빌,관악구,신림동,아파트,분양,4,213,동부건설,삼천리난우연립재건축조합,2006-04-24 0:00,33472,126.9163206,37.4732059,N,,
333,A15722304,치현마을동일스위트리버아파트,강서구,방화동,아파트,분양,3,213,동일,동일,2004-12-23 0:00,21770,126.8158189,37.579321,N,,
334,A12086001,홍제태영으뜸,서대문구,홍제동,아파트,분양,1,214,태영(주),홍제3동 27통 재건축조합,1998-07-31 0:00,26525,126.9466544,37.5935653,N,,
335,A13510202,청담2차현대아파트,강남구,청담동,아파트,분양,2,214,현대산업개발,1,1988-05-30 0:00,23748,127.0407663,37.5215554,N,기업그룹,아이파크현대산업개발(HDC)
336,A15005602,신길우창,영등포구,신길동,아파트,분양,2,214,우창건설(주),우창건설,1983-08-17 0:00,18782,126.9123051,37.4973055,N,,
337,A14319302,자양우방리버파크,광진구,자양동,아파트,분양,3,214,(주) 우방,자양제일은행직장주택조합외3,2003-10-14 0:00,28666,127.0705581,37.531148,N,,
338,A15381303,독산현대,금천구,독산동,주상복합,분양,2,214,현대건설,현대건설,1999-08-20 0:00,24925,126.8950063,37.4674692,N,기업그룹,현대건설
339,A13980402,공릉건영장미,노원구,공릉동,아파트,분양,2,215,0,(주)건영,1999-04-24 0:00,28928,127.0753286,37.6292718,N,,
340,A13920202,상계코오롱,노원구,상계동,아파트,분양,3,215,코오롱,코오롱,1997-12-29 0:00,26845,127.0699176,37.6526723,N,,
341,A13813003,오금삼성,송파구,오금동,아파트,분양,2,215,삼성물산,삼성주택조합,1989-05-15 0:00,22540,127.1390705,37.4964677,N,기업그룹,삼성물산
342,A13812003,금호어울림1차,송파구,마천동,아파트,분양,3,215,금호산업주식회사,금호산업주식회사,2002-03-26 0:00,34991,127.1548193,37.4982315,N,,
343,A15883803,신월대림,양천구,신월동,아파트,분양,2,215,(주)삼호,(주)삼호,2001-10-26 0:00,28844,126.8448771,37.52371,N,기업그룹,DL건설
344,A13707003,서초대우아이빌,서초구,서초동,주상복합,분양,1,215,대우건설,(주)리얼티투자개발,2003-03-13 0:00,17900,127.0175669,37.4942468,N,기업그룹,대우건설
345,A15809502,수명산롯데캐슬,양천구,신월동,아파트,기타,3,215,롯데건설,조합,2008-06-27 0:00,30800,126.8284979,37.5445455,N,기업그룹,롯데건설
346,A15781201,강서센트레빌4차,강서구,공항동,아파트,기타,3,215,동부건설,공항연립재건축조합,2009-11-04 0:00,31164,126.808144,37.5606079,N,,
347,A14281701,현대성우,강북구,미아동,주상복합,분양,2,216,현대 성우건설,양지연립주택조함,1998-10-27 0:00,33287,127.0221097,37.6170268,N,,
348,A13920102,상계수락현대,노원구,상계동,아파트,분양,2,216,현대건설,삼성제4직장 주택조합,1995-09-28 0:00,25256,127.0599531,37.6753305,N,기업그룹,현대건설
349,A15105002,봉천인헌아파트,관악구,봉천동,아파트,기타,3,216,s.h공사,sh,1998-10-22 0:00,17200,126.9625656,37.4680743,N,,
350,A13009202,휘경동일하이빌,동대문구,휘경동,아파트,분양,7,216,(주)동일토건,휘경49재건축조합,2005-10-05 0:00,33352,127.0734291,37.5818757,N,,
351,A13508005,역삼한스빌아파트,강남구,역삼동,아파트,분양,1,216,한일합섬,한일합섬,1996-11-26 0:00,17709,127.0330105,37.4919817,N,,
352,A13183502,면목삼익,중랑구,면목동,아파트,분양,3,216,삼익주택,강호연립재건조합,1997-12-20 0:00,32693,127.0796017,37.5752236,N,,
353,A15086702,삼호한숲,영등포구,양평동4가,아파트,분양,2,216,진흥연립재건축조합,(주)삼호건설,2000-02-29 0:00,27738,126.89376,37.5368785,N,,
354,A15205001,우리유앤미,구로구,구로동,아파트,분양,2,216,(주)우리건설,(주)우리건설,2004-11-12 0:00,26940,126.8817971,37.4966164,N,,
355,A13382502,성수현대,성동구,성수동1가,아파트,분양,3,217,현대건설(주),현대건설(주),1990-09-22 0:00,21431,127.0409089,37.548195,N,기업그룹,현대건설
356,A15807204,신정현대,양천구,신정동,아파트,분양,1,217,현대산업개발,현대산업개발,1995-07-31 0:00,28671,126.8744771,37.5171463,N,기업그룹,아이파크현대산업개발(HDC)
357,A13510203,청담래미안,강남구,청담동,아파트,분양,2,217,삼성물산(주),삼성물산(주),1999-10-29 0:00,36812,127.0427658,37.5179137,N,기업그룹,삼성물산
358,A13380901,브라운스톤금호아파트,성동구,금호동4가,아파트,분양,5,217,이수건설,(주)갑조건설,2007-03-30 0:00,32531,127.0154576,37.5468722,N,,
359,A13608601,보문아남,성북구,보문동6가,아파트,분양,3,218,아남건설,호웅건설,1994-10-10 0:00,25716,127.0173522,37.5812555,N,,
360,A15009603,문래대원,영등포구,문래동6가,아파트,분양,3,218,(주)대원,(주)대원,1998-10-28 0:00,29057,126.8827818,37.5186203,N,,
361,A15210104,오류라인,구로구,오류동,아파트,분양,1,218,라인건설(주),라인건설,1995-12-30 0:00,27613,126.8470682,37.4966587,N,,
362,A13381902,성수현대그린,성동구,성수동1가,아파트,분양,1,219,현대건설,현대건설,1994-02-04 0:00,26446,127.0504495,37.5407018,N,기업그룹,현대건설
363,A15010601,양평한솔,영등포구,양평동6가,아파트,분양,2,219,(주)한솔,(주)한솔,1999-09-01 0:00,30702,126.8878627,37.5444139,N,,
364,A12112001,밤섬현대,마포구,현석동,아파트,분양,2,219,현대건설,경남빌라 제건축조합,1999-07-26 0:00,29368,126.9326689,37.5426551,N,기업그룹,현대건설
365,A15081201,대림성원,영등포구,대림동,아파트,분양,2,220,성원건설,연합직장 주택조합,1995-10-18 0:00,31655,126.8965839,37.5037835,N,,
366,A13202304,대원그린아파트,도봉구,방학동,아파트,분양,2,220,대백건설,(주)대원종합건설,1987-06-29 0:00,15229,127.0281276,37.6628505,N,,
367,A11087601,롯데캐슬천지인,종로구,숭인동,주상복합,분양,2,220,롯데건설,롯데건설,2004-09-09 0:00,38416,127.0161891,37.5738554,N,기업그룹,롯데건설
368,A13184804,묵동신도1차,중랑구,묵동,아파트,분양,2,221,신도종합건설,수정연립재건축조합,1998-10-15 0:00,29612,127.0775863,37.6168885,N,,
369,A15784402,등촌태진아름,강서구,등촌동,아파트,분양,3,221,태진건설,"신성주택,성우주택",1995-09-15 0:00,27895,126.8616805,37.5493953,N,,
370,A13383301,성수우방2차,성동구,성수동2가,아파트,분양,1,221,우방건설,우방건설,1999-12-08 0:00,27354,127.051583,37.5484064,N,,
371,A13484501,둔촌역청구아파트,강동구,성내동,아파트,분양,2,222,(주)청구주택,둔촌역지역주택조합,1999-03-11 0:00,21637,127.1331875,37.52945,N,,
372,A15783703,등촌대림e편한세상,강서구,등촌동,아파트,분양,4,222,(주)삼호,"무궁화,동아,등촌연합단지 재건축 조합",2002-05-18 0:00,36672,126.8626523,37.5421283,N,기업그룹,DL건설
373,A13610003,정릉힐스테이트1차아파트,성북구,정릉동,아파트,분양,3,222,현대건설,프리모,2007-05-18 0:00,34660,127.0175261,37.6001991,N,기업그룹,현대건설
374,A13706001,방배아크로리버,서초구,방배동,주상복합,분양,4,222,대림산업(주),CIT산업개발(주),2004-11-24 0:00,59601,126.9844585,37.4978313,N,기업그룹,DL이앤씨
375,A15609301,사당롯데캐슬,동작구,사당동,아파트,분양,4,223,롯데건설(주),남성재건축조합,2004-09-22 0:00,31057144,126.9714969,37.4901983,N,기업그룹,롯데건설
376,A13780402,반포현대동궁,서초구,반포동,아파트,분양,1,224,현대건설,현대건설,1991-07-20 0:00,22638,127.0020963,37.5003957,N,기업그룹,현대건설
377,A15882107,목동금호1차,양천구,목동,아파트,분양,2,224,금호건설(주),동구연합재건축조합,1997-10-04 0:00,28280,126.8746695,37.5252791,N,,
378,A13486601,천호한신,강동구,천호동,아파트,분양,2,224,(주)장안건설주택조합,한신공영,1991-03-30 0:00,20137,127.1348466,37.5457708,N,,
379,A15722203,방화신동아,강서구,방화동,아파트,분양,2,224,신동아건설,강서지역 주택조합,1995-12-16 0:00,24303,126.8157168,37.569926,N,,
380,A13612001,상월곡우남,성북구,상월곡동,아파트,분양,2,225,우남주택,우남주택,1994-12-24 0:00,31233,127.0466414,37.6059521,N,,
381,A13080401,신답극동아파트,동대문구,답십리동,아파트,분양,2,225,극동건설,극동건설,1987-08-04 0:00,21653,127.0441344,37.5726992,N,,
382,A13080702,신답경남아파트,동대문구,답십리동,아파트,분양,1,225,대우경남,답십리 6구역 재개발지역,1991-06-19 0:00,21968,127.0445899,37.5748075,N,,
383,A15601002,보라매아카데미타워아파트,동작구,신대방동,주상복합,분양,1,225,라성건설,주은부동산신탁,1998-08-17 0:00,40411,126.9241097,37.4913255,N,,
384,A13185402,묵동한국,중랑구,묵동,아파트,분양,2,225,한국종건,한국종건,1999-06-03 0:00,33230,127.0734985,37.6143473,N,,
385,A15791001,화곡유림노르웨이숲,강서구,화곡동,주상복합,분양,1,225,유림건설,유림,2004-09-16 0:00,31335,126.8434354,37.5301491,N,,
386,A13402204,강변그대가리버뷰,강동구,천호동,아파트,분양,5,225,임광토건(주),(주)디씨엠하우징,2007-02-16 0:00,33231,127.1233659,37.5483376,N,,
387,A13482801,명일현대,강동구,명일동,아파트,분양,2,226,(주)현대산업개발,아남산업 외9개조합주택,1988-10-04 0:00,24362,127.1488477,37.5485038,N,기업그룹,아이파크현대산업개발(HDC)
388,A13486705,천호중앙하이츠,강동구,천호동,아파트,분양,1,226,중앙건설,천호도화신흥연립재건축조합,1998-12-04 0:00,32516,127.1302233,37.5472957,N,,
389,A13813004,가락상아1차,송파구,오금동,아파트,분양,3,226,동성건설,동성건설,1984-12-12 0:00,44893,127.1353505,37.4985637,N,,
390,A14019001,후암미주,용산구,후암동,아파트,분양,5,226,라이프주택,라이프주택,1980-07-22 0:00,16910,126.9757889,37.55185,N,,
391,A14082601,신동아아파트,용산구,보광동,아파트,분양,2,226,신동아건설(주),신동아건설(주),1992-09-19 0:00,26776,127.0020509,37.5258366,N,,
392,A12180404,공덕삼성임대,마포구,공덕동,아파트,임대,1,226,삼성건설,삼성건설,1999-10-16 0:00,13392,126.950904,37.5480749,N,기업그룹,삼성물산
393,A13817101,송파호수임광,송파구,송파동,아파트,분양,2,227,남광토건,조합,1995-10-17 0:00,28268,127.1074518,37.5105889,N,,
394,A15101901,신림금호타운1차,관악구,신림동,아파트,분양,2,227,금호건설주식회사,경원연립재건축조합,1997-05-02 0:00,28344,126.9376896,37.4651363,N,,
395,A14206001,번동삼성,강북구,번동,아파트,분양,1,228,삼성물산(주),삼성직장주택조합,1998-12-03 0:00,25037,127.0318985,37.6414469,N,기업그룹,삼성물산
396,A13006001,제기경동미주,동대문구,제기동,아파트,분양,3,228,라이프주택,재건축,1977-06-30 0:00,24002,127.0355,37.5792417,N,,
397,A15788901,화곡미성,강서구,화곡동,아파트,분양,3,228,(주)라이프,(주)라이프,1987-05-02 0:00,28382,126.8447262,37.5360506,N,,
398,A13080801,답십리대림,동대문구,답십리동,아파트,분양,3,228,대림산업(주),대림산업(주),2003-01-08 0:00,28972,127.0634237,37.5706382,N,기업그룹,DL이앤씨
399,A12208002,신사이랜드타운,은평구,신사동,아파트,분양,3,228,이랜드건설,이랜드건설,2004-05-28 0:00,26579,126.904003,37.5904992,N,,
400,A15303102,시흥베르빌,금천구,시흥동,아파트,분양,2,229,(주)건설알포메,"오성,혜성,태평연립 재건축조합",2004-05-25 0:00,32458,126.897555,37.457587,N,,
401,A13920501,상계금호타운,노원구,상계동,아파트,분양,2,230,금호건설,조합,1995-05-19 0:00,28844,127.0688307,37.6672856,N,,
402,A13983803,상계대림e-편한세상,노원구,상계동,아파트,분양,2,230,(주)삼호,(주)삼호,2002-07-19 0:00,30128,127.0508626,37.6748543,N,기업그룹,DL건설
403,A15807205,롯데캐슬,양천구,신정동,아파트,분양,4,230,롯데건설,동일 대흥 유진재건축조합,2004-11-30 0:00,40695,126.874888,37.5198784,N,기업그룹,롯데건설
404,A13527004,도곡삼성,강남구,도곡동,아파트,분양,4,231,삼성건설,삼성생명보험(주),1994-12-30 0:00,22031,127.0469594,37.4887551,N,기업그룹,삼성물산
405,A13003402,세양청마루,동대문구,답십리동,아파트,분양,3,231,세양건설산업(주),(주)피플앤하우스,2005-04-27 0:00,32752,127.065531,37.5735797,N,,
406,A13406003,둔촌하이츠,강동구,둔촌동,아파트,분양,1,232,중앙건설(주),청수연립재건축조합,1998-05-01 0:00,31100,127.1424221,37.5295514,N,,
407,A13580601,개포우성9차,강남구,개포동,아파트,분양,2,232,우성건설,우성건설,1991-01-25 0:00,25406,127.057256,37.4848288,N,,
408,A13486102,천호금호,강동구,천호동,아파트,분양,1,232,금호건설,금호건설,1987-06-13 0:00,10138,127.142214,37.5448169,N,,
409,A14386802,자양경남,광진구,자양동,아파트,분양,2,232,경남기업(주),경남,1999-06-01 0:00,30690,127.0789282,37.5291422,N,,
410,A13527005,현대비전21,강남구,도곡동,주상복합,분양,1,232,ㅁ,ㅁ,1999-11-30 0:00,42432,127.0513325,37.4873651,N,,
411,A15007002,신대림한솔솔파크,영등포구,대림동,아파트,분양,5,233,한솔건설(주),(주) 모아디앤씨,2008-09-30 0:00,34345,126.8995138,37.4873594,N,,
412,A15303103,시흥성지,금천구,시흥동,아파트,분양,2,233,성지건설(주),성지건설(주),1986-08-13 0:00,23439,126.8979308,37.4509225,N,,
413,A13882402,문정푸르지오1차,송파구,문정동,아파트,분양,4,233,대우,주택조합,1999-10-20 0:00,30284,127.1281123,37.4868865,N,기업그룹,대우건설
414,A13905202,월계흥화브라운빌,노원구,월계동,아파트,분양,4,233,흥화공업,흥화공업,2004-09-24 0:00,31045,127.0439797,37.6316871,N,,
415,A13981402,상계청암1단지,노원구,상계동,아파트,분양,5,234,대림산업(주)외,서울특별시도시개발공사,2001-06-07 0:00,34025,127.0801114,37.6661444,Y,기업그룹,DL이앤씨
416,A13113001,신내동성7차,중랑구,신내동,주상복합,분양,1,235,(주)동성,(주)동성,1999-04-27 0:00,36477,127.0975415,37.6063234,N,,
417,A13481802,둔촌현대4차,강동구,둔촌동,아파트,분양,2,235,현대산업개발,현대산업개발,1996-02-29 0:00,27334,127.1441487,37.5299686,N,기업그룹,아이파크현대산업개발(HDC)
418,A14319006,자양2차현대,광진구,자양동,아파트,분양,1,235,현대산업개발,총무처조합아파트,1995-04-22 0:00,28557,127.070339,37.534323,N,기업그룹,아이파크현대산업개발(HDC)
419,A12013201,DMC두산위브,서대문구,북가좌동,아파트,분양,4,235,두산중공업,포레빌,2007-02-26 0:00,34379,126.9172378,37.5802688,N,기업그룹,두산에너빌리티
420,A15809402,신월삼정그린뷰,양천구,신월동,아파트,분양,3,236,한강연립재건축조합,신나래토건,2005-12-28 0:00,23196,126.8385961,37.5228362,N,,
421,A15102902,신림건영4차,관악구,신림동,아파트,분양,3,236,(주)건영종합건설,송파지구연예인지역주택조합,1997-05-23 0:00,28599,126.9331042,37.4803869,N,,
422,A13203202,쌍문청구,도봉구,쌍문동,아파트,분양,3,236,쌍문주택조합,청구,1996-07-18 0:00,28971,127.0343792,37.659774,N,,
423,A12009302,인왕산벽산아파트,서대문구,홍제동,아파트,분양,2,236,벽산건설,벽산건설,2003-06-20 0:00,30535,126.948372,37.5921958,N,,
424,A13887301,풍납신성노바빌,송파구,풍납동,아파트,분양,2,236,신성,신성,2000-09-30 0:00,31155,127.1166573,37.5384921,N,,
425,A13610102,길음뉴타운10단지,성북구,정릉동,아파트,기타,3,236,라온건설,정릉1동제일주택재건축정비사업조합,2008-10-08 0:00,48073,127.0182647,37.6033174,N,,
426,A13603501,돈암동일하이빌,성북구,동소문동5가,주상복합,분양,2,236,동일하이빌,돈암동일,2006-04-28 0:00,47087,127.0144138,37.5916299,N,,
427,A12005001,냉천동부센트레빌,서대문구,냉천동,아파트,분양,3,237,동부건설,냉천동 재개발조합,2002-03-21 0:00,34456,126.9598553,37.5663309,N,,
428,A13980403,공릉삼익2차,노원구,공릉동,아파트,분양,2,237,삼익건설,삼익건설,2004-04-29 0:00,31919,127.0806513,37.6260069,N,,
429,A13790707,잠원현대,서초구,잠원동,아파트,분양,2,238,현대건설,현대건설,1993-04-23 0:00,28092,127.0127219,37.518469,N,기업그룹,현대건설
430,A12208203,신성아파트,은평구,신사동,아파트,분양,2,238,신성건설,신성,1988-06-30 0:00,22134,126.9050321,37.5897887,N,,
431,A13009101,휘경롯데낙천대,동대문구,휘경동,아파트,분양,2,239,(주)롯데건설,휘경15통재건축주택조합,2003-07-15 0:00,40606,127.063941,37.5917499,N,기업그룹,롯데건설
432,A12188201,신촌금호,마포구,창전동,아파트,분양,3,239,금호건설,금호건설,2001-03-30 0:00,24124,126.932068,37.5528146,N,,
433,A13790708,잠원녹원한신,서초구,잠원동,아파트,분양,2,240,한신공영,잠원연합조합,1995-09-22 0:00,28716,127.0113336,37.5120919,N,,
434,A13401002,길동신동아3차,강동구,길동,아파트,분양,3,240,(주)신동아건설,(주)신동아건설,1983-12-17 0:00,22705,127.1481967,37.541225,N,,
435,A12009303,홍제현대그린,서대문구,홍제동,아파트,분양,2,240,현대건설,주택조합,1996-07-22 0:00,28707,126.9491411,37.5892439,N,기업그룹,현대건설
436,A12182401,망원2차대림,마포구,망원동,아파트,분양,3,240,(주)삼호,대림산업(주),2002-12-18 0:00,34633,126.8994031,37.557296,N,기업그룹,DL건설
437,A15205301,구로신성미소지움,구로구,구로동,아파트,분양,4,240,신성건설(주),남부아파트 재건축조합,2003-12-04 0:00,29581,126.8967361,37.4797919,N,,
438,A13980903,불암산센트럴아파트,노원구,상계동,아파트,분양,2,240,성림산업(주),성림산업(주),2006-06-08 0:00,23042,127.0809553,37.6725714,N,,
439,A15805501,목동부영그린타운2차,양천구,목동,주상복합,분양,1,240,동광주택산업주택,(주)부영,2000-05-25 0:00,93097,126.8811222,37.5363537,N,,
440,A13086701,청량리현대,동대문구,청량리동,아파트,분양,3,241,현대건설,현대건설,1987-06-16 0:00,29891,127.0463246,37.5850545,N,기업그룹,현대건설
441,A15703002,등촌대동황토방,강서구,등촌동,아파트,분양,3,241,(주)대동,등촌동 홍익연립 재건축주택조합,2000-07-27 0:00,35497,126.8622572,37.5559295,N,,
442,A13316001,서울숲아이파크,성동구,송정동,아파트,기타,6,241,시간선택,현대산업개발,2009-03-12 0:00,41384,127.0688097,37.5525834,N,,
443,A13790709,신반포한신19차,서초구,잠원동,아파트,분양,2,242,한신공영(주),한신공영(주),1982-12-31 0:00,26752,127.0101762,37.5142264,N,,
444,A12009201,홍제성원아파트,서대문구,홍제동,아파트,분양,3,242,성원산업개발(주),태진연립주택조합,1998-05-11 0:00,32437,126.9494371,37.5887167,N,,
445,A14082302,보광삼성리버빌,용산구,보광동,아파트,분양,2,242,삼성중공업,주택조합,2000-10-31 0:00,31765,127.0008993,37.5243671,N,,
446,A13186503,신내석탑,중랑구,신내동,아파트,분양,2,242,석탑건설,석탑건설,1997-01-31 0:00,27401,127.1011542,37.6037095,N,,
447,A15882008,목동현대1차,양천구,목동,아파트,분양,3,242,현대건설(주),목동연합주택조합,1997-12-06 0:00,26145,126.8727061,37.5259957,N,기업그룹,현대건설
448,A14381504,광장동금호베스트빌,광진구,광장동,아파트,분양,4,242,(주)금호건설,(주)금호건설,2001-06-18 0:00,32607,127.0940234,37.5437571,N,,
449,A13885301,송파현대1차,송파구,송파동,아파트,분양,2,243,현대건설(주),현대건설(주),1997-05-16 0:00,30454,127.1178187,37.5034908,N,기업그룹,현대건설
450,A14003001,동부이촌동우성,용산구,이촌동,아파트,분양,2,243,우성건설(주),공무원 조합,1995-12-23 0:00,30398,126.9692144,37.5216674,N,,
451,A12188202,창전현대홈타운,마포구,창전동,아파트,분양,5,243,현대건설(주),창전동지역주택조합,2005-08-18 0:00,31535,126.9318441,37.5507951,N,기업그룹,현대건설
452,A15783905,등촌삼성한사랑,강서구,등촌동,아파트,분양,3,244,삼성중공업,삼성중공업,1997-12-17 0:00,29060,126.863892,37.5552044,N,,
453,A14206201,오동공원현대홈타운,강북구,번동,아파트,분양,3,245,현대건설,현대건설,2001-09-11 0:00,40615,127.035615,37.6315389,N,기업그룹,현대건설
454,A14319303,자양현대홈타운10차,광진구,자양동,아파트,분양,6,245,현대건설,현대건설,2002-10-30 0:00,37340,127.0705101,37.5334548,N,기업그룹,현대건설
455,A15280303,개봉거성푸르뫼2차아피트,구로구,개봉동,아파트,분양,3,245,(주)거성주택,부성주택(주),1994-07-02 0:00,35135,126.8437766,37.5001509,N,,
456,A15208202,고척삼익1단지,구로구,고척동,아파트,분양,2,245,삼익건설,한성재건축 주택조합,2001-09-25 0:00,33166,126.8529887,37.5087458,N,,
457,A15383604,독산진도3차,금천구,독산동,아파트,분양,1,245,진도,조합,1999-12-17 0:00,32063,126.8932959,37.4683505,N,,
458,A13383003,성수청구강변,성동구,성수동2가,아파트,분양,1,246,0,0,1994-04-04 0:00,29906,127.0548812,37.5352521,N,,
459,A13302201,한진해모로,성동구,하왕십리동,아파트,분양,3,246,한진중공업,한진중공업,2001-06-18 0:00,34886,127.0267431,37.5631656,N,,
460,A13527006,역삼삼익,강남구,도곡동,아파트,분양,2,247,삼익주택,삼익주택,1983-06-11 0:00,34810,127.0421463,37.4907653,N,,
461,A15605102,본동한신휴플러스,동작구,본동,아파트,분양,4,247,한신공영,본동제2구역 제3지구 주택재개발조합,2004-08-07 0:00,39507,126.9493928,37.5091245,N,,
462,A15210206,오류금강,구로구,오류동,아파트,분양,2,247,금강주택,금강주택,1996-01-04 0:00,24418,126.8476508,37.4928901,N,,
463,A13114106,묵동신안3차,중랑구,묵동,아파트,분양,2,248,신안종합건설,신안종합건설,2000-09-16 0:00,36950,127.0817861,37.612484,N,,
464,A14001201,한강로벽산메가트리움,용산구,한강로2가,주상복합,분양,2,248,벽산건설,벽산건설,2005-05-06 0:00,93696,126.9697692,37.5321985,N,,
465,A13305002,왕십리 대성유니드 아파트,성동구,마장동,아파트,분양,4,248,대성산업,대성산업,2004-11-30 0:00,31541,127.0386489,37.5668368,N,,
466,A15001005,여의도금호리첸시아,영등포구,여의도동,주상복합,분양,2,248,군인공제회,금호건설,2003-11-26 0:00,63292,126.9395985,37.5186433,N,,
467,A15280304,개봉거성푸르뫼1차,구로구,개봉동,아파트,분양,3,249,거성주택건설(주),거성주택건설(주),1993-11-24 0:00,32347,126.8434989,37.5009472,N,,
468,A15786111,염창극동,강서구,염창동,아파트,분양,2,249,극동건설,염창동 연합연립 재전축조합,2000-05-27 0:00,34331,126.8712384,37.5529493,N,,
469,A13309402,금호동롯데아파트,성동구,금호동4가,아파트,분양,3,249,롯데건설,윤산공영개발(주),2003-01-09 0:00,36397,127.0170466,37.5469147,N,기업그룹,롯데건설
470,A13790910,반포한신타워,서초구,잠원동,아파트,분양,2,250,한신공영,한신공영,1996-08-05 0:00,34164,127.0064117,37.5112827,N,,
471,A15785605,방화9단지,강서구,방화동,아파트,임대,2,250,SH공사,SH공사,1996-09-20 0:00,14697,126.8071229,37.5745483,N,,
472,A14003002,이촌왕궁,용산구,이촌동,아파트,분양,5,250,삼익건설,삼익건설,1974-12-23 0:00,26757,126.9782605,37.5171632,N,,
473,A13922102,중계신안,노원구,중계동,아파트,분양,2,250,신안건설,신안,1999-06-15 0:00,32078,127.071975,37.6513154,N,,
474,A13307001,행당두산,성동구,행당동,아파트,분양,2,251,두산건설,두산건설,1997-07-04 0:00,28224,127.0373381,37.5647183,N,,
475,A15181602,낙성대현대,관악구,봉천동,아파트,분양,3,251,현대건설(주),현대건설(주),1988-03-11 0:00,30142,126.965591,37.4726586,N,기업그룹,현대건설
476,A13982103,상계양우아파트,노원구,상계동,아파트,분양,2,251,양우종합건설(주),청솔연립1단지 재건축 조합,2002-07-16 0:00,30094,127.0710393,37.6565787,N,,
477,A13680701,길음신안파크,성북구,길음동,아파트,분양,3,252,(주)신안건설산업,(주)신안건설산업,1988-11-26 0:00,24091,127.0159103,37.614141,N,,
478,A13883601,잠실한양3차,송파구,방이동,아파트,분양,3,252,(주)한양,(주)한양,1985-02-21 0:00,36812,127.1220009,37.506177,N,,
479,A14003003,한강삼익,용산구,이촌동,아파트,분양,2,252,삼익건설,삼익건설,1979-12-17 0:00,33600,126.9760338,37.5184763,N,,
480,A13509003,삼성풍림아파트1차,강남구,삼성동,아파트,분양,1,252,풍림건설,풍림건설,1998-07-27 0:00,25899,127.0616804,37.5154299,N,,
481,A14382101,구의삼성쉐르빌,광진구,구의동,주상복합,분양,1,253,삼성,삼성,2001-11-10 0:00,70373,127.0948021,37.5399785,N,기업그룹,삼성물산
482,A14388204,자양7차현대홈타운,광진구,자양동,아파트,분양,4,252,현대건설(주),한전자양외2개조합,2001-05-31 0:00,33065,127.0697787,37.5329831,N,기업그룹,현대건설
483,A15210105,오류동부덕고개,구로구,오류동,아파트,분양,3,252,동부아파트,덕고개 재건축 조합,1998-07-11 0:00,32918,126.8478369,37.4971219,N,,
484,A15721003,마곡신안,강서구,마곡동,아파트,분양,3,253,신안건설,신안건설,1993-12-23 0:00,27840,126.8229252,37.5681327,N,,
485,A14313001,화양현대,광진구,화양동,아파트,분양,3,253,현대건설(주),서평개발(주),1999-05-20 0:00,30410,127.0658562,37.5445122,N,기업그룹,현대건설
486,A12013101,디엠씨현대,서대문구,북가좌동,아파트,분양,3,213,현대건설(주),북가좌 제 2주택조합,2000-09-29 0:00,24672,126.9079507,37.5768106,N,기업그룹,현대건설
487,A12081602,월드컵현대,서대문구,북가좌동,아파트,분양,2,254,현대건설,명성문화연립,1998-11-21 0:00,38157,126.9040715,37.5765928,N,기업그룹,현대건설
488,A14319305,광진트라팰리스,광진구,자양동,주상복합,분양,2,204,삼성물산,"재건축조합,환원건설",2006-07-21 0:00,52666,127.0679584,37.5318975,N,기업그룹,삼성물산
489,A13614301,장월SH-VILLE1단지,성북구,장위동,아파트,임대,3,254,울트라,sh공사,2006-04-18 0:00,23797,127.047843,37.6224603,N,,
490,A14206303,번동한솔솔파크,강북구,번동,아파트,분양,4,225,한솔건설주식회사,"강북한솔지역주택조함, 강북한솔제1지역주택조합",2005-09-01 0:00,29843,127.0388516,37.6273663,N,,
491,A12204002,북한산대창센시티,은평구,불광동,아파트,분양,3,256,대창건설,대창건설,2004-06-30 0:00,36960,126.9294384,37.6254055,N,,
492,A15183001,해태보라매타워,동작구,신대방동,주상복합,분양,2,387,해태건설(주),해태건설(주),1996-10-18 0:00,46900,126.9250951,37.4911516,N,,
493,A13880603,가락한신,송파구,가락동,아파트,분양,2,256,한신공영,포철직장조합,1993-04-29 0:00,30283,127.1217367,37.489685,N,,
494,A13183405,면목대원칸타빌,중랑구,면목동,아파트,분양,4,256,(주)대원,금성진영연립,2003-04-01 0:00,39565,127.0904636,37.5783275,N,,
495,A13384303,뚝섬중앙하이츠빌,성동구,성수동1가,아파트,분양,3,256,중앙건설,중앙건설,2003-10-27 0:00,33907,127.0481187,37.5478825,N,,
496,A15786312,염창극동상록수,강서구,염창동,아파트,분양,2,256,극동건설,극동건설,1999-10-27 0:00,34261,126.8721249,37.5488684,N,,
497,A13703011,잠원롯데캐슬갤럭시1차,서초구,잠원동,아파트,분양,5,256,(주)롯데건설,(주)롯데건설,2002-07-27 0:00,53085,127.0164459,37.5201925,N,기업그룹,롯데건설
498,A15286801,구로우방,구로구,구로동,아파트,분양,2,256,우방,우방,1993-09-22 0:00,30119,126.8743148,37.4976775,N,,
499,A13881601,거여우방,송파구,거여동,아파트,분양,3,257,(주)우방,(주)우방,1999-09-09 0:00,37123,127.1422374,37.492644,N,,
500,A13484102,성내코오롱,강동구,성내동,아파트,분양,2,257,코오롱건설,코오롱건설,1999-05-18 0:00,34851,127.1323906,37.5343691,N,,
501,A14319007,자양현대홈타운8차,광진구,자양동,아파트,분양,5,257,현대건설(주),자양2지구 재건축 주택조합,2002-05-08 0:00,36672,127.0719554,37.533512,N,기업그룹,현대건설
502,A13905102,월계대동,노원구,월계동,아파트,분양,3,258,(주)대동,월계신아연립주택조합,1997-09-30 0:00,33781,127.0607338,37.6218311,N,,
503,A13202102,방학성원,도봉구,방학동,아파트,분양,4,258,성원건설,성원건설,1996-06-12 0:00,29470,127.0356742,37.6618155,N,,
504,A15721004,마곡한솔솔파크,강서구,마곡동,아파트,분양,6,258,한솔건설(주),미림씨엠이(주),2005-02-14 0:00,33286,126.8233243,37.5696666,N,,
505,A12182901,상수두산위브,마포구,상수동,아파트,분양,4,258,두산건설,두산건설,2004-12-29 0:00,40367,126.9242897,37.5470285,N,,
506,A15773501,방화월드메르디앙,강서구,방화동,아파트,분양,3,258,(주)월드건설,(주)월드건설,2004-06-07 0:00,33334,126.8105254,37.5746001,N,,
507,A15004503,당산2차효성타운,영등포구,당산동5가,아파트,분양,3,258,(주)효성,(주)효성,2001-10-12 0:00,35198,126.9006948,37.5310626,N,기업그룹,효성중공업
508,A13981604,노원현대아파트,노원구,상계동,아파트,분양,4,259,현대건설(주),축산기업새마을금고직장주택조합,1997-01-20 0:00,31978,127.0636584,37.6587715,N,기업그룹,현대건설
509,A13922103,중계3벽산,노원구,중계동,아파트,분양,3,259,벽산건설,벽산건설,1999-09-21 0:00,34627,127.0735683,37.654292,N,,
510,A15288803,신도림현대,구로구,신도림동,아파트,분양,5,260,현대건설,현대건설,1999-04-13 0:00,26860,126.884309,37.511992,N,기업그룹,현대건설
511,A12185504,신수성원,마포구,신수동,아파트,분양,2,260,성원산업개발(주),신수동 APT 재건축조합,1998-12-15 0:00,32111,126.9376295,37.546851,N,,
512,A14209001,우이대우,강북구,우이동,아파트,분양,6,260,(주)대우,(주)대우,2000-11-16 0:00,34193,127.0111527,37.6554406,N,기업그룹,대우건설
513,A13186504,신내영풍마드레빌,중랑구,신내동,아파트,분양,5,260,영풍건설,영풍건설,2004-02-13 0:00,36705,127.1001416,37.6055942,N,,
514,A15386404,남서울건영아파트,금천구,시흥동,아파트,분양,3,260,건영건설,건영아파트,1982-12-07 0:00,19701,126.8986129,37.452828,N,,
515,A14319306,이튼타워리버3차,광진구,자양동,주상복합,분양,3,260,인정건설(주),조합,2007-04-17 0:00,47928,127.0680706,37.5329945,N,,
516,A14286104,번동한양,강북구,번동,아파트,분양,3,261,한양주택 (주),번동한양아파트주택조합,1992-11-06 0:00,27489,127.0417145,37.626473,N,,
517,A13580002,개포우성8차,강남구,개포동,아파트,분양,3,261,우성건설,영동전화국 주택조합,1987-09-21 0:00,26746,127.062288,37.48811,N,,
518,A13006002,제기현대,동대문구,제기동,아파트,분양,3,261,현대건설,제기동 한전재건축조합,1999-11-13 0:00,36918,127.0357839,37.5799573,N,기업그룹,현대건설
519,A13684701,정릉중앙하이츠,성북구,정릉동,아파트,분양,4,261,중앙건설(주),정릉주공재건축아파트조합,1999-05-14 0:00,27770,127.0020417,37.6198025,N,,
520,A14287102,우이동성원아파트,강북구,우이동,아파트,분양,2,262,성원건설,한국과학기술원제4직장주택조합,1990-10-19 0:00,26616,127.0138641,37.6618442,N,,
521,A15805109,목동대림2차,양천구,목동,아파트,분양,2,262,대림산업,대림산업,1994-06-07 0:00,29448,126.8746806,37.523805,N,기업그룹,DL이앤씨
522,A13509004,삼성한솔,강남구,삼성동,아파트,분양,2,263,한솔건설,한솔건설,1998-11-16 0:00,38064,127.0455212,37.5173908,N,,
523,A14206305,번동기산그린,강북구,번동,아파트,분양,2,263,(주)기산 기산번동 연합주택조합,(주)기산 기산번동 연합주택조합,2000-02-24 0:00,28945,127.0435775,37.6274606,N,,
524,A15010602,양평동양,영등포구,양평동6가,아파트,분양,3,263,동양메이저(주),벽산재건축주택조합,2000-08-05 0:00,34714,126.8898114,37.5422865,N,,
525,A13610004,정릉산장,성북구,정릉동,아파트,분양,2,264,광산건설,광산건설,1977-12-29 0:00,20147,127.0021957,37.6167473,N,,
526,A13480803,길동현대아파트,강동구,길동,아파트,분양,2,264,현대,현대,1996-08-09 0:00,31094,127.1473459,37.536591,N,기업그룹,현대건설
527,A13813005,가락우창,송파구,오금동,아파트,분양,4,264,(주)우창건설,(주)우창건설,1985-10-07 0:00,34030,127.136295,37.4995733,N,,
528,A13286203,쌍문경남,도봉구,쌍문동,아파트,분양,2,264,(주)성원주택,대우경남,1988-03-15 0:00,18166,127.0351564,37.6548109,N,,
529,A13816002,가락동부센트레빌,송파구,가락동,아파트,분양,5,264,동부건설,동부건설,2001-11-26 0:00,63270,127.1162993,37.4978882,N,,
530,A13787105,서초한빛삼성,서초구,서초동,아파트,분양,2,264,삼성중공업,삼성중공업,1999-11-26 0:00,37907,127.0079656,37.487956,N,,
531,A13402304,천호태영임대,강동구,천호동,아파트,임대,1,264,태영건설(주),태영건설(주),1999-11-21 0:00,16424,127.130007,37.5381545,N,k-전체세대수,
532,A13077703,휘경롯데1차,동대문구,휘경동,아파트,분양,2,265,롯데건설(주),롯데건설(주),2000-08-25 0:00,36760,127.0633712,37.5910981,N,기업그룹,롯데건설
533,A15681802,사당현대아파트,동작구,사당동,아파트,분양,2,265,현대산업개발,현대산업개발,1991-04-24 0:00,28127,126.9702379,37.4883008,N,기업그룹,아이파크현대산업개발(HDC)
534,A15080501,한강아파트,영등포구,당산동4가,아파트,분양,2,265,서초건설,서초건설,1999-09-02 0:00,33622,126.9023584,37.5280856,N,,
535,A13184301,면목신성은하수,중랑구,면목동,아파트,분양,2,266,신성,신성,1998-10-31 0:00,35383,127.0729702,37.5889278,N,,
536,A13985402,중계현대그린,노원구,중계동,아파트,분양,3,268,현대산업개발,중랑지역 주택조합,1998-12-24 0:00,32098,127.0844122,37.6471623,N,기업그룹,아이파크현대산업개발(HDC)
537,A15009604,문래현대1차,영등포구,문래동6가,아파트,분양,2,264,현대산업개발,한국주택은행조합주택,1986-12-30 0:00,25301,126.8828222,37.5195252,N,기업그룹,아이파크현대산업개발(HDC)
538,A13381701,사근중앙하이츠,성동구,사근동,아파트,분양,2,270,중앙건설,중앙건설,1989-09-12 0:00,25046,127.0485864,37.5618375,N,,
539,A15384501,벽산타운3단지,금천구,시흥동,아파트,분양,3,270,벽산건설,시흥2동재건축조합,1998-10-28 0:00,34641,126.9176126,37.4534029,N,,
540,A15009605,문래현대6차아파트,영등포구,문래동6가,아파트,분양,2,270,현대건설,현대건설,1997-07-18 0:00,32567,126.8838267,37.5184364,N,기업그룹,현대건설
541,A15885306,신정쌍용,양천구,신정동,아파트,분양,2,270,쌍용건설,쌍용건설,1992-11-25 0:00,29990,126.8758354,37.5181035,N,기업그룹,쌍용건설
542,A14319203,자양현대5차,광진구,자양동,아파트,분양,3,270,현대(주),.,1998-06-24 0:00,39206,127.0782918,37.5286059,N,기업그룹,현대건설
543,A15083601,문래국화,영등포구,문래동3가,아파트,분양,2,270,라이프주택,라이프주택,1983-12-19 0:00,32443,126.8927664,37.5163791,N,,
544,A13510006,청담대림,강남구,청담동,아파트,분양,4,271,대림산업,에코프렌드,2002-12-30 0:00,44038,127.047858,37.5205103,N,기업그룹,DL이앤씨
545,A13610301,정릉성원,성북구,정릉동,아파트,분양,2,271,성원건설,성원,2000-01-17 0:00,36325,127.0083543,37.6065103,N,,
546,A15003001,영등포두산위브,영등포구,영등포동,아파트,분양,4,271,두산건설(주),영등포제1구역 주택재개발조합,2004-10-15 0:00,38789,126.912262,37.5143305,N,,
547,A15601202,신대방한성,동작구,신대방동,아파트,분양,4,272,한성건설,한성건설,1995-02-18 0:00,33023,126.9149472,37.4956195,N,,
548,A15606001,경동윈츠리버,동작구,본동,아파트,분양,6,272,경동건설,경동건설,2004-12-30 0:00,34886,126.9545986,37.5098847,N,,
549,A15284305,구로새솔금호,구로구,구로동,아파트,분양,1,272,금호건설,삼성주택조합외 8개조합,1996-07-01 0:00,34952,126.8900268,37.4999584,N,,
550,A14320001,구의현대7단지,광진구,구의동,아파트,분양,3,273,(주)마이크로장,현대건설,1997-12-26 0:00,35455,127.0909417,37.5368422,N,,
551,A15786213,염창무학,강서구,염창동,아파트,분양,5,273,무학건설,해촌연립재건축,1999-03-31 0:00,36820,127.0144609,37.5464825,N,,
552,A15283603,고척경남2차,구로구,고척동,아파트,분양,3,273,경남기업주식회사,신안아파트 재건축조합,1999-01-30 0:00,34250,126.8567573,37.5043308,N,,
553,A13905301,월계서광,노원구,월계동,아파트,분양,4,274,서광산업주식회사,서광산업주식회사,1994-10-21 0:00,26724,127.0654107,37.6228503,N,,
554,A13920001,상계우방,노원구,상계동,아파트,분양,3,274,주)우방,주)우방,2000-06-30 0:00,42404,127.0568379,37.6719833,N,,
555,A15805301,목동부영그린타운3차,양천구,목동,주상복합,분양,1,276,부영주택,부영주택,2000-11-24 0:00,88507,126.8822116,37.536731,N,,
556,A13887702,풍납미성,송파구,풍납동,아파트,분양,4,275,라이프주택,라이프주택,1985-06-17 0:00,35922,127.1137637,37.5341924,N,,
557,A13920104,우림루미아트1.2단지,노원구,상계동,아파트,분양,3,275,우림건설,우림건설,2004-11-17 0:00,37332,127.0561567,37.6745959,N,,
558,A13509005,삼성래미안2차,강남구,삼성동,아파트,분양,8,275,삼성,삼성,2007-05-25 0:00,63607,127.0434525,37.5161514,N,기업그룹,삼성물산
559,A13584101,대치포스코더샵,강남구,대치동,아파트,분양,4,276,포스코건설,동아1차재건축조합,2004-09-30 0:00,72319,127.0571385,37.504007,N,기업그룹,포스코이앤씨
560,A15608002,동작금강KCC,동작구,동작동,아파트,분양,7,276,주)KCC건설,태화연립조합,2003-10-30 0:00,38394,126.9784252,37.4940729,N,,
561,A15805202,목동e-편한세상,양천구,목동,아파트,분양,8,276,(주)삼호,(주)테바건설,2006-07-05 0:00,63149,126.8711933,37.5394083,N,기업그룹,DL건설
562,A13611001,길음뉴타운4단지임대,성북구,길음동,아파트,임대,1,276,대림산업(주),sh공사,2005-04-20 0:00,19289,127.0178235,37.6128244,N,기업그룹,DL이앤씨
563,A13186905,라이프미성,중랑구,신내동,아파트,분양,2,277,라이프건설,김형태,1992-04-24 0:00,26167,127.0990429,37.6032755,N,,
564,A13385802,무학현대,성동구,하왕십리동,아파트,분양,3,277,현대산업개발,현대산업개발,1996-03-15 0:00,30399,127.0278817,37.5611615,N,기업그룹,아이파크현대산업개발(HDC)
565,A13484003,성내현대,강동구,성내동,아파트,분양,2,277,현대산업개발(주),현대산업개발주식회사,1987-12-12 0:00,25854,127.1265528,37.5352413,N,기업그룹,아이파크현대산업개발(HDC)
566,A15106001,봉천신봉,관악구,봉천동,아파트,기타,2,277,(주)국제종합토건,SH공사,1999-05-11 0:00,20729,126.9496234,37.4850226,N,,
567,A15786314,염창태영송화,강서구,염창동,아파트,분양,4,277,태영건설(주),성원재건축조합,1999-11-11 0:00,38657,126.8672037,37.553393,N,,
568,A15882010,목동삼익,양천구,목동,주상복합,분양,3,277,삼익건설,삼익주택목동상 재건축조합,1997-06-28 0:00,48913,126.8766127,37.5228287,N,,
569,A12281702,갈현동현대아파트,은평구,갈현동,아파트,분양,2,278,현대산업개발,현대산업개발(주),1997-05-08 0:00,35370,126.9142876,37.6221584,N,기업그룹,아이파크현대산업개발(HDC)
570,A15681104,대방2차현대,동작구,대방동,아파트,분양,5,278,현대건설,주택조합,1999-12-09 0:00,37876,126.9312764,37.5108264,N,기업그룹,현대건설
571,A13470502,신성둔촌미소지움2차,강동구,둔촌동,아파트,분양,3,278,신성건설,일촌연립재건축조합,2000-12-09 0:00,42476,127.1436872,37.5273324,N,,
572,A13980004,청솔아파트8,노원구,공릉동,아파트,분양,6,278,"이수건설,대우엔지니어링",이수건설,2000-11-25 0:00,43625,127.0860245,37.6232757,Y,,
573,A15885307,신정청구아파트,양천구,신정동,아파트,분양,5,279,(주)청구,(주)청구,1992-10-06 0:00,34218,126.874888,37.5198784,N,,
574,A15683601,상도1동대림,동작구,상도동,아파트,분양,3,279,대림산업(주),직장조합,1995-12-04 0:00,40787,126.9512393,37.5007481,N,기업그룹,DL이앤씨
575,A15722204,방화동E편한세상,강서구,방화동,아파트,분양,4,279,삼호건설,대림건설,2003-10-28 0:00,36424,126.8081826,37.5700874,N,기업그룹,DL건설
576,A12185605,대원칸타빌,마포구,신수동,아파트,분양,3,279,(주)우리창우,대원칸타빌,2004-07-30 0:00,36186,126.9335887,37.5481848,N,,
577,A15190301,신림미성,관악구,신림동,아파트,분양,2,280,라이프,라이프,1982-10-23 0:00,25264,126.9034424,37.4824017,N,,
578,A13881401,거여현대2차,송파구,거여동,아파트,분양,3,280,현대건설,현대건설,1992-04-20 0:00,31297,127.1464076,37.4946337,N,기업그룹,현대건설
579,A15081602,대림현대2차,영등포구,대림동,아파트,분양,2,280,현대건설 주식회사,서원건축,1992-11-20 0:00,32405,126.8941884,37.5025492,N,기업그룹,현대건설
580,A12287202,DMC진흥아파트,은평구,수색동,아파트,분양,6,280,진흥기업,한국토지신탁,2003-07-25 0:00,37869,126.9002363,37.5854117,N,,
581,A15009504,문래현대5차아파트,영등포구,문래동5가,아파트,분양,2,282,현대건설,현대산업개발,1992-05-29 0:00,32901,126.8831609,37.5176163,N,기업그룹,현대건설
582,A12187703,성산2차현대,마포구,중동,아파트,분양,3,282,현대,현대,2000-12-16 0:00,43117,126.9083577,37.5705091,N,기업그룹,현대건설
583,A13611102,길음뉴타운3단지임대,성북구,길음동,아파트,임대,2,282,대우건설(주),sh공사,2005-04-20 0:00,23125,127.0177987,37.6085823,N,기업그룹,대우건설
584,A13410001,강일리버파크1단지,강동구,강일동,아파트,기타,7,282,삼환기업,SH공사,2009-03-11 0:00,37530,127.1720243,37.5668679,N,,
585,A15809403,신월대성유니드,양천구,신월동,아파트,분양,5,283,(주)대성산업,형제연립조합,2004-12-16 0:00,37342,126.8405541,37.5198801,N,,
586,A14206002,번동금호어울림,강북구,번동,아파트,분양,3,284,(주)금호,금호건설,1998-06-24 0:00,35324,127.0354275,37.6306127,N,,
587,A15722306,마곡서광,강서구,방화동,아파트,분양,5,284,(주)서광건설산업,정곡제1지역,1998-08-21 0:00,32359,126.8193263,37.5793196,N,,
588,A13113002,신내벽산,중랑구,신내동,아파트,분양,3,284,벽산건설(주),벽산건설(주),2000-06-28 0:00,43060,127.1002646,37.6032482,N,,
589,A15288804,신도림우성3차,구로구,신도림동,아파트,분양,3,284,우성건설,한전연합조합,1993-12-13 0:00,30983,126.8843198,37.5130829,N,,
590,A15704015,염창롯데캐슬,강서구,염창동,아파트,분양,5,284,롯데건설,롯데건설,2005-03-28 0:00,55708,126.8683711,37.5507699,N,기업그룹,롯데건설
591,A15005501,포레나 신길,영등포구,신길동,아파트,분양,6,284,한화건설(주),한고을,2008-06-26 0:00,48059,126.9096185,37.5029726,N,기업그룹,한화
592,A13813006,오금현대백조,송파구,오금동,아파트,분양,2,285,현대건설,오금제2구역 주택개량재개발조합,1997-01-24 0:00,34216,127.1292736,37.5093927,N,기업그룹,현대건설
593,A14206306,번동신원,강북구,번동,아파트,분양,3,285,지역주택조합외1개조합,지역주택조합외1개조합,2000-06-08 0:00,32324,127.0433512,37.6259454,N,,
594,A13185507,묵동신안1차,중랑구,묵동,아파트,분양,2,285,신안종합건설,신안종합건설,1999-10-28 0:00,41679,127.0810011,37.6128576,N,,
595,A15283806,구로다솜금호,구로구,구로동,아파트,분양,1,285,금호건설,금호건설,1995-11-16 0:00,33914,126.8918736,37.5026206,N,,
596,A15722003,마곡신안네트빌(1단지),강서구,방화동,아파트,분양,3,285,신안종합건설,신안종합건설,2002-09-13 0:00,34377,126.8102088,37.5711243,N,,
597,A13604301,삼선1SH-VILLE,성북구,삼선동3가,아파트,임대,1,285,(주)성원건설,에스에이치공사,2008-11-14 0:00,22693,127.0140274,37.5848049,N,,
598,A13280104,유원도봉아파트,도봉구,도봉동,아파트,분양,3,286,유원건설,도봉연립직장주택조합,1990-11-05 0:00,30256,127.0490413,37.6819705,N,,
599,A13305003,청계미소지움,성동구,마장동,아파트,분양,4,286,신성건설(주),마장동신성연합주택조합,2004-06-04 0:00,36288,127.0437065,37.5689365,N,,
600,A10086301,충무로진양,중구,충무로4가,주상복합,분양,2,286,알수 없음,알수 없음,1970-05-23 0:00,32476,126.9959355,37.5624272,N,,
601,A13287801,쌍문현대3차,도봉구,쌍문동,아파트,분양,3,287,현대산업개발(주),(주)고려외 6개 조합,1995-06-09 0:00,31677,127.0212039,37.6523384,N,기업그룹,아이파크현대산업개발(HDC)
602,A13790612,잠원훼미리 아파트,서초구,잠원동,아파트,분양,3,288,한신공영,한국과학기술원 제 2 직장 조합,1992-11-25 0:00,33445,127.0146674,37.5192202,N,,
603,A13923102,하계우방,노원구,하계동,아파트,분양,2,288,우방,우방,1999-12-27 0:00,36941,127.0772526,37.6375037,N,,
604,A13202103,방학삼성래미안2단지,도봉구,방학동,아파트,분양,5,288,삼성물산,성창기공주식회사,2002-10-19 0:00,42532,127.0458277,37.6650791,N,기업그룹,삼성물산
605,A13508006,역삼래미안펜타빌,강남구,역삼동,아파트,분양,5,288,삼성물산,삼성물산,2007-11-30 0:00,50041,127.0475511,37.5007064,N,기업그룹,삼성물산
606,A13613003,월곡3SH-vill,성북구,하월곡동,아파트,임대,1,288,"(주)한양, 중흥건설",sh공사,2008-06-25 0:00,19896,127.0379722,37.6120414,Y,,
607,A11055002,종로청계힐스테이트,종로구,숭인동,아파트,분양,6,288,현대건설,숭인5구역주택개발조합,2009-03-20 0:00,45692,127.0211388,37.5759616,N,기업그룹,현대건설
608,A14004001,한강타운,용산구,산천동,아파트,분양,3,289,한진건설(주),산천시민재건축조합,2001-02-22 0:00,29114,126.9496998,37.5356703,N,,
609,A12208102,신사씨티,은평구,신사동,아파트,분양,2,290,토왕건설,서울시경검찰증연합주택,1993-11-19 0:00,28789,126.9041738,37.6004103,N,,
610,A13920105,상계수락한신,노원구,상계동,아파트,분양,2,290,한신공영,재건축조합,1997-04-17 0:00,37157,127.0602025,37.673639,N,,
611,A15786116,염창금호,강서구,염창동,아파트,분양,4,290,금호건설,금호건설,1999-04-02 0:00,35249,126.8651494,37.5563047,N,,
612,A15282403,고척한효,구로구,고척동,아파트,분양,3,290,한효건설,한효건설,1985-12-16 0:00,30277,126.861314,37.5015238,N,,
613,A15286802,구로현대상선,구로구,구로동,아파트,분양,2,290,현대산업,현대상선 직장조합,1987-10-29 0:00,29758,126.8750782,37.4960424,N,기업그룹,아이파크현대산업개발(HDC)
614,A12008001,독립문파크빌,서대문구,현저동,아파트,분양,4,290,우정건설,SH공사,2000-12-13 0:00,30146,126.9514854,37.5749642,N,,
615,A15089307,여의대우트럼프월드2차,영등포구,여의도동,주상복합,분양,2,218,(주)대우건설,(주)하이테크하우징,2003-07-01 0:00,43517,126.927057,37.5174234,N,기업그룹,대우건설
616,A13523001,일원청솔빌리지,강남구,일원동,연립주택,분양,13,291,태신개발(주),태신개발(주),1993-12-13 0:00,29286,127.0830785,37.4804807,N,,
617,A11034001,현대뜨레비앙,종로구,익선동,주상복합,분양,1,291,현대건설,팬퍼시픽,2003-11-29 0:00,22847,126.990057,37.5751303,N,기업그룹,현대건설
618,A12293002,응암우성,은평구,응암동,아파트,분양,4,292,우성건설(주),응암4-1 재개발조합,1988-07-01 0:00,32132,126.9175836,37.5840189,N,,
619,A15004403,당산금호어울림,영등포구,당산동4가,아파트,분양,6,292,(주)금호건설,(주)금호산업,2002-09-28 0:00,41632,126.9012562,37.5284502,N,,
620,A15807001,경남아너스빌,양천구,신정동,아파트,분양,4,292,경남기업,"뉴서울,삼화,서일,재건축",2004-06-30 0:00,49999,126.8715119,37.5181266,N,,
621,A13707006,대림서초리시온,서초구,서초동,주상복합,분양,1,293,대림산업주식회사,주식회사 루튼,2003-04-22 0:00,29483,127.0152212,37.4934555,N,기업그룹,DL이앤씨
622,A13501002,마일스디오빌,강남구,논현동,주상복합,분양,1,260,대우건설,대우건설,2004-11-26 0:00,21244,127.0289105,37.5138873,N,기업그룹,대우건설
623,A15601102,신대방경남교수,동작구,신대방동,아파트,분양,4,295,경남기업,재건축조합,2001-08-02 0:00,49639,126.9136562,37.4960303,N,,
624,A13924205,공릉동부,노원구,공릉동,아파트,분양,4,295,(주)동부건설,(주)동부건설,1996-04-12 0:00,33514,127.0786137,37.6280819,N,,
625,A13984603,월계삼창,노원구,월계동,아파트,분양,3,296,삼창주택,삼창주택,1984-12-21 0:00,29122,127.0602548,37.6184379,N,,
626,A15609501,사당제일,동작구,사당동,아파트,분양,3,296,제일건축,제일건축,1987-02-13 0:00,25717,126.96955,37.4829384,N,,
627,A15210207,경남아너스빌,구로구,오류동,아파트,분양,5,296,경남기업(주),홍진A주택재건축조합,2003-10-31 0:00,40736,126.8398933,37.4907209,N,,
628,A15205103,구로우성(1동),구로구,구로동,아파트,분양,3,296,우성건설,구로연합주택조합,1995-11-16 0:00,32729,126.8722377,37.4947097,N,,
629,A12208103,신사동 한신 휴 플러스,은평구,신사동,아파트,분양,7,296,한신공영,신사 제1구역 주택재개발조합,2003-11-28 0:00,41400,126.9068354,37.599227,N,,
630,A13285404,방학명품ESA1단지,도봉구,방학동,주상복합,분양,5,296,SR개발,SR개발,2003-10-01 0:00,68031,127.045475,37.6686013,N,,
631,A14010001,용산아크로타워,용산구,문배동,주상복합,분양,2,208,고려개발,대림산업,2007-01-22 0:00,46836,126.9685337,37.5369449,N,,
632,A15704017,염창강변성원,강서구,염창동,아파트,분양,3,297,성원건설,성원건설,2001-06-30 0:00,41967,126.8722555,37.5555042,N,,
633,A13980006,공릉청솔9단지,노원구,공릉동,아파트,분양,4,297,이수건설(주),도시개발공사,2000-11-25 0:00,47613,127.0851534,37.6214628,N,,
634,A12208104,라이프 씨티아파트,은평구,신사동,아파트,분양,2,298,라이프,라이프,1992-12-18 0:00,33141,126.9053464,37.6023882,N,,
635,A13817202,송파성지,송파구,송파동,아파트,분양,2,298,성지,호응,1992-12-17 0:00,33491,127.1171288,37.5000876,N,,
636,A15283704,삼익아파트2단지,구로구,고척동,아파트,분양,4,298,삼익건설,삼익건설,2001-11-17 0:00,43625,126.8528717,37.5074792,N,,
637,A13550701,삼성동중앙하이츠빌리지,강남구,삼성동,아파트,분양,5,298,중앙건설,중앙건설,2004-12-29 0:00,63733,127.0462561,37.5160546,N,,
638,A12220002,은평뉴타운상림마을13단지,은평구,진관동,아파트,분양,11,298,SH공사,현대산업개발,2008-06-14 0:00,65217,126.927883,37.6474864,N,,
639,A12201102,응암동금호아파트,은평구,응암동,아파트,분양,5,300,금호산업,금호산업,1998-07-03 0:00,37280,126.9222397,37.5992267,N,,
640,A13813007,오금아남,송파구,오금동,아파트,분양,2,299,아남건설,아남건설,1992-09-04 0:00,28198,127.1361125,37.5028917,N,,
641,A13788002,"서초현대1,2차",서초구,서초동,아파트,분양,5,413,현대산업개발주식회사,현대산업개발주식회사,1989-12-18 0:00,43405,127.0199792,37.4909646,N,기업그룹,아이파크현대산업개발(HDC)
642,A12084302,유원홍은,서대문구,홍은동,아파트,분양,4,299,유원건설,유원건설,1987-10-26 0:00,27283,126.9446692,37.5975121,N,,
643,A13986703,중계경남아너스빌,노원구,중계동,아파트,분양,2,299,경남건설(주),정진연립재건축조합,2002-12-05 0:00,42725,127.0770809,37.6620828,N,,
644,A15283807,LG신도림자이,구로구,구로동,아파트,분양,3,299,굿뉴스건설,GS건설,2004-02-07 0:00,47515,126.8921268,37.5035585,N,,
645,A13006003,제기이수브라운스톤,동대문구,제기동,아파트,분양,4,299,이수건설,이수건설,2005-03-14 0:00,47613,127.0339745,37.5823765,N,,
646,A13290404,창동금호어울림,도봉구,창동,아파트,분양,7,299,금호건설(주),대한토지신탁(주),2004-01-05 0:00,49416,127.0417515,37.6564796,N,,
647,A15805203,목동건영,양천구,목동,아파트,분양,4,299,주)건영,주)건영,1994-12-23 0:00,36070,126.8728085,37.5419755,N,,
648,A13788003,서초삼성래미안,서초구,서초동,아파트,분양,3,299,삼성물산,삼성물산,2001-05-21 0:00,57726,127.0199579,37.4934608,N,기업그룹,삼성물산
649,A13920106,상계극동늘푸른,노원구,상계동,아파트,분양,4,299,극동건설,극동건설,2000-04-22 0:00,35140,127.057784,37.6771802,N,,
650,A15210106,오류한신플러스타운,구로구,오류동,아파트,분양,5,299,한신공영,오류2지구역주택개발조합,2002-07-05 0:00,42178,126.8410059,37.4983793,N,,
651,A15205508,신구로자이,구로구,구로동,주상복합,분양,1,299,GS건설(주),에이알디홀딩스(주),2007-05-11 0:00,58499,126.8896095,37.5055429,N,기업그룹,GS건설
652,A13790002,우면코오롱,서초구,우면동,아파트,분양,6,300,코오롱,코오롱,1994-10-10 0:00,29750,127.0276672,37.472602,N,,
653,A13084701,장안한신,동대문구,장안동,아파트,분양,2,300,한신공영(주),지역주택조합 외 3개조합,1996-06-11 0:00,38678,127.0719296,37.5795394,N,,
654,A14085101,원효로강변삼성스위트,용산구,원효로4가,아파트,분양,3,300,삼성중공업,삼성중공업,1999-12-24 0:00,37340,126.9485824,37.5340827,N,,
655,A13204203,창동건영캐스빌,도봉구,창동,아파트,분양,6,300,(주)건영,청학재건축조합,2002-08-19 0:00,48000,127.0341999,37.6413744,N,,
656,A13611002,길음동부제2,성북구,길음동,아파트,임대,2,300,동부건설,SH공사,2003-03-31 0:00,22733,127.0254972,37.6094237,N,,
657,A14380605,광장신동아파밀리에,광진구,광장동,아파트,분양,8,302,신동아건설,신동아건설,2007-10-15 0:00,46889,127.1043531,37.5467753,N,,
658,A13881302,거여현대3차,송파구,거여동,아파트,분양,3,303,현대건설,현대건설,1993-07-19 0:00,34828,127.1449982,37.4968972,N,기업그룹,현대건설
659,A13785301,방배래미안,서초구,방배동,아파트,분양,9,303,삼성물산,방배제2구역주택재개발조합,2003-10-01 0:00,47659,126.9844943,37.472626,N,기업그룹,삼성물산
660,A15101802,신림신도브래뉴,관악구,신림동,아파트,분양,4,304,(주)신도종합건설,(주)신도종합건설,2003-04-01 0:00,45238,126.9109406,37.4838324,N,,
661,A15009606,문래베어스타운,영등포구,문래동6가,아파트,분양,2,304,상부종합건설(주),상부종합건설(주),1997-05-24 0:00,38179,126.8852409,37.519134,N,,
662,A13509006,삼성서광,강남구,삼성동,아파트,분양,2,304,(주)서광건설 산업,삼성동 지역 주택조합 아파트,1998-11-06 0:00,36837,127.0425304,37.5170036,N,,
663,A13920205,상계한일유엔아이,노원구,상계동,아파트,분양,5,305,한일건설(주),상게8구역재개발조합,2005-02-03 0:00,36793,127.071075,37.6541825,N,,
664,A13407202,명일삼환아파트,강동구,명일동,아파트,분양,2,306,삼환기업,삼환기업,1992-06-30 0:00,36500,127.1538354,37.5536984,N,,
665,A15606002,유원강변,동작구,본동,아파트,분양,5,306,유원울트라,준용연립재건축조합외,2000-08-09 0:00,41808,126.9509904,37.5150871,N,,
666,A14003004,이촌동부센트레빌,용산구,이촌동,아파트,분양,4,309,동부건설,동부건설,2001-06-02 0:00,53804,126.9665209,37.5211983,N,,
667,A13613004,성북힐스테이트,성북구,하월곡동,주상복합,분양,2,285,아키데코,현대건설,2007-08-30 0:00,52070,127.029003,37.6065354,N,,
668,A15088208,여의도목화,영등포구,여의도동,아파트,분양,2,312,(주)삼익주택,(주)삼익주택,1977-10-18 0:00,26867,126.932655,37.52594,N,,
669,A15807603,삼성쉐르빌1 아파트,양천구,신정동,주상복합,분양,3,312,삼성중공업,중원산업,2003-04-02 0:00,112140,126.8704315,37.522674,N,,
670,A15010305,양평현대2차,영등포구,양평동3가,아파트,분양,3,312,현대산업개발,농협중앙회직장조합,1990-08-18 0:00,32405,126.8955806,37.5320347,N,기업그룹,아이파크현대산업개발(HDC)
671,A13985904,중계현대2차(4동),노원구,중계동,아파트,분양,3,313,현대산업개발(주),현대산업개발,1991-02-02 0:00,33705,127.0740064,37.6558928,N,기업그룹,아이파크현대산업개발(HDC)
672,A14319008,자양대동,광진구,자양동,아파트,분양,4,314,(주)대동주택,자양대림재건축조합,1999-03-10 0:00,42150,127.0683929,37.5361407,N,,
673,A14010002,이안용산프리미어,용산구,문배동,주상복합,분양,2,188,(주)대우자동차판매,(주)효진테크,2007-07-24 0:00,38913,126.9703386,37.5386273,N,,
674,A13681701,석관중앙하이츠,성북구,석관동,아파트,분양,3,315,중앙건설,중앙건설,1994-06-24 0:00,33227,127.0667057,37.611111,N,,
675,A13203102,쌍문극동,도봉구,쌍문동,아파트,분양,4,315,극동건설주식회사,쌍문연합조합,1996-08-26 0:00,40065,127.0279261,37.6517698,N,,
676,A13785001,방배임광3차,서초구,방배동,아파트,분양,4,316,임광토건주식회사,임광토건주식회사,1988-04-14 0:00,32700,127.0027232,37.4762582,N,,
677,A15783806,등촌라인,강서구,등촌동,아파트,분양,3,317,라인건설,"공군,유진 재건축주택조합",1997-10-29 0:00,31105,126.8562941,37.5592064,N,,
678,A13510102,청담현대3차,강남구,청담동,아파트,분양,4,317,현대건설(주),현대건설(주),1999-06-19 0:00,52230,127.0529125,37.5272417,N,기업그룹,현대건설
679,A13283405,방학벽산2차,도봉구,방학동,아파트,분양,4,318,벽산건설(주),은행조합,1998-06-01 0:00,38527,127.0252708,37.6588206,N,,
680,A13080201,답십리대우,동대문구,답십리동,아파트,분양,4,319,대우건설,답십리제11구역주택재개발조합,2002-04-29 0:00,43813,127.0534582,37.57342,N,기업그룹,대우건설
681,A15722106,마곡우림필유아파트,강서구,방화동,아파트,분양,3,320,우림건설(주),건우/수정재건축조합,2003-12-31 0:00,42041,126.8212789,37.5717213,N,,
682,A15005301,신길우성5차,영등포구,신길동,아파트,분양,3,321,우성건설,우성건설,1993-10-26 0:00,34004,126.9035366,37.5067447,N,,
683,A15805502,목동트윈빌,양천구,목동,주상복합,분양,1,321,나산건설,나라주원,2000-04-25 0:00,96516,126.8767997,37.5321823,N,,
684,A13527007,도곡1차아이파크,강남구,도곡동,아파트,분양,5,321,현대산업개발,서린아파트,2007-03-27 0:00,65079,127.0431504,37.4920954,N,기업그룹,아이파크현대산업개발(HDC)
685,A13511001,압구정미성1차,강남구,압구정동,아파트,분양,3,322,라이프주택,라이프,1982-11-18 0:00,72316,127.0207224,37.5254652,N,,
686,A14319009,자양로얄동아,광진구,자양동,아파트,분양,4,322,(주)동아건설,로얄 재건축 주택조합,1999-09-16 0:00,43220,127.0810276,37.528332,N,,
687,A13309301,금호한신휴플러스,성동구,금호동3가,아파트,분양,3,323,한신공영,한신공영,2005-07-29 0:00,48999,127.0179816,37.5501696,N,,
688,A15807701,신정세양청마루,양천구,신정동,아파트,분양,7,326,세양건설,신정세양제1주택조합,2006-07-12 0:00,44744,126.863636,37.5070747,N,,
689,A12205003,갈현1단지e-편한세상아파트,은평구,구산동,아파트,분양,3,327,대림,대림,2004-10-11 0:00,37171,126.9063902,37.6121411,N,기업그룹,DL이앤씨
690,A15001009,여의도수정,영등포구,여의도동,아파트,분양,3,329,한양주택,한양주택,1976-07-03 0:00,46979,126.9308314,37.5230829,N,,
691,A14319307,자양한라,광진구,자양동,아파트,분양,2,329,한라건설,한라아파트,1996-08-31 0:00,43308,127.0700492,37.5356629,N,,
692,A13790003,우면동동고,서초구,우면동,아파트,분양,5,330,(주)동양고속건설,(주)동양고속건설,1995-03-25 0:00,37798,127.0237739,37.4713949,N,,
693,A15186002,대학동현대(구신림9동),관악구,신림동,아파트,분양,5,336,현대건설,지하철공사조합,1991-10-12 0:00,35204,126.9372307,37.4637542,N,기업그룹,현대건설
694,A13588601,수서동익,강남구,수서동,아파트,분양,4,330,동익건설(주),동익건설(주),1993-11-26 0:00,37566,127.0964671,37.4856488,N,,
695,A15786118,염창한마음삼성,강서구,염창동,아파트,분양,5,330,삼성물산건설부문,삼성물산건설부문,1995-07-08 0:00,38610,126.8682816,37.554476,N,기업그룹,삼성물산
696,A13986004,중계주공10단지,노원구,중계동,아파트,분양,3,330,(주)한주개발,대한주택공사,1995-04-29 0:00,26774,127.0733019,37.6481008,N,,
697,A15386303,시흥현대빌라,금천구,시흥동,연립주택,분양,15,330,신안건설,신안건설,1989-05-25 0:00,18857,126.9020409,37.4395084,N,,
698,A13922105,중계양지대림2-2임대,노원구,중계동,아파트,임대,1,331,대림건설,SH공사,1999-03-18 0:00,16063,127.072843,37.6547418,N,기업그룹,DL건설
699,A13983707,상계현대1차,노원구,상계동,아파트,분양,4,331,현대산업개발(주),제일제당과조합,1993-04-08 0:00,37639,127.0527596,37.6727905,N,기업그룹,아이파크현대산업개발(HDC)
700,A13384304,성수동아그린,성동구,성수동1가,아파트,분양,2,331,동아건설산업,동아건설산업,1999-06-11 0:00,44333,127.0480309,37.550919,N,,
701,A14320002,구의대림아크로리버,광진구,구의동,주상복합,분양,2,220,대림산업(주),드림링크(주),2004-01-13 0:00,54977,127.0928472,37.5360563,N,기업그룹,DL이앤씨
702,A15880204,목동우성,양천구,목동,아파트,분양,4,332,우성건설,우성건설,1992-04-14 0:00,38412,126.8755033,37.5413035,N,,
703,A12010202,홍은풍림아이원,서대문구,홍은동,아파트,분양,7,333,풍림산업(주),건양RND,2002-11-22 0:00,56668,126.9378412,37.5972741,N,,
704,A13821002,송파파인타운11단지,송파구,장지동,아파트,기타,9,333,(주)일성건설,SH공사,2007-07-31 0:00,43662,127.133178,37.4797913,N,,
705,A12220003,은평뉴타운상림마을2단지,은평구,진관동,아파트,기타,9,335,롯데건설(주),SH공사,2008-05-14 0:00,61109,126.9265857,37.6466728,N,기업그룹,롯데건설
706,A13886701,잠실현대,송파구,잠실동,아파트,분양,3,336,현대,현대,1990-08-17 0:00,34058,127.0853196,37.503992,N,기업그룹,현대건설
707,A13202306,방학한화성원,도봉구,방학동,아파트,분양,4,336,한화건설,(주)한화 건설부문 및 주택조합,1996-04-02 0:00,35998,127.0317924,37.6612354,N,기업그룹,한화
708,A13380602,금호1차푸르지오,성동구,금호동3가,아파트,분양,8,336,대우건설(주),대우건설(주),2005-05-31 0:00,40050,127.021146,37.5491419,N,기업그룹,대우건설
709,A10044001,SH황학롯데캐슬베네치아,중구,황학동,아파트,임대,1,336,롯데건설,황학구역주택재개발조합,2008-12-22 0:00,25735,127.0222215,37.5711004,N,기업그룹,롯데건설
710,A15785507,마곡현대1차,강서구,방화동,아파트,분양,3,337,현대,현대,1993-11-26 0:00,38713,126.8143038,37.570387,N,기업그룹,현대건설
711,A13782803,롯데캐슬헤론,서초구,방배동,주상복합,분양,5,337,롯데건설(주),롯데건설(주),2006-06-26 0:00,96868,126.9845182,37.4967244,N,기업그룹,롯데건설
712,A15188101,신림건영2차,관악구,신림동,아파트,분양,4,338,(주)건영,(주)건영,1988-01-05 0:00,27700,126.9168875,37.4707892,N,,
713,A15080204,당산한양,영등포구,당산동3가,아파트,분양,3,338,한양건설,"영등포구,석유개발공사,관세청",1986-02-28 0:00,34036,126.8997511,37.5254625,N,,
714,A13007001,용두두산위브,동대문구,용두동,아파트,분양,6,338,두산건설,두산건설,2009-06-18 0:00,52346,127.0362528,37.5734458,N,,
715,A13509007,삼성롯데,강남구,삼성동,아파트,분양,3,339,롯데건설,롯데건설,2000-04-15 0:00,52551,127.0487,37.5177728,N,기업그룹,롯데건설
716,A15289508,서울가든빌라,구로구,오류동,연립주택,분양,15,339,삼익건설산업(주),삼익건설산업(주),1987-12-03 0:00,26936,126.831053,37.4923368,N,,
717,A13606002,돈암포스코더샵,성북구,돈암동,아파트,분양,8,339,포스코건설(주),상록주택조합,2006-03-31 0:00,48965,127.0106855,37.5976901,N,기업그룹,포스코이앤씨
718,A15783907,한사랑2차삼성아파트(등촌동),강서구,등촌동,아파트,분양,5,339,삼성중공업(주),등촌동 연합주택조합,1999-06-29 0:00,41875,126.8638745,37.5542766,N,,
719,A12105001,마포쌍용황금,마포구,마포동,아파트,분양,6,339,쌍용,쌍용,2000-08-07 0:00,49578,126.9456451,37.5371661,N,기업그룹,쌍용건설
720,A15785919,염창우성1차,강서구,염창동,아파트,분양,4,339,우성건설,우성건설,1990-11-09 0:00,34719,126.8703134,37.5555744,N,,
721,A13980407,효성아파트,노원구,공릉동,아파트,분양,13,340,효성중공업,효성중공업,1995-06-02 0:00,39822,127.0886787,37.6206867,N,기업그룹,효성중공업
722,A15609303,사당경남아너스빌,동작구,사당동,아파트,분양,3,340,대아건설,대아건설,1997-02-28 0:00,45527,126.9678137,37.4882464,N,,
723,A15285503,구로보광,구로구,구로동,아파트,분양,9,340,보광주택,보광주택,1984-06-29 0:00,31558,126.8852794,37.4952976,N,,
724,A15382301,독산신도브래뉴,금천구,독산동,아파트,분양,3,341,신도건설,향남재건축조합,2002-10-24 0:00,45775,126.8999857,37.477408,N,,
725,A12283602,녹번JR아파트,은평구,녹번동,아파트,분양,5,341,JR건설,JR건설,2002-09-30 0:00,39557,126.937924,37.6000878,N,,
726,A15722004,마곡푸르지오,강서구,방화동,아파트,기타,7,341,대우건설,건우3차아파트정비사업조합,2008-06-09 0:00,49693,126.8217091,37.5700345,N,기업그룹,대우건설
727,A15282405,산업인,구로구,고척동,아파트,분양,10,342,대한전척(주),대한전척(주),1976-07-09 0:00,16660,126.8669946,37.5044786,N,,
728,A13980107,공릉신도1차,노원구,공릉동,아파트,분양,4,342,신도종합건설,신도종합건설,2002-03-07 0:00,52363,127.0700592,37.6275959,N,,
729,A13188406,면목두산2.3차,중랑구,면목동,아파트,분양,4,345,두산개발주식회사,.,1995-04-03 0:00,58890,127.0829987,37.5801261,N,,
730,A13985103,월계대우아파트,노원구,월계동,아파트,분양,7,344,대우건설,대우건설,1998-07-29 0:00,63279,127.0513553,37.6332539,N,기업그룹,대우건설
731,A15283809,구로우성,구로구,구로동,아파트,분양,3,344,우성건설,우원건축연구소,1985-06-28 0:00,32929,126.8890278,37.5039735,N,,
732,A13706302,방배래미안타워,서초구,방배동,아파트,분양,4,344,삼성물산,개나리아파트 주택조합,2005-01-07 0:00,67267,126.9900534,37.4751718,N,기업그룹,삼성물산
733,A13603401,동소문동송산,성북구,동소문동4가,아파트,분양,3,345,송촌건설,송촌건설,1998-06-12 0:00,34499,127.0104788,37.5924122,N,,
734,A15083202,도림동아에코빌,영등포구,도림동,아파트,분양,5,346,동아건설,동아건설,2000-01-28 0:00,49251,126.8987346,37.5091679,N,,
735,A13285305,방학거성학마을,도봉구,방학동,아파트,분양,3,347,거성CR,거성CR,1994-12-13 0:00,43390,127.0396369,37.6665384,N,,
736,A13790713,신반포청구,서초구,잠원동,아파트,분양,2,347,청구건설,신반포청구 연합주택조합,1998-01-24 0:00,40630,127.0084378,37.5142848,N,,
737,A13982002,상계한신3차,노원구,상계동,아파트,분양,5,348,한신공용(주),한신공영(주),1990-05-28 0:00,34010,127.0675578,37.6662959,N,,
738,A13281201,도봉서울가든,도봉구,도봉동,아파트,분양,3,348,삼익건설,삼익건설,1987-07-18 0:00,34513,127.0415817,37.6868254,N,,
739,A15786420,염창신동아,강서구,염창동,아파트,분양,3,348,신동아건설,조흥은행 주택조합,1995-12-13 0:00,38942,126.869209,37.5551935,N,,
740,A15081001,래미안당산1차아파트,영등포구,당산동,아파트,분양,4,348,삼성건설,삼성건설,1995-05-30 0:00,43332,126.9059115,37.5343799,N,기업그룹,삼성물산
741,A13527008,도곡경남,강남구,도곡동,아파트,분양,4,348,경남기업,경남기업,2005-06-02 0:00,44282,127.0408208,37.4886314,N,,
742,A13403002,성내성안청구,강동구,성내동,아파트,분양,2,349,청구,럭키외 5개조합,2002-07-25 0:00,44460,127.1241393,37.5317809,N,,
743,A15786321,염창관음삼성,강서구,염창동,아파트,분양,3,350,(주)삼성건설,(주)삼성건설,1997-08-01 0:00,40194,126.8694898,37.5525192,N,기업그룹,삼성물산
744,A13010002,장안삼성쉐르빌,동대문구,장안동,주상복합,분양,1,254,삼성중공업,삼성중공업,2002-08-05 0:00,75865,127.0698761,37.5716753,N,,
745,A13613201,하월곡샹그레빌,성북구,하월곡동,아파트,분양,4,352,삼호,도시개발공사,2004-07-07 0:00,51371,127.0414399,37.5965132,N,기업그룹,DL건설
746,A13082501,이문삼익아파트,동대문구,이문동,아파트,분양,2,353,(주) 삼익,삼익건설,1997-12-30 0:00,46031,127.067574,37.5959326,N,,
747,A15807702,목동2차삼성래미안,양천구,신정동,아파트,분양,6,353,삼성물산,삼성물산,2001-11-06 0:00,49804,126.8682994,37.5104913,N,기업그룹,삼성물산
748,A15722005,마곡 한진해모로,강서구,방화동,아파트,분양,6,354,한진중공업,한진중공업,2004-05-11 0:00,45505,126.8133457,37.5714296,N,,
749,A14320302,구의강변우성,광진구,구의동,아파트,분양,3,354,우성건설(주),MBC외 6개 직장조합,1992-12-26 0:00,38674,127.0933387,37.5358159,N,,
750,A13406005,둔촌프라자,강동구,둔촌동,아파트,분양,4,354,태평양건설,0,1984-12-10 0:00,41989,127.1482561,37.535417,N,,
751,A14319010,한강우성아파트,광진구,자양동,아파트,분양,2,355,(주)우성건설,(주)우성건설,1993-12-21 0:00,41688,127.0657325,37.532579,N,,
752,A13607302,안암대광,성북구,안암동3가,아파트,분양,7,354,오진개발,오진개발,1971-12-09 0:00,21534,127.0217182,37.5847251,N,,
753,A13610103,정릉힐스테이트,성북구,정릉동,아파트,분양,7,355,현대건설,현대건설,2004-12-23 0:00,38940,127.0155119,37.60284,N,기업그룹,현대건설
754,A15283706,고척동아한신,구로구,고척동,아파트,분양,4,355,동아건설산업(주),동아건설산업(주),2000-04-19 0:00,46656,126.8656221,37.5006992,N,,
755,A10085902,중림삼성래미안아파트,중구,중림동,아파트,임대,2,355,삼성물산(주),충정1-3지구 재개발조합,2001-07-11 0:00,23896,126.9643574,37.5573531,N,기업그룹,삼성물산
756,A15786222,염창태진한솔,강서구,염창동,아파트,분양,5,356,태진건설,태진건설,1994-10-05 0:00,37682,126.874488,37.5488942,N,,
757,A12284501,삼성타운아파트,은평구,대조동,아파트,분양,2,357,삼성건설주식회사,삼성건설주식회사,1997-11-04 0:00,50756,126.9217449,37.609112,N,기업그룹,삼성물산
758,A14383901,군자일성파크,광진구,군자동,아파트,분양,2,357,일성건설,일성건설,1996-03-09 0:00,42443,127.0726402,37.551275,N,,
759,A13406204,둔촌신동아,강동구,둔촌동,아파트,분양,3,357,신동아건설(주),신동아건설(주),2002-11-15 0:00,50289,127.1417216,37.529157,N,,
760,A13981606,상계대동아파트,노원구,상계동,아파트,분양,3,358,대동주택(주),대동주택(주),2001-05-22 0:00,51435,127.0712567,37.6573591,N,,
761,A12012201,DMC래미안클라시스,서대문구,남가좌동,아파트,임대,2,358,(주)삼성물산,(주)삼성물산,2000-12-15 0:00,22913,126.9160723,37.5786616,N,기업그룹,삼성물산
762,A15780602,가양한보구암,강서구,가양동,아파트,분양,4,359,(주)한보,가양동주택조합,1999-02-10 0:00,39360,126.8489731,37.5681118,N,,
763,A13790714,강변아파트,서초구,잠원동,아파트,분양,4,360,한신공영(주),한신공영(주),1987-07-15 0:00,35239,127.0122486,37.5178181,N,,
764,A13085901,전농동아,동대문구,전농동,아파트,분양,2,360,동아건설,동아건설,1997-12-22 0:00,35595,127.0458375,37.5749667,N,,
765,A15089510,여의도은하,영등포구,여의도동,아파트,분양,4,360,한양주택개발(주),한양주택개발(주),1974-12-19 0:00,47603,126.9352172,37.5187571,N,,
766,A14381506,"광장삼성1,2차",광진구,광장동,아파트,분양,3,360,삼성종합건설,삼성종합건설,1987-12-29 0:00,34066,127.1020927,37.5426383,N,기업그룹,삼성물산
767,A15080604,당산유원제일1차,영등포구,당산동4가,아파트,분양,5,360,유원건설,제일은행 조합,1983-12-15 0:00,31942,126.8955412,37.530191,N,,
768,A15089411,여의도삼익,영등포구,여의도동,아파트,분양,4,360,삼익맨션,삼익맨션,1974-10-19 0:00,47520,126.9343703,37.5198261,N,,
769,A13285507,방학4단지신동아,도봉구,방학동,아파트,분양,3,361,신동아건설,신동아건설,1995-05-27 0:00,39378,127.0296648,37.6628212,N,,
770,A15886504,신정5차현대,양천구,신정동,아파트,분양,5,361,현대산업개발,현대산업개발,1999-11-30 0:00,68755,126.8546141,37.5123066,N,기업그룹,아이파크현대산업개발(HDC)
771,A12201103,응암푸르지오,은평구,응암동,아파트,분양,7,361,대우건설,응암 제3구역 재개발조합,2008-07-17 0:00,48361,126.9261538,37.597442,N,기업그룹,대우건설
772,A15288805,신도림대림5차e-편한세상,구로구,신도림동,아파트,분양,6,362,대림산업(주),대림산업(주),2003-08-16 0:00,53027,126.8811909,37.5067071,N,기업그룹,DL이앤씨
773,A12013002,DMC아이파크,서대문구,북가좌동,주상복합,기타,5,362,현대산업개발,현대산업개발,2009-03-31 0:00,57803,126.9141298,37.5757029,N,기업그룹,아이파크현대산업개발(HDC)
774,A13980108,공릉우성,노원구,공릉동,아파트,분양,3,363,우성,우성,1995-12-30 0:00,46883,127.0727424,37.6285696,N,,
775,A13824002,잠실더샵스타파크,송파구,신천동,아파트,분양,3,213,포스코건설,포스코건설,2008-09-12 0:00,99828,127.1023024,37.5169868,N,기업그룹,포스코이앤씨
776,A13706303,방배대우효령,서초구,방배동,아파트,분양,6,364,대우종합건설,대우건설,1992-11-25 0:00,38506,126.9936334,37.4797613,N,,
777,A13583402,대치쌍용2차,강남구,대치동,아파트,분양,4,364,쌍용건설,쌍용건설,1983-11-30 0:00,47180,127.0704457,37.4996197,N,기업그룹,쌍용건설
778,A12205004,갈현현대아파트,은평구,구산동,아파트,분양,4,366,현대건설,갈현아파트재건축조합,1998-11-28 0:00,45515,126.905638,37.6129617,N,기업그룹,현대건설
779,A12103002,신공덕3차삼성래미안,마포구,신공덕동,아파트,분양,6,366,삼성물산(주),삼성물산(주),2003-05-20 0:00,47646,126.9569018,37.5454825,N,기업그룹,삼성물산
780,A12184201,서교동대우미래사랑,마포구,서교동,주상복합,분양,1,366,(주)대우건설,유아이에치,2005-08-30 0:00,43753,126.9167558,37.5574299,N,기업그룹,대우건설
781,A15083602,문래공원한신,영등포구,문래동3가,아파트,분양,2,367,한신공영,기은조합,1988-07-19 0:00,32777,126.8930031,37.5175814,N,,
782,A13381604,왕십리금호어울림아파트,성동구,마장동,아파트,분양,6,367,금호건설(주),"금호건설, 범우재건축조합",2006-09-27 0:00,57538,127.041089,37.562934,N,,
783,A13186401,동부아파트,중랑구,상봉동,아파트,분양,2,368,동부건설,영건(주),1999-04-29 0:00,43503,127.093838,37.6020644,N,,
784,A15083703,신길경남,영등포구,신길동,아파트,분양,5,368,경남건설,경남건설,1999-06-15 0:00,49861,126.9183651,37.5158124,N,,
785,A13707203,풍림아이원플러스,서초구,서초동,주상복합,분양,1,200,풍림산업,메트로,2004-04-23 0:00,14610,127.029525,37.4903649,N,,
786,A15209202,개봉삼호아파트,구로구,개봉동,아파트,분양,2,369,삼호(주),개봉삼호아파트 재건축조합,1996-12-04 0:00,45794,126.8572709,37.4943419,N,기업그룹,DL건설
787,A12283603,대림아파트(녹번동),은평구,녹번동,아파트,분양,3,370,(주)대림산업,동익건설(주),1993-09-28 0:00,48802,126.9370209,37.6001439,N,기업그룹,DL이앤씨
788,A14021001,한남동리첸시아,용산구,한남동,주상복합,분양,3,371,(주)금호산업,(주)금호산업,2004-04-09 0:00,44414,127.0079791,37.5345031,N,,
789,A13086802,청량리홍릉동부,동대문구,청량리동,아파트,분양,4,371,동부건설,동부건설,2001-09-24 0:00,41080,127.04603,37.5861654,N,,
790,A15805403,목동금호어울림,양천구,목동,아파트,분양,7,371,금호산업,목동황제재건축조합,2004-11-24 0:00,68306,126.8678104,37.5336997,N,,
791,A15282105,개봉영화,구로구,개봉동,아파트,분양,2,372,영화건설,영화건설,1998-09-01 0:00,52116,126.8600001,37.4961973,N,,
792,A13082502,이문중앙하이츠빌,동대문구,이문동,아파트,분양,6,302,중앙건설,중앙건설,2002-05-23 0:00,45533,127.0646356,37.5964835,N,,
793,A15086603,양평성원,영등포구,양평동4가,아파트,분양,2,372,성원건설(주),성원건설(주),1993-07-10 0:00,46041,126.8934401,37.5343115,N,,
794,A13087405,휘경베스트빌현대,동대문구,휘경동,아파트,분양,3,372,현대건설(주),관성아파트재건축조합,2000-05-15 0:00,51869,127.0742104,37.58168,N,기업그룹,현대건설
795,A13382104,서울숲대림아파트,성동구,성수동1가,아파트,분양,6,372,대림산업(주),성수장미연립재건축조합,2000-10-27 0:00,45558,127.0452696,37.5421369,N,기업그룹,DL이앤씨
796,A15102203,신림쌍용,관악구,신림동,아파트,분양,3,373,산호재건축조합,남광토건(주),1998-02-27 0:00,50881,126.9117664,37.472164,N,,
797,A15001012,여의도공작,영등포구,여의도동,아파트,분양,4,373,(주)한양,(주)한양,1976-08-06 0:00,44708,126.9298286,37.5265231,N,,
798,A13614302,장위참누리,성북구,장위동,아파트,분양,7,373,울트라건설,sh공사,2006-04-18 0:00,54062,127.0494663,37.6231937,N,,
799,A15184101,서울대입구아이원 (1560-61),관악구,봉천동,아파트,분양,7,374,풍림산업(주),봉천10구역주택재개발정비사업조합,2006-11-30 0:00,48357,126.9455509,37.4787044,N,,
800,A14388208,자양동삼성아파트,광진구,자양동,아파트,분양,4,375,삼성물산,자양삼성아파트재건축조합,1999-04-14 0:00,39904,127.0715987,37.5324954,N,기업그룹,삼성물산
801,A13185602,상봉우정,중랑구,상봉동,아파트,분양,5,375,우정건설(주),우정건설(주),2002-05-14 0:00,54076,127.0886359,37.5996773,N,,
802,A13385301,서울숲리버그린동아,성동구,응봉동,아파트,분양,5,375,동아건설,행당구역3지구 주택재개발,2003-06-07 0:00,52279,127.0372695,37.5530787,N,,
803,A15089513,여의도진주,영등포구,여의도동,아파트,분양,4,376,라이프주택개발(주),라이프주택개발(주),1977-06-03 0:00,33447,126.9329842,37.5185166,N,,
804,A12185303,신공덕1차삼성래미안아파트,마포구,신공덕동,아파트,분양,11,834,삼성물산(주)주택개발부문,삼성물산(주)주택개발부문,2000-08-14 0:00,94417,126.9558671,37.5434094,N,기업그룹,삼성물산
805,A15081802,대림동2차한신아파트,영등포구,대림동,아파트,분양,2,234,한신공영,한신공영,1999-03-31 0:00,33926,126.9043881,37.4947769,N,,
806,A13376405,성수한진타운,성동구,성수동1가,아파트,분양,5,378,한진건설,한진그룹 서울,1994-04-04 0:00,42564,127.0453053,37.541117,N,,
807,A13885303,송파미성,송파구,송파동,아파트,분양,5,378,라이프(주),라이프(주),1985-01-12 0:00,56766,127.1192987,37.5060284,N,,
808,A15210209,오류푸르지오,구로구,오류동,아파트,분양,6,378,대우건설(주) 푸르지오,신장미 재건축,2004-04-16 0:00,53835,126.8415352,37.491628,N,기업그룹,대우건설
809,A13987301,하계학여울청구B,노원구,하계동,아파트,임대,1,378,청구(주),청구(주),2002-03-14 0:00,18276,127.0645889,37.6326446,N,,
810,A14381407,광장동 광나루현대,광진구,광장동,아파트,분양,3,380,현대산업개발,현대산업개발,1996-04-17 0:00,50237,127.108811,37.5471414,N,기업그룹,아이파크현대산업개발(HDC)
811,A12208105,현대아파트,은평구,신사동,아파트,분양,3,380,현대산업개발,동인건영외 2개 직장조합,1994-04-23 0:00,44651,126.9069618,37.5979944,N,기업그룹,아이파크현대산업개발(HDC)
812,A14206307,번동솔그린,강북구,번동,아파트,분양,4,380,홍익종합건업(주),건정종합건축사사무소,1999-09-16 0:00,40659,127.0393754,37.6261832,N,,
813,A14001101,대우월드마크용산,용산구,한강로1가,주상복합,분양,1,160,(주)대우건설,(주)프리즘지앤시,2007-10-15 0:00,37771,126.9729911,37.5371896,N,기업그룹,대우건설
814,A15009402,문래삼환,영등포구,문래동4가,아파트,분양,5,382,삼환기업,삼환기업(주),2001-09-10 0:00,49032,126.889503,37.5137751,N,,
815,A15009505,문래두산위브,영등포구,문래동5가,아파트,분양,3,383,두산건설,두산사우주택조합,1988-11-08 0:00,38376,126.8858207,37.5168776,N,,
816,A15005603,신길삼성,영등포구,신길동,아파트,분양,2,384,삼성종합건설(주),삼성종합건설(주),1984-04-14 0:00,30550,126.9112059,37.4963711,N,기업그룹,삼성물산
817,A13586602,삼성홍실,강남구,삼성동,아파트,분양,6,384,청화기업(주),청화기업(주),1981-10-05 0:00,49524,127.0596516,37.5199747,N,,
818,A13785201,방배2차현대홈타운,서초구,방배동,아파트,분양,6,384,현대건설,현대건설,2001-08-27 0:00,62786,126.9839318,37.4901591,N,기업그룹,현대건설
819,A13887403,현대리버빌2차아파트,송파구,풍납동,아파트,분양,4,384,현대건설,현대건설,1999-11-30 0:00,46653,127.1168432,37.5321466,N,기업그룹,현대건설
820,A15106103,봉천은천2단지,관악구,봉천동,아파트,분양,8,384,(주)일성건설,도시개발공사,2000-09-18 0:00,41621,126.964559,37.4699879,N,,
821,A15108003,남현우림루미아트,관악구,남현동,아파트,분양,4,174,우림건설,칠성화성재건축조합,2004-12-29 0:00,24958,126.9754499,37.4726423,N,,
822,A13982003,상계신동아,노원구,상계동,아파트,분양,3,385,신동아건설(주),(주)영수개발 직장주택조합외 6개 조합,1995-06-02 0:00,48906,127.0675315,37.6674029,N,,
823,A13402002,천호태영,강동구,천호동,주상복합,분양,5,385,태영건설,태영건설,1999-11-20 0:00,58613,127.130007,37.5381545,N,,
824,A13085902,전농동신성미소지움아파트,동대문구,전농동,아파트,분양,6,385,신성건설(주),전농연합재건축조합,2005-10-05 0:00,53911,127.0485695,37.5783111,N,,
825,A13203403,쌍문금호2차,도봉구,쌍문동,주상복합,분양,5,386,금호건설,금호건설,1991-12-27 0:00,37263,127.0290465,37.6569631,N,,
826,A15005302,신길건영,영등포구,신길동,아파트,분양,4,386,LIG건영,(주)건영,1985-09-04 0:00,44463,126.9009904,37.5042671,N,,
827,A13120403,면목경남아너스빌,중랑구,면목동,아파트,분양,9,386,경남기업(주),면목제1단지 재건축주택조합,2006-11-29 0:00,49103,127.0804639,37.5754912,N,,
828,A15722307,방화1단지(장미),강서구,방화동,아파트,분양,3,387,대양건설(주),도시개발공사,1994-07-29 0:00,29739,126.8175777,37.5742114,N,,
829,A15005401,신길삼성제2,영등포구,신길동,아파트,임대,1,387,삼성물산주식회사,삼성물산주식회사,2001-06-15 0:00,21067,126.9137002,37.5073222,N,기업그룹,삼성물산
830,A15010202,양평삼성래미안,영등포구,양평동2가,아파트,분양,5,388,삼성물산,재건축조합,1998-07-24 0:00,50959,126.882579,37.5244017,N,기업그룹,삼성물산
831,A15683901,상도쌍용,동작구,상도동,아파트,분양,6,389,쌍용건설,상도3구역주택재개발조합,2003-11-20 0:00,40422,126.9316464,37.5015468,N,기업그룹,쌍용건설
832,A13382106,성수동아,성동구,성수동1가,아파트,분양,3,390,동아주택,동아주택,1983-09-03 0:00,34021,127.0454954,37.5442259,N,,
833,A12010103,홍은풍림2차,서대문구,홍은동,아파트,분양,3,390,풍림산업,풍림산업,1990-12-19 0:00,39447,126.943037,37.5932796,N,,
834,A15009201,문래남성,영등포구,문래동2가,아파트,분양,2,390,라이프주택,라이프주택,1983-05-31 0:00,32232,126.8915407,37.5126219,N,,
835,A15009607,문래현대2차,영등포구,문래동6가,아파트,분양,2,390,현대,우정연합주택조합,1987-10-29 0:00,31657,126.882871,37.520444,N,기업그룹,현대건설
836,A13527010,도곡우성아파트,강남구,도곡동,아파트,분양,2,390,우성건설,을지조합,1986-10-31 0:00,40311,127.0371243,37.488203,N,,
837,A15886505,신정푸른마을4단지,양천구,신정동,아파트,분양,6,390,태영건설,에스에이치공사,2002-08-23 0:00,56348,126.8390636,37.5133188,N,,
838,A15208204,고척한일유앤아이,구로구,고척동,아파트,분양,7,390,한일건설,한일건설,2005-12-29 0:00,54641,126.8510935,37.5080441,N,,
839,A13790716,"신반포 한신 25,26,27차 아파트",서초구,잠원동,아파트,분양,4,391,한신공영,한신공영,1984-11-08 0:00,41412,127.0093473,37.5148608,N,,
840,A12185606,마포신촌삼익아파트,마포구,신수동,아파트,분양,4,391,(주)삼익주택,(주)삼익주택,1997-04-08 0:00,47625,126.9355656,37.5512309,N,,
841,A15807306,신정e-편한세상,양천구,신정동,아파트,분양,6,391,(주)삼호,(주)삼호,2004-01-10 0:00,63171,126.8431245,37.5125102,N,기업그룹,DL건설
842,A15283707,고척동센츄리,구로구,고척동,아파트,분양,5,391,창조건설,고척 주택 조합,1994-03-14 0:00,44067,126.8622842,37.5044346,N,,
843,A13510103,삼성청담공원,강남구,청담동,아파트,분양,8,391,삼성물산,삼성물산,1999-08-30 0:00,64721,127.0505804,37.5224412,N,기업그룹,삼성물산
844,A15004405,당산2차삼성,영등포구,당산동4가,아파트,분양,4,392,삼성물산,삼성물산,1997-09-24 0:00,53073,126.8980001,37.528049,N,기업그룹,삼성물산
845,A15105301,관악푸르지오제2단지,관악구,봉천동,아파트,임대,1,392,대우건설(주),대우,2004-08-26 0:00,28444,126.9603002,37.4896116,N,기업그룹,대우건설
846,A13707009,래미안 서초스위트 아파트,서초구,서초동,아파트,기타,3,392,(주)삼성물산,삼호2차재건축조합,2009-04-30 0:00,57710,127.0199915,37.5020921,N,기업그룹,삼성물산
847,A13819001,잠실한솔,송파구,석촌동,아파트,분양,7,393,한솔건설,재건축조합,2000-10-10 0:00,53498,127.1046578,37.5036204,N,,
848,A13790717,신반포한신16차,서초구,잠원동,아파트,분양,2,396,한신공영(주),한신공영(주),1983-01-07 0:00,26306,127.0096069,37.5168996,N,,
849,A13983608,상계한신,노원구,상계동,아파트,분양,5,397,조흥은행주택조합,한신공영(주),1995-10-17 0:00,43147,127.0596359,37.6733227,N,,
850,A15283902,신구로현대,구로구,구로동,아파트,분양,3,397,현대산업개발,현대산업개발,1988-06-17 0:00,40704,126.8930516,37.4961263,N,기업그룹,아이파크현대산업개발(HDC)
851,A15728002,마곡수명산파크6단지,강서구,내발산동,아파트,기타,6,399,SH공사,SH공사,2007-10-19 0:00,46020,126.8257712,37.5503051,N,,
852,A13922903,중계대림벽산,노원구,중계동,아파트,분양,6,400,"대림산업(주),벽산건설(주)","대림산업(주),벽산건설(주)",1993-06-30 0:00,70676,127.0772878,37.6472272,Y,기업그룹,DL이앤씨
853,A15004504,당산상아,영등포구,당산동5가,아파트,분양,4,400,동성종합건설,동성종합건설,1983-07-29 0:00,39197,126.903625,37.5300879,N,,
854,A14086101,이태원남산대림,용산구,이태원동,아파트,분양,16,400,대림산업(주),대림산업(주),1994-12-31 0:00,49963,126.9888481,37.5407149,N,기업그룹,DL이앤씨
855,A15603203,아이파크상도동,동작구,상도동,아파트,분양,6,400,현대산업개발주식회사,상도아파트재건축조합,2004-04-27 0:00,45623,126.9427071,37.5007619,N,기업그룹,아이파크현대산업개발(HDC)
856,A13305005,마장SH-vill임대,성동구,마장동,아파트,임대,4,400,KT 건설,KT 건설,2006-11-21 0:00,36999,127.0400784,37.5645087,N,,
857,A13986606,중계성원1차,노원구,중계동,아파트,분양,3,402,성원건설주식회사,서울시 교육청,1996-01-18 0:00,49233,127.0700519,37.6501711,N,,
858,A13610202,정릉푸르지오,성북구,정릉동,아파트,분양,7,403,대우건설,정릉제2구역주택재개발조합,2005-11-28 0:00,57043,127.0100372,37.6062418,N,기업그룹,대우건설
859,A14010003,용산CJ나인파크,용산구,문배동,주상복합,분양,2,280,CJ건설,선진공간,2007-07-02 0:00,67910,126.9691777,37.5360982,N,,
860,A15007201,신대림자이,영등포구,대림동,주상복합,분양,4,314,GS건설,GS건설,2007-09-27 0:00,56075,126.902438,37.4865541,N,기업그룹,GS건설
861,A13524004,개포우성3차,강남구,개포동,아파트,분양,5,405,우성건설,우성건설,1984-12-31 0:00,63304,127.0559898,37.4838941,N,,
862,A14386109,자양우성2차,광진구,자양동,아파트,분양,3,405,우성,건국대 직장주택조합,1989-07-22 0:00,35318,127.0735348,37.533336,N,,
863,A13676504,정릉스카이쌍용,성북구,정릉동,아파트,분양,3,406,쌍용건설,정릉스카이 재건축 조합,1999-02-12 0:00,55787,127.0170717,37.5992583,N,기업그룹,쌍용건설
864,A15088614,롯데캐슬엠파이어,영등포구,여의도동,주상복합,분양,2,406,롯데건설,백조재건축 조합,2005-05-02 0:00,114226,126.9263879,37.5202486,N,기업그룹,롯데건설
865,A15722108,방화동부센트레빌,강서구,방화동,아파트,분양,7,407,동부건설(주),동부건설(주),2003-11-29 0:00,68327,126.8144739,37.5747161,N,,
866,A13203302,쌍문삼성래미안,도봉구,쌍문동,아파트,분양,10,407,삼성건설(주),주택재개발조합,2002-07-26 0:00,56670,127.0280022,37.6470609,N,기업그룹,삼성물산
867,A13785705,서초우성5차아파트,서초구,서초동,아파트,분양,2,408,우성건설,우성건설,1998-05-28 0:00,51887,127.0266736,37.4948555,N,,
868,A13785004,방배삼익,서초구,방배동,아파트,분양,4,408,삼익주택,삼익주택,1981-12-16 0:00,57441,127.0015573,37.4789582,N,,
869,A13286904,쌍문한양7차,도봉구,쌍문동,아파트,분양,3,408,한양건설,(주)코리아제록스직장주택조합외 6개 조합,1993-09-17 0:00,57119,127.0338661,37.6560261,N,,
870,A15288806,"신도림우성1,2차",구로구,신도림동,아파트,분양,5,408,우성건설,우성건설,1992-12-04 0:00,44868,126.8859402,37.5114702,N,,
871,A13185603,신내건영1차,중랑구,상봉동,아파트,분양,4,408,(주) 건영,(주)제일은행 직장주택조합,1997-08-13 0:00,53195,127.0934783,37.6039877,N,,
872,A13603701,동소문한신휴플러스,성북구,동소문동4가,아파트,분양,9,409,한신공영,동소문구역주택재개발조합,2004-07-05 0:00,61982,127.0140837,37.5952789,N,,
873,A13385202,응봉대림2차,성동구,응봉동,아파트,분양,3,410,대림산업,대림산업,1989-09-21 0:00,42692,127.0321202,37.552326,N,기업그룹,DL이앤씨
874,A13483803,명일중앙하이츠아파트,강동구,상일동,아파트,분양,5,410,중앙개발,중앙개발,1992-05-09 0:00,40781,127.1598371,37.5507165,N,,
875,A15004505,당산유원제일2차,영등포구,당산동5가,아파트,분양,5,410,유원건설,유원건설,1984-09-05 0:00,56902,126.8984233,37.5333119,N,,
876,A13905204,월계6-1초안,노원구,월계동,아파트,분양,3,410,서울도시개발공사,서울도시개발공사,1998-04-30 0:00,34911,127.0443052,37.6329918,N,,
877,A13410002,강일리버파크8단지,강동구,강일동,아파트,기타,9,410,동부건설(주)외1,SH공사,2009-03-11 0:00,52880,127.1762695,37.5607222,Y,,
878,A15288807,신도림대림7차e-편한세상,구로구,신도림동,아파트,분양,6,411,(주)대림산업,동주홍상,2004-06-16 0:00,72335,126.882657,37.5083184,N,기업그룹,DL이앤씨
879,A13790004,우면대림,서초구,우면동,아파트,분양,6,412,대림산업주식회사,대림산업주식회사,1995-03-30 0:00,75028,127.0230189,37.4728411,N,기업그룹,DL이앤씨
880,A13783802,방배디오빌,서초구,방배동,주상복합,분양,1,412,대우건설,대가건설,2005-07-05 0:00,26513,126.9842059,37.4860524,N,기업그룹,대우건설
881,A13780403,반포한신서래,서초구,반포동,아파트,분양,4,414,(주)한신공영,(주)한신공영,1987-12-31 0:00,50600,127.0008946,37.4991043,N,,
882,A13286105,쌍문한양5차,도봉구,쌍문동,아파트,분양,3,414,한양,한양,1991-05-28 0:00,43087,127.0321457,37.6560324,N,,
883,A15780002,가양우성,강서구,가양동,아파트,분양,4,414,우성건설,우성건설,1990-10-30 0:00,43721,126.8542542,37.5623512,N,,
884,A13302203,하왕극동미라주,성동구,하왕십리동,아파트,분양,3,414,극동건설,극동건설,2001-12-14 0:00,59337,127.0233607,37.5585166,N,,
885,A13527011,아카데미스위트,강남구,도곡동,아파트,분양,1,414,라성건설(주),라성건설(주),2004-11-15 0:00,102379,127.052083,37.4885971,N,,
886,A13804001,풍납극동,송파구,풍납동,아파트,분양,4,415,극동건설,극동,1987-12-15 0:00,38414,127.1167332,37.5266148,N,,
887,A15603002,브라운스톤상도,동작구,상도동,아파트,분양,8,415,이수건설,상도이수지역주택조합,2007-12-26 0:00,58340,126.9437593,37.5059773,N,,
888,A13524005,개포현대1차,강남구,개포동,아파트,분양,6,416,현대산업개발(주),현대,1984-04-20 0:00,68692,127.0544301,37.4826743,N,기업그룹,아이파크현대산업개발(HDC)
889,A15788302,화곡대림아파트,강서구,화곡동,아파트,분양,5,416,대림산업(주),화곡동 재건축아파트 조합,1992-08-31 0:00,52415,126.8373402,37.5336644,N,기업그룹,DL이앤씨
890,A13804002,풍납쌍용,송파구,풍납동,아파트,분양,3,417,쌍용건설주식회사,쌍용건설주식회사,1994-07-27 0:00,52635,127.1177196,37.527262,N,기업그룹,쌍용건설
891,A15010203,양평벽산,영등포구,양평동2가,아파트,분양,3,417,한국건업,벽산건설,1990-11-10 0:00,35329,126.883568,37.5221895,N,,
892,A13471501,암사한강현대,강동구,암사동,아파트,분양,3,417,현대건설주식회사,율산아파트재건축조합,1999-05-31 0:00,56368,127.1319403,37.5552111,N,기업그룹,현대건설
893,A15704023,강변힐스테이트,강서구,염창동,아파트,분양,7,417,(주)현대건설,(주)현대건설,2005-06-28 0:00,59371,126.8740903,37.5509233,N,기업그룹,현대건설
894,A13785005,"방배임광1,2차",서초구,방배동,아파트,분양,6,418,임광토건,임광토건,1985-11-13 0:00,64805,127.0025259,37.4770722,N,,
895,A15807208,목동삼성래미안,양천구,신정동,아파트,분양,4,420,삼성건설,신정제6지구 제2지구 주택개량재개발조합,1996-09-10 0:00,57653,126.8763711,37.5157638,N,기업그룹,삼성물산
896,A13981304,상계한신1차,노원구,상계동,아파트,분양,4,420,한신공영,한신공영,1987-03-26 0:00,33130,127.0696148,37.666427,N,,
897,A13982701,상계임광아파트,노원구,상계동,아파트,분양,4,420,임광,상계임광아파트,1989-05-01 0:00,56840,127.0563489,37.6606639,N,,
898,A15085404,신길한성,영등포구,신길동,아파트,분양,5,420,한국보훈복지공단,한성건설,1997-07-21 0:00,57972,126.9188187,37.5047193,N,,
899,A12187904,DMC마포청구아파트,마포구,중동,아파트,분양,4,420,청구건설,청구건설,1994-09-29 0:00,48524,126.9020362,37.5740861,N,,
900,A14383203,구의현대6단지,광진구,구의동,아파트,분양,3,421,현대건설(주),현대건설,1994-04-29 0:00,51776,127.0948893,37.5384356,N,기업그룹,현대건설
901,A14001303,용산시티파크1단지,용산구,한강로3가,주상복합,분양,3,421,(주)대우건설,세계일보,2007-08-21 0:00,126765,126.9694981,37.5251636,N,기업그룹,대우건설
902,A15786424,염창한화꿈에그린,강서구,염창동,아파트,분양,7,422,한화건설,서울도시가스(주),2005-04-01 0:00,67804,126.8731525,37.5481893,N,기업그룹,한화
903,A11041001,효성주얼리시티아파트,종로구,인의동,주상복합,분양,2,298,(주)효성건설,태승플레이,2006-10-27 0:00,89808,126.9983959,37.571436,N,기업그룹,효성중공업
904,A15607001,흑석동양,동작구,흑석동,아파트,분양,7,423,동양메이저건설,동양메이저건설,2003-11-04 0:00,53118,126.9585765,37.5004204,N,,
905,A15210210,오류삼천리,구로구,오류동,아파트,분양,4,423,(주)삼천리M&C,삼천리,1998-11-28 0:00,62202,126.8399091,37.4927408,N,,
906,A15805302,목동2차성원아파트,양천구,목동,주상복합,분양,4,423,성원건설(주),무궁화재건축조합,2000-12-13 0:00,59210,126.8634813,37.5427613,N,,
907,A15685503,보라매파크빌,동작구,신대방동,아파트,분양,6,423,한일건설,sh공사,2002-02-27 0:00,57603,126.9155388,37.4944124,N,,
908,A13922904,중계금호,노원구,중계동,아파트,분양,3,424,금호,한일은행 중계동 연합조합,1997-01-20 0:00,46268,127.081287,37.6470308,N,,
909,A13204505,창동상아2차,도봉구,창동,아파트,분양,4,427,동성,동성,1988-02-11 0:00,34995,127.0441299,37.6531689,N,,
910,A15601103,신대방경남아너스빌,동작구,신대방동,아파트,분양,5,427,경남기업,무림아파트재건축조합,2003-02-28 0:00,65144,126.9085431,37.489496,N,,
911,A15284603,구로럭키,구로구,구로동,아파트,분양,2,427,럭키개발,구로4지구재개발조합,1992-06-25 0:00,39961,126.8940158,37.4920766,N,기업그룹,GS건설
912,A13703019,롯데캐슬갤럭시아파트,서초구,잠원동,아파트,분양,8,428,롯데건설(주),롯데건설(주),2004-04-28 0:00,92724,127.0159475,37.5190505,N,기업그룹,롯데건설
913,A12294102,DMC우방,은평구,증산동,아파트,분양,3,429,(주)우방,초원빌라 재건축조합,2000-03-20 0:00,62214,126.9029992,37.5818742,N,,
914,A15784008,등촌서광,강서구,등촌동,아파트,분양,6,430,서광건설,서광건설,1999-04-01 0:00,52065,126.8574637,37.5578978,N,,
915,A14286108,해모로,강북구,번동,아파트,분양,5,430,한진중공업(주),대한주택보증(주),2003-07-28 0:00,61664,127.0375124,37.62658,N,,
916,A12187602,래미안용강아파트,마포구,용강동,아파트,분양,9,430,삼성물산 건설부문,용강1지구 재건축조합,2003-03-21 0:00,64232,126.9413984,37.543435,N,기업그룹,삼성물산
917,A13305006,왕십리삼성,성동구,마장동,아파트,분양,5,430,삼성건설(주),대성산업(주),1996-12-14 0:00,53754,127.0402374,37.5661691,N,기업그룹,삼성물산
918,A15603502,래미안상도2차,동작구,상도동,아파트,분양,9,431,삼성물산,상도6구역주택재개발조합,2003-10-30 0:00,63061,126.9511199,37.5018787,N,기업그룹,삼성물산
919,A13608301,보문아이파크,성북구,보문동3가,아파트,분양,8,431,현대산업개발,재개발조합,2003-08-30 0:00,59904,127.0166232,37.5855901,N,기업그룹,아이파크현대산업개발(HDC)
920,A13980009,공릉태릉우성,노원구,공릉동,아파트,분양,9,432,"한국과학기술원직원,육사기간요원 주택조합","한국과학기술원직원,육사기간요원 주택조합",1985-10-28 0:00,43515,127.0854776,37.6245525,N,,
921,A13685104,정릉중앙하이츠빌1단지,성북구,정릉동,아파트,분양,7,433,(주)중앙건설,"계성제지그룹직장조합외5개조합,(주)중앙건설",2004-04-30 0:00,62123,127.0101777,37.6028813,N,,
922,A13385303,응봉신동아,성동구,응봉동,아파트,분양,4,434,신동아건설(주),금호 제 14지구,1996-04-09 0:00,43949,127.0295611,37.5504195,N,,
923,A13880701,가락미륭아파트,송파구,가락동,아파트,분양,4,435,동부건설,농협중앙회재무부주택조합,1986-11-07 0:00,42977,127.1285974,37.4937996,N,,
924,A15081503,대림우성,영등포구,대림동,아파트,분양,4,435,우성건설,한국산업은행 직원 주택조합,1985-11-27 0:00,38736,126.9009261,37.4964591,N,,
925,A13007002,용두롯데캐슬피렌체,동대문구,용두동,주상복합,분양,4,435,롯데건설,용두5구역,2009-02-05 0:00,51600,127.0360455,37.5771878,N,기업그룹,롯데건설
926,A11052201,명륜아남1차,종로구,명륜2가,아파트,분양,3,436,아남건설(주),총무처주택조합외 11개 조합,1995-12-22 0:00,55872,126.9992985,37.5859111,N,,
927,A13980010,공릉화랑타운,노원구,공릉동,아파트,분양,11,436,두산건설,도시개발공사,2000-01-27 0:00,58394,127.0879394,37.6238712,N,,
928,A12127001,상암월드컵파크5단지,마포구,상암동,아파트,분양,8,436,대동건설,SH공사,2005-09-20 0:00,68193,126.8852677,37.5806443,N,,
929,A13920207,상계1차중앙하이츠,노원구,상계동,아파트,분양,2,437,(주)중앙건설,(주)중앙건설,1997-10-16 0:00,53666,127.0689101,37.6537485,N,,
930,A13604401,삼선코오롱아파트,성북구,삼선동4가,아파트,분양,5,437,코오롱,코오롱,1999-11-02 0:00,58309,127.0132547,37.5904694,N,,
931,A14381508,광장현대9차,광진구,광장동,아파트,분양,5,437,현대건설,현대건설직장주택조합외3개,1999-04-30 0:00,52403,127.0976662,37.542369,N,기업그룹,현대건설
932,A13592601,역삼개나리래미안,강남구,역삼동,아파트,분양,7,438,삼성,개나리래미안조합,2006-08-31 0:00,93113,127.0457475,37.4983263,N,기업그룹,삼성물산
933,A14319204,자양현대3차,광진구,자양동,아파트,분양,2,439,***,자양동 연합주택조합,1996-12-09 0:00,52336,127.0834571,37.5285844,N,,
934,A15884202,신월신안약수,양천구,신월동,아파트,분양,5,440,신안건설산업(주),신안건설,1985-12-07 0:00,43192,126.8474503,37.5165172,N,,
935,A13181203,용마금호타운,중랑구,면목동,아파트,분양,5,440,금호건설,금호건설,1992-12-23 0:00,50897,127.0943633,37.582864,N,,
936,A10045401,신당삼성임대,중구,신당동,아파트,임대,3,440,삼성물산,삼성물산,1999-12-22 0:00,25406,127.0179323,37.5580944,N,기업그룹,삼성물산
937,A15282608,고척우성현대,구로구,고척동,아파트,분양,4,440,"우성건설(1,2동), 현대산업개발(3,4동)",문교부 직장조합주택 외 4개 조합,1987-11-19 0:00,44847,126.8627819,37.4988578,Y,기업그룹,아이파크현대산업개발(HDC)
938,A15886507,신정푸른마을3단지,양천구,신정동,아파트,분양,6,440,주)태영,SH공사,2001-01-29 0:00,53299,126.8368562,37.5114679,N,,
939,A13707010,래미안서초유니빌,서초구,서초동,주상복합,분양,1,440,삼성물산(주),서린상사(주),2003-08-22 0:00,36407,127.016979,37.4847031,N,기업그룹,삼성물산
940,A13804003,풍납시티극동,송파구,풍납동,아파트,분양,3,442,극동건설,풍납동 재건축 조합,1998-05-27 0:00,53701,127.1182132,37.5396031,N,,
941,A15205002,구로두산제2,구로구,구로동,아파트,임대,1,442,두산건설,두산건설,1998-11-30 0:00,22171,126.8889122,37.4885905,N,,
942,A13410003,강일리버파크2단지,강동구,강일동,아파트,기타,9,442,한신공영(주),에스에이치공사,2009-03-11 0:00,65452,127.1766546,37.5687308,N,,
943,A13880204,가락대림아파트,송파구,가락동,아파트,분양,4,443,1,가락대림아파트입주자대표회의,1988-11-18 0:00,49191,127.1188815,37.499639,N,,
944,A15609305,사당롯데캐슬샤인,동작구,사당동,아파트,분양,7,444,롯데건설,삼익아파트재건축조합,2003-10-17 0:00,87765,126.9724822,37.4907263,N,기업그룹,롯데건설
945,A14387605,자양한양,광진구,자양동,아파트,분양,6,444,(주) 한양,(주) 한양,1983-05-27 0:00,66500,127.0910116,37.5314488,N,,
946,A15809603,"벽산블루밍1단지,2단지",양천구,신월동,아파트,분양,7,444,벽산건설(주),벽산건설(주),2003-12-16 0:00,41796,126.8425224,37.513351,N,,
947,A12208204,새절역현대아파트,은평구,신사동,아파트,분양,5,445,현대건설,산업은행 외 12개 주택조합,1997-09-25 0:00,47954,126.9086256,37.5935228,N,기업그룹,현대건설
948,A15703301,등촌8단지주공아파트,강서구,등촌동,아파트,분양,5,445,주택공사,주택공사,1994-11-04 0:00,26126,126.8513767,37.5612871,N,,
949,A13009206,휘경동일스위트리버,동대문구,휘경동,아파트,분양,9,445,(주)동일,(주)동일,2007-05-18 0:00,68345,127.0686947,37.5874125,N,,
950,A15088915,롯데캐슬아이비,영등포구,여의도동,주상복합,분양,2,445,롯데건설주식회사,미주재건축조합,2005-12-30 0:00,124284,126.9317611,37.5202096,N,기업그룹,롯데건설
951,A13383702,송정건영,성동구,송정동,아파트,분양,3,447,건영,건영,2000-05-10 0:00,53703,127.0709815,37.5559647,N,,
952,A12119004,서강해모로,마포구,창전동,아파트,분양,8,447,한진중공업,한진중공업,2007-12-12 0:00,59052,126.9302387,37.5462183,N,,
953,A15283709,고척청구아파트,구로구,고척동,아파트,분양,4,448,(주)청구,(주)청구,1999-06-07 0:00,61151,126.8638405,37.5015386,N,,
954,A13480401,고덕현대,강동구,고덕동,아파트,분양,4,448,현대,현대,1995-11-30 0:00,52626,127.1521009,37.5565058,N,기업그룹,현대건설
955,A14380409,광장극동1차,광진구,광장동,아파트,분양,5,448,극동건설,대한제지,1985-09-14 0:00,76761,127.1042868,37.5431884,N,,
956,A13981608,상계동양메이저,노원구,상계동,아파트,분양,7,448,동양메이저건설(주),동양,2003-08-30 0:00,63731,127.0640146,37.6578567,N,,
957,A13293505,도봉래미안,도봉구,도봉동,아파트,분양,7,448,삼성물산(주)건설부문,도봉 제1구역 재개발조합,2005-02-18 0:00,58883,127.0462651,37.6796389,N,기업그룹,삼성물산
958,A13922905,중계한화꿈에그린,노원구,중계동,아파트,분양,8,448,한화건설,한화건설,2005-03-03 0:00,63237,127.0828152,37.6474408,N,기업그룹,한화
959,A13204506,창동동아그린,도봉구,창동,아파트,분양,3,449,동아종합환경(주),창동동아연합주택조합,1996-11-30 0:00,47340,127.0464538,37.654516,N,,
960,A13509009,아이파크삼성동,강남구,삼성동,아파트,분양,3,449,현대산업개발,현대산업개발,2004-03-18 0:00,144636,127.0591223,37.5181937,N,기업그룹,아이파크현대산업개발(HDC)
961,A13790620,한강,서초구,잠원동,아파트,분양,5,450,한신공영,공무원연금관리공단,1989-06-17 0:00,48239,127.0155924,37.5214482,N,,
962,A15286210,신도림현대,구로구,구로동,아파트,분양,3,450,현대건설주식회사,"국방부삼일주택,신도림지역주택조합",1994-01-21 0:00,50312,126.886015,37.5049671,N,기업그룹,현대건설
963,A13790721,신반포7차,서초구,잠원동,아파트,분양,3,320,한신공영(주),한신공영(주),1980-04-30 0:00,43597,127.0079051,37.5124574,N,,
964,A13980411,공릉동신,노원구,공릉동,아파트,분양,6,452,대성연합건축조합(주)동신,대성연합건축조합(주)동신,1999-12-24 0:00,65230,127.0768621,37.6280155,N,,
965,A13985406,중계현대6차,노원구,중계동,아파트,분양,5,453,(주)현대건설,(주)현대건설,2018-06-27 0:00,66423,127.0824304,37.6455756,N,기업그룹,현대건설
966,A13615002,석관코오롱,성북구,석관동,아파트,분양,6,453,코오롱건설,석관동A지구재건축조합,1999-06-12 0:00,62526,127.0657663,37.6063529,N,,
967,A15205104,구로한일유엔아이,구로구,구로동,아파트,분양,8,454,한일건설,한일건설,2006-06-27 0:00,68912,126.8756078,37.4863381,N,,
968,A15704025,염창강변한솔솔파크,강서구,염창동,아파트,분양,8,455,한솔건설,재건축조합,2005-09-23 0:00,64504,126.8671836,37.5562105,N,,
969,A13821003,송파파인타운5단지,송파구,장지동,아파트,기타,6,455,(주)진흥기업,SH공사,2008-08-22 0:00,57373,127.1299462,37.4801394,N,,
970,A13010003,장안현대,동대문구,장안동,아파트,분양,8,456,현대건설,한국도시개발(주),1984-06-30 0:00,48227,127.0688912,37.5812961,N,기업그룹,현대건설
971,A12106001,토정한강삼성,마포구,토정동,아파트,분양,3,456,삼성물산(주)건설부분,국민연금관리공단제3직장조합외 9개조합,1997-10-31 0:00,52327,126.9413292,37.5394266,N,기업그룹,삼성물산
972,A13204002,창동신도브래뉴,도봉구,창동,아파트,분양,7,456,신도,미래재건축연합,2003-09-15 0:00,72804,127.0444705,37.6563222,N,,
973,A15703302,등촌동성,강서구,등촌동,아파트,분양,6,457,동성개발,동성개발,1995-11-27 0:00,68157,126.8459121,37.5640797,N,,
974,A13985105,월계청백3단지,노원구,월계동,아파트,분양,4,458,태영,SH공사,1998-08-10 0:00,37136,127.0502719,37.6318379,N,,
975,A13302204,하왕금호베스트빌,성동구,하왕십리동,아파트,분양,6,458,금호건설,하왕1-3재개발조합,2001-10-05 0:00,70296,127.0254969,37.5612955,N,,
976,A12185304,신공덕2차삼성래미안,마포구,신공덕동,아파트,분양,7,458,삼성건설,삼성물산(주)주택부분,2000-10-28 0:00,68267,126.9579942,37.5464428,N,기업그룹,삼성물산
977,A13527013,개포4차우성,강남구,도곡동,아파트,분양,8,459,(주)우성건설,(주)우성건설,1985-12-26 0:00,73088,127.0501105,37.4857034,N,,
978,A13406205,신성둔촌미소지움1차,강동구,둔촌동,아파트,분양,2,460,주식회사 신성,주식회사 신성,1998-05-02 0:00,60252,127.1428107,37.5278063,N,,
979,A13606101,돈암풍림,성북구,돈암동,아파트,분양,5,460,풍림건설(주),주택관리조합,1999-05-11 0:00,65331,127.023656,37.5953816,N,,
980,A15080002,당산진로,영등포구,당산동1가,아파트,분양,4,461,진로건설,(주)진로,1997-08-29 0:00,52800,126.8963598,37.5206537,N,,
981,A10045001,신당푸르지오,중구,신당동,아파트,분양,9,461,대우건설(주),신당동 동화주택 주택재개발조합,2005-12-28 0:00,83068,127.0195121,37.5592169,N,기업그룹,대우건설
982,A15785608,방화동 개화아파트,강서구,방화동,아파트,분양,7,462,"신일건업(주),공영토건(주)","신일건업(주),공영토건(주)",1994-03-31 0:00,77917,126.8125423,37.5809671,Y,,
983,A13085301,전농삼성,동대문구,전농동,아파트,분양,7,463,(주)삼성물산,(주)삼성물산,2000-05-13 0:00,50283,127.0556161,37.5819426,N,기업그룹,삼성물산
984,A14386110,자양우성3차,광진구,자양동,아파트,분양,7,464,우성,우성,1989-12-30 0:00,43848,127.0720703,37.5359897,N,,
985,A12287203,수색대림한숲타운제2,은평구,수색동,아파트,임대,3,464,대림건설,sh공사,2003-07-10 0:00,28676,126.9013422,37.5863961,N,기업그룹,DL건설
986,A13983709,상계현대2차,노원구,상계동,아파트,분양,4,465,현대산업개발(주),현대산업개발(주),1993-12-30 0:00,50144,127.0504092,37.6722699,N,기업그룹,아이파크현대산업개발(HDC)
987,A12186901,코오롱하늘채,마포구,연남동,아파트,분양,6,466,코오롱건설,연세맨션재건축조합,2003-06-28 0:00,71856,126.9201576,37.5648197,N,,
988,A13122001,상봉건영캐스빌,중랑구,상봉동,아파트,분양,9,467,1,1,2006-02-10 0:00,62616,127.0911038,37.6024565,N,,
989,A13785302,방배우성,서초구,방배동,아파트,분양,9,468,우성건설,우성건설,1991-05-06 0:00,56262,126.9825806,37.4744136,N,,
990,A13922907,동진신안,노원구,중계동,아파트,분양,7,468,"동진건설, 신안건설","동진건설, 신안건설",1993-05-15 0:00,77735,127.0782043,37.6497726,Y,,
991,A13986207,중계양지대림1-2임대,노원구,중계동,아파트,임대,2,468,대림산업,서울주택도시공사,1999-02-04 0:00,26471,127.0713925,37.6517236,N,기업그룹,DL이앤씨
992,A15080205,당산동부센트레빌,영등포구,당산동3가,아파트,분양,6,468,동부건설,당산동철우아파트재건축조합 동부건설,2003-06-25 0:00,83533,126.900447,37.5244575,N,,
993,A15886508,신정푸른마을2단지,양천구,신정동,아파트,분양,5,470,현대건설(주),서울시 도시개발공사,2001-01-29 0:00,47546,126.8354272,37.5134521,N,기업그룹,현대건설
994,A13982005,상계한신2차,노원구,상계동,아파트,분양,3,471,한신 건설,한신 건설,1988-05-14 0:00,40560,127.0680666,37.6647819,N,,
995,A13981204,상계불암현대(임대),노원구,상계동,아파트,임대,1,472,현대산업개발,현대산업개발,1999-12-10 0:00,22652,127.0804264,37.6681544,N,기업그룹,아이파크현대산업개발(HDC)
996,A15788203,화곡중앙하이츠,강서구,화곡동,아파트,분양,4,473,중앙건설,중앙건설,1988-12-12 0:00,40626,126.8437889,37.5355465,N,,
997,A12009202,홍제삼성래미안,서대문구,홍제동,아파트,분양,6,474,삼성래미안,삼성래미안,2001-06-13 0:00,56189,126.9508555,37.5784484,N,,
998,A12282203,경남아너스빌(구산동),은평구,구산동,아파트,분양,9,475,경남기업,재건축조합,2004-08-13 0:00,72458,126.9054804,37.6055438,N,,
999,A13202308,방학삼익세라믹,도봉구,방학동,아파트,분양,4,476,.,.,1988-07-19 0:00,41277,127.0340669,37.6611543,N,,
1000,A13583403,대치우성1차아파트,강남구,대치동,아파트,분양,6,476,(주)우성건설,(주)우성건설,1984-01-27 0:00,57097,127.0691055,37.5002345,N,,
1001,A15081604,대림3동현대아파트,영등포구,대림동,아파트,분양,3,476,(주)현대건설,대한항공직장조합주택,1992-04-24 0:00,51181,126.8954185,37.5023194,N,기업그룹,현대건설
1002,A15005001,신길우성4차아파트,영등포구,신길동,아파트,분양,4,476,우성건설,우성건설,1991-05-04 0:00,53207,126.9164533,37.5142647,N,,
1003,A15086004,신길우성3차아파트,영등포구,신길동,아파트,분양,5,477,우성건설,우성건설,1989-04-11 0:00,48820,126.9087501,37.4972821,N,,
1004,A12187905,마포중동현대,마포구,중동,아파트,분양,6,477,현대건설,현대건설,2001-07-27 0:00,62203,126.9068961,37.5711515,N,기업그룹,현대건설
1005,A15606003,본동삼성래미안아파트,동작구,본동,아파트,분양,6,477,삼성물산,본동제4구역재개발조합,2004-10-21 0:00,72489,126.9495123,37.5099892,N,기업그룹,삼성물산
1006,A13811202,동아효성아파트(거여2단지),송파구,거여동,아파트,분양,11,478,"동아,효성",동아. 효성,1997-12-15 0:00,90785,127.1462382,37.4903349,Y,기업그룹,효성중공업
1007,A13550802,삼성 상아2차아파트,강남구,삼성동,아파트,분양,4,478,동성종합건설(주),동성종합건설(주),1981-11-30 0:00,51015,127.0500484,37.5175999,N,,
1008,A13922908,중계삼성,노원구,중계동,아파트,분양,7,478,삼성중공업,삼성중공업,1999-10-30 0:00,68645,127.0827049,37.6491475,N,,
1009,A13113003,신내동성4차,중랑구,신내동,아파트,분양,4,478,(주)동성건설,(주)동성건설,1997-07-25 0:00,57570,127.0964595,37.6067266,N,,
1010,A13402103,천호우성,강동구,천호동,아파트,분양,6,479,우성건설,우성건설,1985-02-02 0:00,43859,127.1388427,37.549769,N,,
1011,A15721005,마곡벽산,강서구,마곡동,아파트,분양,8,479,벽산건설,벽산건설,1999-06-25 0:00,68508,126.8378355,37.5757344,N,,
1012,A13385705,한신무학,성동구,하왕십리동,아파트,분양,5,480,한신공영,한신공영,1989-03-30 0:00,58198,127.0283658,37.5623584,N,,
1013,A13985106,월계청백1단지,노원구,월계동,아파트,임대,8,1147,SH공사,성원건설,1998-07-14 0:00,71915,127.051571,37.6355952,N,,
1014,A13805001,방이대림가락,송파구,방이동,아파트,분양,6,480,대림건설,대림건설,1985-02-23 0:00,67299,127.1241052,37.507175,N,기업그룹,DL건설
1015,A12102005,마포현대아파트,마포구,공덕동,아파트,분양,5,480,현대건설,한국통신공사노조주택조합,1988-05-09 0:00,45084,126.9496256,37.549767,N,기업그룹,현대건설
1016,A15004506,당산동1차효성아파트,영등포구,당산동5가,아파트,분양,6,480,효성건설,(주)효성,1999-12-10 0:00,65774,126.9020034,37.5307189,N,기업그룹,효성중공업
1017,A14280502,미아동부센트레빌,강북구,미아동,아파트,분양,8,480,동부건설,미아제10구역주택재개발조합,2006-04-25 0:00,67166,127.0257283,37.6136824,N,,
1018,A15609003,사당휴먼시아,동작구,사당동,아파트,분양,8,480,(주)서희건설,한국토지주택공사,2009-03-05 0:00,64450,126.9702595,37.4790915,N,기업그룹,서희건설
1019,A15081105,대림코오롱,영등포구,대림동,아파트,분양,5,481,코오롱건설,대한주택보증,1998-10-16 0:00,64122,126.8949211,37.5069364,N,,
1020,A12127002,상암월드컵파크6단지,마포구,상암동,아파트,분양,14,484,일성건설,서울특별시 SH공사,2005-07-15 0:00,87962,126.8842686,37.5798306,N,,
1021,A13905003,월계풍림아이원,노원구,월계동,아파트,분양,8,484,풍림건설(주),지인개발(주),2005-12-16 0:00,59974,127.0656375,37.6166071,N,,
1022,A15809702,신월신안파크,양천구,신월동,아파트,분양,11,485,신안건설산업(주),신안건설산업(주),1987-12-31 0:00,37202,126.8295859,37.5233774,N,,
1023,A15883201,양천벽산블루밍,양천구,신월동,아파트,분양,6,485,벽산건설(주),신?대경외 연합재건축주택조합,2006-09-15 0:00,60660,126.8394482,37.5243645,N,,
1024,A13983810,상계수락파크빌,노원구,상계동,아파트,분양,7,468,SH공사,SH공사,2001-05-29 0:00,82780,127.0778213,37.6694182,N,,
1025,A15681105,대방성원,동작구,대방동,아파트,분양,3,487,성원건설,성원건설,1994-01-15 0:00,54734,126.9256289,37.5094454,N,,
1026,A12010203,홍은극동,서대문구,홍은동,아파트,분양,6,488,극동건설,공익건설(주)외 9개 조합,1995-11-02 0:00,60125,126.9509978,37.6030233,N,,
1027,A15703303,등촌미주진로,강서구,등촌동,아파트,분양,8,488,미주실업(주)진로건설(주),미주실업(주)진로건설(주),1994-10-30 0:00,61300,126.8470141,37.5598381,N,,
1028,A15785709,방화청솔3단지,강서구,방화동,아파트,분양,3,488,서울시도시개발공사,서울시도시개발공사,1994-07-28 0:00,36320,126.8127261,37.5757615,N,,
1029,A15286805,구로한신1차,구로구,구로동,아파트,분양,2,488,한신공영,한국수출공단직장연합주택조합,1988-12-17 0:00,30799,126.8737607,37.4963839,N,,
1030,A13405002,암사삼성광나루,강동구,암사동,아파트,분양,4,490,삼성중공업(주),신창보훈아파트재건축주택조합,2002-11-01 0:00,76947,127.1271166,37.5540433,N,,
1031,A13009001,휘경동양1.2차,동대문구,휘경동,아파트,분양,4,490,동양메이져(주),동양메이져(주),2000-05-27 0:00,698653,127.0675572,37.5926669,N,,
1032,A13082702,이문1차푸르지오,동대문구,이문동,아파트,분양,7,490,대우건설,(주)청탑,2001-12-20 0:00,75170,127.0698249,37.6025608,N,기업그룹,대우건설
1033,A13527014,도곡대림아크로빌,강남구,도곡동,주상복합,분양,2,490,대림산업,대림산업,1999-11-26 0:00,144215,127.0510858,37.4881225,N,기업그룹,DL이앤씨
1034,A13994302,상계한양,노원구,상계동,아파트,분양,5,492,(주)한양,(주)한양,1988-05-30 0:00,54246,127.066935,37.6520108,N,,
1035,A15185704,신림건영1차,관악구,신림동,아파트,분양,3,492,건영,건영,1984-10-16 0:00,37550,126.9123312,37.4763359,N,,
1036,A13983811,수락산벨리체아파트,노원구,상계동,아파트,분양,12,492,"미주실업,동방티앤씨","미주실업,동방티앤씨",2000-06-14 0:00,104648,127.0565963,37.6816146,Y,,
1037,A13880105,가락2차쌍용아파트,송파구,가락동,아파트,분양,5,492,쌍용건설,쌍용건설,1999-10-27 0:00,61165,127.1226538,37.5014471,N,기업그룹,쌍용건설
1038,A13784907,방배신동아,서초구,방배동,아파트,분양,6,493,신동아건설(주),신동아건설(주),1981-12-30 0:00,78,127.0013722,37.4812135,N,,
1039,A13824003,한신코아,송파구,신천동,주상복합,분양,1,493,한신공영,한신공영,1988-12-30 0:00,34950,127.1043832,37.5168027,N,,
1040,A15285004,구로극동,구로구,구로동,아파트,분양,4,493,극동건설,극동건설,1984-12-08 0:00,51540,126.8894082,37.4909119,N,,
1041,A13983712,상계3차현대아파트,노원구,상계동,아파트,분양,6,494,현대산업개발,현대산업개발,1999-04-24 0:00,52166,127.053546,37.6716416,N,기업그룹,아이파크현대산업개발(HDC)
1042,A13980012,공릉우방4단지,노원구,공릉동,아파트,분양,5,494,우방건설,군인공제회,2000-05-04 0:00,63732,127.0873279,37.6266554,N,,
1043,A13287503,쌍문동익파크,도봉구,쌍문동,아파트,분양,4,495,동익건설,동익건설,1987-05-22 0:00,50372,127.0247582,37.6514803,N,,
1044,A15880905,목동금호베스트빌,양천구,목동,아파트,분양,5,495,금호건설(주),주택조합,2002-03-27 0:00,78151,126.8683758,37.5450018,N,,
1045,A15086202,양평신동아아파트,영등포구,양평동1가,아파트,분양,4,495,신동아건설(주),신동아건설(주),1982-04-06 0:00,39617,126.8865433,37.5221616,N,,
1046,A13003404,답십리우성그린,동대문구,답십리동,아파트,분양,5,496,우성건설,우성건설,1997-05-23 0:00,59040,127.0660452,37.5748599,N,,
1047,A13523003,수서가람,강남구,일원동,아파트,분양,13,496,동원건설(248세대)/두산건설(248세대),..,1993-03-09 0:00,53188,127.0853872,37.4824375,Y,,
1048,A13980413,화랑해링턴플레이스,노원구,공릉동,아파트,분양,3,196,(주)효성건설,완성연립조합,1999-12-24 0:00,28042,127.0808511,37.6239469,N,기업그룹,효성중공업
1049,A13881603,거여현대1차,송파구,거여동,아파트,분양,5,497,남산직장조합,남산직장조합,1992-03-26 0:00,55661,127.1406364,37.4931374,N,,
1050,A15288002,구로이화우성,구로구,구로동,아파트,분양,5,497,우성건설,우성건설,1998-07-15 0:00,64609,126.8940421,37.4899094,N,,
1051,A13406206,둔촌현대1차,강동구,둔촌동,아파트,분양,5,498,한국도시개발(주),한국도시개발(주),1984-11-30 0:00,54079,127.1465572,37.5317282,N,,
1052,A13286106,쌍문성원,도봉구,쌍문동,아파트,분양,7,498,성원건설주식회사,주택조합,1989-10-17 0:00,49265,127.0292747,37.6585585,N,,
1053,A15786426,염창현대1차,강서구,염창동,아파트,분양,5,498,현대산업개발,KBS주택조합,1994-04-21 0:00,58640,126.8751623,37.5528062,N,기업그룹,아이파크현대산업개발(HDC)
1054,A13588402,수서한아름,강남구,수서동,아파트,분양,7,498,"한라, 두진","한라, 두진",1993-11-01 0:00,86434,127.1035545,37.489365,Y,,
1055,A13307101,서울숲삼부아파트,성동구,행당동,아파트,분양,7,498,삼부토건,행당동 제2구역 재개발조합,1998-07-15 0:00,76080,127.0374627,37.560002,N,,
1056,A15205303,구로한신휴플러스,구로구,구로동,아파트,분양,7,498,한신공영(주),구로제7구역주택재개발조합,2007-05-17 0:00,64419,126.8913409,37.4889722,N,,
1057,A13606102,돈암범양,성북구,돈암동,아파트,분양,5,499,범양건영(주),범양재건축조합,1998-12-09 0:00,65563,127.0280209,37.603349,N,,
1058,A13985605,중계중앙하이츠,노원구,중계동,아파트,분양,5,499,중앙산업,한전주택조합외5개조합,1998-06-16 0:00,62941,127.0764103,37.6591329,N,,
1059,A13003002,답십리동서울한양,동대문구,답십리동,아파트,분양,3,499,(주)한양,답십리3-재개발조합,1989-07-25 0:00,49541,127.0603912,37.5714222,N,,
1060,A14003006,이촌동아그린아파트,용산구,이촌동,아파트,분양,6,499,동아건설,동아건설,1999-05-31 0:00,66058,126.9579794,37.5240081,N,,
1061,A12187906,월드컵참누리,마포구,중동,아파트,분양,9,499,울트라건설,중동 월드컵참누리,2006-05-04 0:00,73565,126.9045765,37.5726291,N,,
1062,A12012101,래미안남가좌2차,서대문구,남가좌동,아파트,분양,10,503,삼성건설,삼성건설,2005-10-26 0:00,80843,126.9126716,37.5719992,N,기업그룹,삼성물산
1063,A15703304,등촌주공2단지,강서구,등촌동,아파트,분양,6,505,신태진건설,대한주택공사,1995-06-05 0:00,29366,126.8425169,37.5649371,N,,
1064,A15288808,SK VIEW,구로구,신도림동,주상복합,분양,3,304,sk건설,(주)더랜드,2006-04-24 0:00,44408,126.8865014,37.5070085,N,기업그룹,SK에코플랜트
1065,A13922108,중계양지대림1차,노원구,중계동,아파트,분양,5,508,대림산업,대림산업,1998-12-01 0:00,70710,127.0709907,37.6514028,N,기업그룹,DL이앤씨
1066,A15004406,당산현대3차,영등포구,당산동4가,아파트,분양,6,509,현대건설,ㅎㅎㅎ,1988-12-28 0:00,48440,126.8964119,37.5310896,N,기업그룹,현대건설
1067,A12112002,마포강변힐스테이트,마포구,현석동,아파트,분양,10,510,현대건설(주),현석구역재개발조합,2004-02-16 0:00,76409,126.9336392,37.5433077,N,기업그룹,현대건설
1068,A14207202,래미안수유,강북구,수유동,아파트,분양,6,510,삼성물산주택사업부,수유제2구역재개발조합,2001-11-29 0:00,82140,127.0181926,37.6447964,N,기업그룹,삼성물산
1069,A15886510,신정학마을2단지,양천구,신정동,아파트,임대,4,510,두산건설(주),SH공사,2000-10-20 0:00,47601,126.8446745,37.5091685,N,,
1070,A13592002,대우디오빌역삼,강남구,역삼동,주상복합,분양,1,457,대우건설,대우건설,2002-06-25 0:00,34281,127.0429002,37.5015202,N,기업그룹,대우건설
1071,A15805404,"목동대원칸타빌2,3단지",양천구,목동,아파트,분양,6,511,(주)대원,조합,2003-06-28 0:00,81568,126.8668586,37.5321007,N,,
1072,A15101702,관악산휴먼시아3단지,관악구,신림동,아파트,임대,4,512,양우건설,한국토지주택공사,2008-03-13 0:00,40655,126.918575,37.4605825,N,,
1073,A15805111,목동현대하이페리온2차,양천구,목동,주상복합,분양,4,576,현대건설(주),(주)코리아원,2006-11-30 0:00,136860,126.870491,37.524211,N,기업그룹,현대건설
1074,A13820004,가락1차현대아파트,송파구,문정동,아파트,분양,8,514,현대산업개발,한국도시개발(주),1984-11-14 0:00,67952,127.1280554,37.4913441,N,기업그룹,아이파크현대산업개발(HDC)
1075,A15681106,대방현대1차,동작구,대방동,아파트,분양,5,514,현대건설(주),한일은행조합외5개 조합,1994-08-20 0:00,60764,126.9313091,37.5126917,N,기업그룹,현대건설
1076,A13676605,길음뉴타운 데시앙,성북구,정릉동,아파트,분양,6,514,(주)태영,숭덕재건축조합,1999-11-22 0:00,70757,127.0161135,37.6064904,N,,
1077,A13511201,압구정현대8차,강남구,압구정동,아파트,분양,5,515,도시개발,현대건설,1980-09-15 0:00,69926,127.0349464,37.5313427,N,,
1078,A14085501,현대한강,용산구,이촌동,아파트,분양,4,516,현대건설(주),현대아파트 재건축조합,1997-03-07 0:00,57480,126.9575779,37.5233298,N,기업그룹,현대건설
1079,A13003003,답십리두산위브,동대문구,답십리동,아파트,분양,7,516,두산건설,두산건설,2007-04-26 0:00,73428,127.0578742,37.5663332,N,,
1080,A15603204,상도래미안1차,동작구,상도동,아파트,분양,7,517,삼성건설(주),상도2구역 주택재개발조합,2004-12-06 0:00,81236,126.933382,37.5046037,N,기업그룹,삼성물산
1081,A15085805,신길남서울,영등포구,신길동,아파트,분양,13,518,근대건설,성아산업,1974-12-28 0:00,32295,126.9103397,37.5012317,N,,
1082,A15728003,마곡수명산파크3단지,강서구,내발산동,아파트,기타,8,518,두산건설,SH공사,2007-09-21 0:00,75332,126.8246879,37.5526641,N,,
1083,A13985107,월계청백4단지,노원구,월계동,아파트,분양,4,520,서울특별시도시개발공사,(주)태영건설,1998-08-10 0:00,51070,127.0517199,37.6316981,N,,
1084,A15003801,영등포삼환,영등포구,영등포동8가,아파트,분양,7,520,삼환기업(주),동아맨숀아파트 재건축 조합,1999-05-31 0:00,73539,126.9050948,37.5294615,N,,
1085,A13610005,정릉힐스테이트3차,성북구,정릉동,아파트,분양,19,522,현대힐스테이트,현대힐스테이트,2008-06-09 0:00,81104,127.0074949,37.6143809,N,,
1086,A13980509,공릉삼익4단지,노원구,공릉동,아파트,분양,4,525,도시개발공사,도시개발공사,1994-12-07 0:00,38318,127.0719366,37.6298852,N,,
1087,A13486504,천호동아하이빌,강동구,천호동,아파트,분양,5,526,동아건설산업(주),동아아파트재건축주택조합,2000-06-15 0:00,64496,127.1344342,37.5447137,N,,
1088,A13201206,도봉동아에코빌,도봉구,도봉동,아파트,분양,7,526,동아건설(주),.,2003-03-15 0:00,90921,127.0469082,37.6815145,N,,
1089,A13607101,안암래미안,성북구,안암동1가,아파트,분양,12,528,삼성건설,안암제1구역주택재개발조합,2005-06-16 0:00,54214,127.023761,37.589317,N,기업그룹,삼성물산
1090,A11054101,창신두산,종로구,창신동,아파트,분양,3,529,두산건설(주),두산건설,1999-04-30 0:00,65446,127.0142935,37.574221,N,,
1091,A13684605,정릉푸른마을동아,성북구,정릉동,아파트,분양,7,529,(주)동아건설산업,(주)동아건설산업,2003-10-04 0:00,75794,127.0143452,37.6073332,N,,
1092,A13187406,신내새한아파트,중랑구,신내동,아파트,분양,6,532,새한건설(주),새한건설(주),1998-11-27 0:00,68381,127.1014689,37.6051873,N,,
1093,A15010306,양평거성파스텔,영등포구,양평동3가,아파트,분양,7,532,(주)거성주택,(주)거성주택,1999-05-24 0:00,78630,126.8919132,37.5316287,N,,
1094,A12109001,마포자이,마포구,염리동,아파트,분양,10,534,GS건설(주),진주아파트 재건축조합,2003-12-05 0:00,105206,126.9451908,37.5433293,N,기업그룹,GS건설
1095,A14007001,도원삼성제2,용산구,도원동,아파트,임대,2,534,삼성물산,삼성물산,2001-08-03 0:00,37663,126.9564008,37.5397888,N,기업그룹,삼성물산
1096,A13383801,옥수중앙하이츠,성동구,옥수동,아파트,분양,9,536,중앙건설,중앙건설,1998-03-30 0:00,94934,127.016339,37.540028,N,,
1097,A15004201,당산동대우,영등포구,당산동2가,아파트,분양,2,536,대우,대우건설,1999-01-26 0:00,50379,126.8928072,37.5213197,N,기업그룹,대우건설
1098,A14381510,광장현대8단지,광진구,광장동,아파트,분양,3,537,현대건설(주),현대건설(주),1995-03-27 0:00,69686,127.1001431,37.5421038,N,기업그룹,현대건설
1099,A15807311,신트리3단지,양천구,신정동,아파트,분양,8,537,서울시도시개발공사,진흥기업,2000-10-11 0:00,84727,126.8530425,37.5119316,N,,
1100,A13821004,송파파인타운7단지,송파구,장지동,아파트,기타,6,537,극동건설,sh,2007-12-24 0:00,68286,127.1308268,37.4791574,N,,
1101,A13982702,상계마들대림,노원구,상계동,아파트,분양,4,538,대림산업주식회사,대림산업주식회사,1988-06-15 0:00,61183,127.057275,37.6597904,N,기업그룹,DL이앤씨
1102,A15003802,당산푸르지오,영등포구,영등포동8가,아파트,분양,9,538,(주)대우건설,(주)대우건설,2004-08-23 0:00,104018,126.9064223,37.5301096,N,기업그룹,대우건설
1103,A12114001,서강GS,마포구,신정동,아파트,분양,6,538,GS건설,GS건설,1999-07-01 0:00,70173,126.931681,37.5440956,N,기업그룹,GS건설
1104,A15780703,가양대림경동,강서구,가양동,아파트,분양,6,540,"대림건설, 경동건설","대림건설, 경동건설",1993-09-17 0:00,97179,126.8540714,37.5664452,Y,기업그룹,DL건설
1105,A13482603,명일한양,강동구,명일동,아파트,분양,6,540,한양건설,한양건설,1986-05-10 0:00,68771,127.1551633,37.5504635,N,,
1106,A12127003,상암월드컵파크3단지,마포구,상암동,아파트,분양,9,540,두산건설,SH공사,2003-09-30 0:00,74717,126.8896983,37.5727883,N,,
1107,A13681303,돈암동부센트레빌,성북구,돈암동,아파트,분양,9,540,동부건설(주),동부건설(주),2003-09-18 0:00,84708,127.0264895,37.6024287,N,,
1108,A13790722,잠원한신,서초구,잠원동,아파트,분양,7,540,한신공영,한신건설,1992-07-16 0:00,58034,127.0108543,37.5159339,N,,
1109,A13508009,역삼아이파크,강남구,역삼동,아파트,분양,7,541,현대산업개발(주),개나리2차저층재건축조합,2006-09-28 0:00,109797,127.0452013,37.4991341,N,기업그룹,아이파크현대산업개발(HDC)
1110,A15683402,상도동중앙하이츠빌아파트,동작구,상도동,아파트,분양,10,544,(주)중앙건설,상도동연합주택조합,2003-10-30 0:00,90285,126.9517257,37.5014488,N,,
1111,A13820005,문정건영,송파구,문정동,아파트,분양,5,545,건영,7개주택조합연합,1996-10-10 0:00,66903,127.1256477,37.4816252,N,,
1112,A13821005,송파파인타운10단지,송파구,장지동,아파트,기타,9,545,중앙건설,sh공사,2007-08-20 0:00,58786,127.1298646,37.4772989,N,,
1113,A13811203,거여4단지,송파구,거여동,아파트,분양,6,546,삼익주택(주),서울시 도시개발공사,1997-07-03 0:00,43711,127.1438346,37.4892474,N,,
1114,A13582002,논현동현,강남구,논현동,아파트,분양,6,548,동산토건(주),동산토건(주),1985-08-03 0:00,69396,127.0365482,37.5193078,N,,
1115,A11008001,무악현대임대아파트,종로구,무악동,아파트,임대,2,550,현대산업개발,SH공사,2000-10-21 0:00,34225,126.9584344,37.5757134,N,기업그룹,아이파크현대산업개발(HDC)
1116,A12220004,은평뉴타운상림마을12단지,은평구,진관동,아파트,기타,10,551,(주)롯데건설,SH,2008-05-14 0:00,76945,126.9219731,37.6411039,N,기업그룹,롯데건설
1117,A15603003,상도건영제2 관리사무소,동작구,상도동,아파트,임대,2,552,(주)건영,재개발사업,1997-09-12 0:00,29981,126.9497857,37.5071696,N,,
1118,A12188205,신촌태영데시앙,마포구,창전동,아파트,분양,10,553,태영건설,태영건설,2003-11-28 0:00,78095,126.9309792,37.5533735,N,,
1119,A13410004,강일리버파크6단지,강동구,강일동,아파트,기타,10,553,동부건설,SH공사,2009-03-11 0:00,63524,127.1772605,37.5627329,N,,
1120,A12009304,홍제유원하나,서대문구,홍제동,아파트,기타,5,554,유원건설,지역조합,1996-08-07 0:00,61031,126.9523764,37.5951028,N,,
1121,A14085002,원효산호,용산구,원효로4가,아파트,분양,6,554,한양건설,한양,1977-04-04 0:00,63238,126.9503821,37.5327172,N,,
1122,A15301105,독산동중앙하이츠빌아파트,금천구,독산동,아파트,분양,7,554,(주)중앙건설,"독산동중앙하이츠1,2지역 주택조합",2004-10-27 0:00,79874,126.8887269,37.4647875,N,,
1123,A13790723,신반포5차,서초구,잠원동,아파트,분양,5,555,한신공영,한신공영,1980-01-31 0:00,62830,127.0079791,37.5152757,N,,
1124,A13816202,가락극동,송파구,가락동,아파트,분양,7,555,극동건설(주),극동건설(주),1984-12-10 0:00,74866,127.1326936,37.4957046,N,,
1125,A13822902,잠실우성4차,송파구,잠실동,아파트,분양,7,555,우성건설,우성,1983-08-31 0:00,63327,127.0829428,37.5028243,N,,
1126,A13184107,"면목두산4,5단지",중랑구,면목동,아파트,분양,7,555,(주)두산,(주)두산건설,2000-09-27 0:00,83254,127.0817112,37.578461,N,,
1127,A13887405,풍납 현대리버빌1차,송파구,풍납동,아파트,분양,7,557,현대건설(주),풍납동 제1지구 재건축 조합,1999-11-15 0:00,82390,127.1153105,37.5307592,N,기업그룹,현대건설
1128,A13282510,방학우성2차,도봉구,방학동,아파트,분양,5,558,(주)우성건설,금성연합직장주택조합,1993-09-16 0:00,68303,127.0217568,37.6568504,N,,
1129,A13524006,개포2차 현대아파트,강남구,개포동,아파트,분양,13,558,현대산업개발(주),현대산업개발(주),1986-01-31 0:00,92836,127.0512551,37.4824869,N,기업그룹,아이파크현대산업개발(HDC)
1130,A13084101,래미안장안,동대문구,장안동,아파트,분양,8,558,삼성건설,재건축조합,2003-04-30 0:00,88939,127.0732291,37.5660182,N,기업그룹,삼성물산
1131,A13611201,래미안길음2차아파트,성북구,길음동,아파트,분양,11,560,삼성물산,삼성물산,2006-06-23 0:00,90157,127.0242907,37.610374,N,기업그룹,삼성물산
1132,A15209203,개봉두산,구로구,개봉동,아파트,분양,2,561,두산건설,화영재건축주택조합,1997-09-12 0:00,74198,126.8526549,37.4950228,N,,
1133,A13924003,공릉한보아파트,노원구,공릉동,아파트,분양,7,561,(주)한보,(주)한보,2000-10-20 0:00,69728,127.0803885,37.6280802,N,,
1134,A12011002,연희대우,서대문구,연희동,아파트,분양,7,562,대우건설(주),대우건설(주),2002-07-30 0:00,81340,126.9295194,37.5615291,N,기업그룹,대우건설
1135,A13980014,공릉해링턴플레이스(구.효성화운트빌),노원구,공릉동,아파트,분양,11,564,(주)효성,(주)효성,2000-12-15 0:00,98819,127.086808,37.6276076,N,기업그룹,효성중공업
1136,A15303202,관악벽산2단지,금천구,시흥동,아파트,임대,2,564,벽산건설(주),SH공사,2000-02-16 0:00,30202,126.9196921,37.4511267,N,,
1137,A13183204,용마한신,중랑구,면목동,아파트,분양,4,565,한신공영,면목3구역 재개발조합,1990-06-28 0:00,43455,127.0954286,37.5811929,N,,
1138,A13376702,옥수현대,성동구,옥수동,아파트,분양,8,566,현대건설,현대건설,1990-05-25 0:00,64675,127.0188915,37.5436054,N,기업그룹,현대건설
1139,A15703306,등촌주공10단지,강서구,등촌동,아파트,분양,5,566,거성건설,주택개발공사,1995-10-10 0:00,41510,126.8483689,37.5623648,N,,
1140,A13986009,롯데우성,노원구,중계동,아파트,분양,8,568,"롯데건설,우성건설","롯데건설,우성건설",1993-07-31 0:00,93285,127.072784,37.6469998,Y,기업그룹,롯데건설
1141,A13485301,강동현대홈타운,강동구,암사동,아파트,분양,9,568,현대건설,동서울아파트 재건축조합,2004-08-27 0:00,85898,127.1384801,37.5564098,N,기업그룹,현대건설
1142,A12181102,마포태영제2,마포구,대흥동,아파트,임대,2,566,태영건설(주),sh공사,1999-11-20 0:00,34580,126.9425711,37.5447358,N,,
1143,A12208205,미성아파트(신사동),은평구,신사동,아파트,분양,5,570,라이프건설,라이프건설,1987-11-27 0:00,57427,126.9077834,37.5895119,N,,
1144,A13407204,명일신동아,강동구,명일동,아파트,분양,7,570,신동아건설,신동아건설,1986-02-08 0:00,77635,127.1521237,37.5537423,N,,
1145,A15786227,염창동아3차,강서구,염창동,아파트,분양,8,570,동아건설,동아건설,1999-01-18 0:00,87367,126.8776792,37.549794,N,,
1146,A13594701,한솔마을,강남구,일원동,아파트,분양,19,570,"(주)건영,삼익주택,라이프주택","건영종합건설, 삼익주택,라이프주택",1994-06-03 0:00,66076,127.0767604,37.4819987,Y,,
1147,A13905208,월계6-2초안,노원구,월계동,아파트,분양,4,571,도시개발공사,삼익건설,1997-11-20 0:00,47158,127.0429362,37.6313268,N,,
1148,A13482505,명일동우성,강동구,명일동,아파트,분양,8,572,우성건설,우성건설,1986-05-23 0:00,76114,127.1521714,37.5509218,N,,
1149,A13183504,면목늘푸른동아아파트,중랑구,면목동,아파트,분양,4,573,동아건설산업(주),면목동 강호.동일연합재건축조합,2002-11-30 0:00,73968,127.0806504,37.572881,N,,
1150,A12109002,염리삼성래미안,마포구,염리동,아파트,분양,9,574,(주)삼성물산,염리동재개발조합,2001-03-28 0:00,82438,126.9467985,37.5489719,N,기업그룹,삼성물산
1151,A15001016,여의도대교,영등포구,여의도동,아파트,분양,4,576,삼익주택,삼익주택,1975-09-29 0:00,71820,126.9336795,37.5221527,N,,
1152,A14380211,워커힐아파트,광진구,광장동,아파트,분양,14,576,SK건설,워커힐호텔,1978-11-13 0:00,128992,127.1065657,37.5502689,N,기업그룹,SK에코플랜트
1153,A13885102,한양아파트,송파구,송파동,아파트,분양,6,576,(주)한양건설,(주)한양건설,1983-12-21 0:00,76553,127.1150497,37.5058734,N,,
1154,A15088717,여의도미성,영등포구,여의도동,아파트,분양,5,577,(주)라이프 주택,모름,1978-05-24 0:00,70062,126.9239858,37.5204822,N,,
1155,A14086001,청화아파트,용산구,이태원동,아파트,분양,9,578,청화기업,청화기업,1982-09-18 0:00,94189,126.9948167,37.5299597,N,,
1156,A13980415,공릉두산힐스빌,노원구,공릉동,아파트,분양,8,579,두산건설주식회사,신일연립주택조합,2000-10-18 0:00,83951,127.0797595,37.6209072,N,,
1157,A15286806,중앙구로하이츠,구로구,구로동,아파트,분양,6,579,(주)중앙개발,(주)중앙개발,1987-11-17 0:00,56324,126.8762765,37.4968215,N,,
1158,A13392307,강변건영,성동구,성수동1가,아파트,분양,6,580,(주)건영,LIG,2002-02-19 0:00,79253,127.0451083,37.5403701,N,,
1159,A14381512,광장현대5단지,광진구,광장동,아파트,분양,6,581,현대건설(주),현대건설직장조합주택,1989-04-21 0:00,60508,127.0998456,37.5396425,N,기업그룹,현대건설
1160,A13309102,금호삼성래미안,성동구,금호동1가,아파트,분양,11,582,삼성물산주식회사,금호제12구역 재개발조합,2001-10-31 0:00,87175,127.027307,37.5495792,N,기업그룹,삼성물산
1161,A13286107,쌍문한양6차,도봉구,쌍문동,아파트,분양,6,582,(주)한양,연합주택조합,2002-03-26 0:00,62257,127.0291405,37.6557438,N,,
1162,A13590602,압구정한양3단지,강남구,압구정동,아파트,분양,6,582,한양주택,한양주택,1979-11-13 0:00,75262,127.0419778,37.5290496,N,,
1163,A13122104,상봉태영데시앙,중랑구,상봉동,아파트,분양,11,582,(주)태영,(주)태영,2003-08-05 0:00,82567,127.0926848,37.6033569,N,,
1164,A13384403,옥수극동그린아파트,성동구,옥수동,아파트,기타,5,583,극동건설,극동건설,1997-10-02 0:00,69364,127.0100138,37.5419656,N,,
1165,A11054301,창신쌍용1단지,종로구,창신동,아파트,분양,5,585,쌍용건설,창신 제1-2 재개발조합,1992-11-25 0:00,59333,127.0140195,37.5805173,N,기업그룹,쌍용건설
1166,A13185508,브라운스톤태릉,중랑구,묵동,아파트,분양,6,587,이수건설(주),이수건설(주),2004-03-11 0:00,85686,127.0824499,37.6189128,N,,
1167,A13785008,래미안방배아트힐,서초구,방배동,아파트,분양,10,588,삼성물산,삼성건설,2004-12-14 0:00,129125,127.0051216,37.4776829,N,기업그룹,삼성물산
1168,A15088918,여의도한양,영등포구,여의도동,아파트,분양,8,588,한양,한양,1975-11-05 0:00,88763,126.9325081,37.521488,N,,
1169,A13786606,서초더샵,서초구,서초동,주상복합,분양,3,329,포스코 건설,(주) 나우타 건설,2006-01-19 0:00,58681,127.0183949,37.4841221,N,기업그룹,포스코이앤씨
1170,A13788203,유원서초아파트,서초구,서초동,아파트,분양,4,590,유원건설,한전직장조합 외 13개 조합,1993-11-25 0:00,71335,127.0187163,37.4964194,N,,
1171,A15807210,신정동아이파크,양천구,신정동,아파트,분양,7,590,현대산업개발,신세계아파트재건축조합/현대산업개발,2002-07-30 0:00,99985,126.8721471,37.5215628,N,기업그룹,아이파크현대산업개발(HDC)
1172,A15288004,구로현대,구로구,구로동,아파트,분양,5,591,현대산업개발,구로3구역재개발조합,1992-05-18 0:00,54530,126.8959791,37.488491,N,기업그룹,아이파크현대산업개발(HDC)
1173,A15101101,신림동부,관악구,신림동,아파트,기타,4,688,동부건설(주),신림5재개발조합,1993-07-19 0:00,50828,126.9292661,37.480463,N,,
1174,A15081606,대림신동아,영등포구,대림동,아파트,분양,4,591,신동아건설,신동아,1987-01-17 0:00,58341,126.8946389,37.4968598,N,,
1175,A13488104,길동GS강동자이,강동구,길동,아파트,분양,12,596,GS건설주식회사,성우아파트재건축조합,2003-11-12 0:00,116210,127.1498347,37.5380276,N,기업그룹,GS건설
1176,A15285804,구로중앙하이츠아파트,구로구,구로동,아파트,분양,5,597,중앙건설,중앙건설,2001-09-20 0:00,76848,126.8805548,37.4988595,N,,
1177,A13811204,거여3단지,송파구,거여동,아파트,임대,5,598,자유건설,sh공사,2000-10-09 0:00,52376,127.1476125,37.4902013,N,,
1178,A13922909,중계주공6단지,노원구,중계동,아파트,분양,4,600,대한주택공사,대한주택공사,1993-03-31 0:00,36247,127.0783625,37.6486487,N,,
1179,A13003405,답십리동답한신,동대문구,답십리동,아파트,분양,4,600,(주)한신공영,(주)한신공영,1992-01-03 0:00,45742,127.0625854,37.5708179,N,,
1180,A13290003,창동동아,도봉구,창동,아파트,분양,6,600,공영토건주식회사,동아건설,1988-12-29 0:00,66498,127.0503498,37.6512705,N,,
1181,A15003701,영등포경남아너스빌,영등포구,영등포동7가,아파트,분양,8,600,경남건설,경남건설,1998-11-30 0:00,84197,126.9027167,37.5239709,N,,
1182,A15208003,고척삼환로즈빌,구로구,고척동,아파트,분양,7,600,삼환기업,장미아파트조합,2004-12-10 0:00,86050,126.8574842,37.4980376,N,,
1183,A13082703,이문현대,동대문구,이문동,아파트,분양,4,601,이문1구역재개발조합,현대산업개발,2000-05-03 0:00,78058,127.070234,37.6013336,N,,
1184,A13114002,묵동아이파크,중랑구,묵동,아파트,분양,8,601,현대산업개발,현대산업개발,2002-06-21 0:00,92218,127.0737502,37.6105575,N,기업그룹,아이파크현대산업개발(HDC)
1185,A13981405,청암2단지,노원구,상계동,아파트,분양,7,602,대림산업(주),도시개발공사,2001-06-07 0:00,60598,127.0790041,37.6632392,N,기업그룹,DL이앤씨
1186,A13285406,방학삼성래미안1단지,도봉구,방학동,아파트,분양,11,603,삼성물산,삼성물산,2002-10-19 0:00,120729,127.0472435,37.6670964,N,기업그룹,삼성물산
1187,A13312302,성수롯데캐슬,성동구,성수동2가,아파트,분양,7,604,롯데건설(주),"성수2차재건축조함,롯데건설(주)",2003-09-30 0:00,105875,127.0559785,37.5460554,N,기업그룹,롯데건설
1188,A13811205,거여5단지,송파구,거여동,아파트,분양,6,605,라이프주택,도시개발공사,1997-07-03 0:00,61834,127.1453223,37.4888973,N,,
1189,A13204302,창동신창,도봉구,창동,아파트,분양,5,609,sh공사,sh공사,1998-07-07 0:00,51777,127.0416809,37.6410718,N,,
1190,A15602007,대방1차e편한세상,동작구,대방동,아파트,분양,7,609,대림산업,대림산업,2003-06-28 0:00,85253,126.9292275,37.5119652,N,기업그룹,DL이앤씨
1191,A13086703,청량리한신1차,동대문구,청량리동,아파트,임대,2,610,(주)한신공영,청량리4구역주택재개발사업조합,1997-12-16 0:00,34828,127.047631,37.587325,N,,
1192,A12084504,홍은현대,서대문구,홍은동,아파트,분양,6,610,현대산업개발(주),외환은행직장주택조합외 13개조합,1988-07-29 0:00,57861,126.938788,37.5905613,N,기업그룹,아이파크현대산업개발(HDC)
1193,A13614001,꿈의숲대명루첸,성북구,장위동,아파트,분양,9,611,대명종합건설,대명수안,2008-12-26 0:00,67924,127.0477116,37.6201173,N,,
1194,A13785604,서초진흥,서초구,서초동,아파트,분양,7,615,진흥기업,진흥,1979-08-22 0:00,84451,127.0226759,37.4973943,N,,
1195,A12013202,북가좌삼호,서대문구,북가좌동,아파트,분양,4,616,삼호건설,삼호건설,1996-02-16 0:00,81997,126.9131574,37.5765711,N,기업그룹,DL건설
1196,A12180506,공덕삼성래미안3차,마포구,공덕동,아파트,분양,10,616,삼성물산,삼성물산,2004-08-30 0:00,91330,126.9524601,37.5480555,N,기업그룹,삼성물산
1197,A15384603,남서울건영2차,금천구,시흥동,아파트,분양,3,619,건영,건영,1989-10-21 0:00,48917,126.9107055,37.449377,N,,
1198,A13681304,돈암현대,성북구,돈암동,아파트,분양,6,619,현대산업개발,주택개량재개발조함,1991-06-13 0:00,536020,127.0285886,37.6041274,N,기업그룹,아이파크현대산업개발(HDC)
1199,A13527016,도곡개포한신아파트,강남구,도곡동,아파트,분양,8,620,한신공영(주),한신공영,1985-12-14 0:00,62151,127.0489053,37.4868952,N,,
1200,A15210211,오류금강수목원,구로구,오류동,아파트,분양,22,620,금강주택,금강주택,2003-09-13 0:00,59777,126.8323205,37.4882645,N,,
1201,A14319311,자양우성7차,광진구,자양동,아파트,분양,5,625,(주)우성건설,자양연합주택조합,1998-07-06 0:00,75000,127.074599,37.5363612,N,,
1202,A15770801,화곡초록,강서구,화곡동,아파트,분양,9,626,동원건설,도시개발공사,1998-11-16 0:00,61512,126.8338501,37.5460884,N,,
1203,A13184208,면목현대,중랑구,면목동,아파트,분양,4,626,(주)현대산업개발,(주)현대산업개발,1994-09-29 0:00,75795,127.0892098,37.5757254,N,기업그룹,아이파크현대산업개발(HDC)
1204,A15210212,오류동 영풍마드레빌,구로구,오류동,아파트,분양,12,627,영풍산업(주),영풍산업(주),2002-07-29 0:00,88905,126.8387213,37.4915505,N,,
1205,A13523004,일원샘터마을,강남구,일원동,아파트,분양,9,628,극동건설/현대건설,"극동건설,현대건설",1994-02-14 0:00,87502,127.0826162,37.484274,Y,기업그룹,현대건설
1206,A15728004,마곡수명산파크2단지,강서구,내발산동,아파트,기타,9,629,"두산, 이수건설",sh공사,2007-07-26 0:00,78498,126.8318783,37.5565695,Y,,
1207,A13922910,중계주공7단지,노원구,중계동,아파트,분양,5,630,한국주택공사,한양공영(주),1993-03-31 0:00,38052,127.0796775,37.6471024,N,,
1208,A13281802,도봉럭키,도봉구,도봉동,아파트,분양,5,630,LG건설,LG건설,1992-09-05 0:00,70018,127.0444585,37.6791596,N,기업그룹,GS건설
1209,A13510005,청담삼성진흥,강남구,청담동,아파트,분양,7,630,진흥기업(주),타임종합기술,1984-07-18 0:00,97041,127.0514268,37.5201372,N,,
1210,A13583404,쌍용대치1차,강남구,대치동,아파트,분양,5,630,쌍용건설,쌍용건설,1983-03-07 0:00,86083,127.0710419,37.4980136,N,기업그룹,쌍용건설
1211,A13583701,대치현대,강남구,대치동,아파트,분양,8,630,현대건설(주),신해청재건축조합,1999-06-14 0:00,91401,127.0610401,37.5008929,N,기업그룹,현대건설
1212,A13980016,태릉현대,노원구,공릉동,아파트,분양,33,632,현대건설,현대건설,1984-11-01 0:00,60245,127.0826165,37.6253828,N,기업그룹,현대건설
1213,A13981006,상계불암대림,노원구,상계동,아파트,분양,6,634,대림산업,상계7구역재개발조합,2000-03-28 0:00,82790,127.0771611,37.6632213,N,기업그룹,DL이앤씨
1214,A12119006,서강쌍용예가,마포구,창전동,아파트,분양,15,635,쌍용건설,쌍용건설,2007-11-01 0:00,96890,126.9295552,37.5484412,N,기업그룹,쌍용건설
1215,A13307202,신동아,성동구,행당동,아파트,분양,9,636,신동아건설,신동아건설,1995-05-22 0:00,67930,127.0328542,37.5544019,N,,
1216,A14090902,이촌대림,용산구,이촌동,아파트,분양,4,638,대림산업,대림산업,1994-11-29 0:00,94207,126.9543702,37.5256238,N,기업그룹,DL이앤씨
1217,A15383905,남서울 무지개,금천구,시흥동,아파트,분양,5,640,대한종합건설,대한종합건설,1980-12-24 0:00,48429,126.8982269,37.455971,N,,
1218,A15886512,신정학마을1단지,양천구,신정동,아파트,분양,6,639,두산건설,서울특별시 도시개발공사,2000-10-25 0:00,61997,126.8443952,37.5080816,N,,
1219,A13987302,하계시영5단지,노원구,하계동,아파트,임대,13,640,유원건설,.,1989-10-30 0:00,29740,127.065671,37.6332359,N,,
1220,A12119007,창전삼성,마포구,창전동,아파트,분양,9,640,삼성물산(주)건설부분,창전구역주택개량재개발조합,1998-06-24 0:00,91069,126.9306956,37.5509952,N,기업그룹,삼성물산
1221,A13086101,제기안암골벽산,동대문구,제기동,아파트,분양,7,640,벽산건설,재건축조함,2003-06-13 0:00,101108,127.032346,37.5835133,N,,
1222,A15780401,가양강나루현대,강서구,가양동,아파트,분양,9,642,고려산업개발(주),가양동 현대연합주택조합,1999-03-26 0:00,79631,126.856966,37.5607691,N,,
1223,A13402305,천호삼성아파트,강동구,천호동,아파트,분양,3,396,삼성물산(주),삼성물산(주),1997-05-26 0:00,49295,127.1352572,37.5387176,N,기업그룹,삼성물산
1224,A15728005,마곡수명산파크7단지,강서구,내발산동,아파트,기타,10,643,SH공사,TEC건설,2008-10-01 0:00,72305,126.8223697,37.5483311,N,,
1225,A13308004,응봉금호현대,성동구,응봉동,아파트,분양,9,644,현대산업개발(주),현대산업개발(주),1990-09-20 0:00,70582,127.0309609,37.5510665,N,기업그룹,아이파크현대산업개발(HDC)
1226,A13501004,논현신동아,강남구,논현동,아파트,분양,6,644,신동아건설,논현동공무원아파트재건축조합,1997-07-04 0:00,58817,127.0233647,37.5149073,N,,
1227,A13785203,방배1차현대,서초구,방배동,아파트,분양,8,644,방배2-1지구 재건축 조합,현대건설,1999-11-09 0:00,96043,126.9839808,37.4885417,N,,
1228,A13522003,수서삼익,강남구,수서동,아파트,분양,5,645,삼익건설,도시개발,1992-10-28 0:00,57521,127.1009549,37.4891651,N,,
1229,A13881103,삼환가락,송파구,가락동,아파트,분양,9,648,(주)삼환까뮤,(주)삼환까뮤,1984-11-28 0:00,78364,127.1367851,37.4953676,N,,
1230,A13083102,래미안이문2차,동대문구,이문동,아파트,분양,9,648,삼성물산,이문5재개발조합,2004-04-13 0:00,92901,127.0600617,37.593404,N,기업그룹,삼성물산
1231,A13523005,일원목련타운,강남구,일원동,아파트,분양,8,650,금호.진로,진로.금호,1993-09-25 0:00,91291,127.0842628,37.4852093,Y,,
1232,A12103006,대우메트로디오빌,마포구,신공덕동,주상복합,분양,1,242,대우건설,마포 1-47 지구 재개발조합,2005-12-01 0:00,18207,126.9528726,37.5435044,N,기업그룹,대우건설
1233,A12180407,공덕삼성,마포구,공덕동,아파트,분양,5,651,삼성물산,공덕제1구역주택재개발조합,1999-10-16 0:00,89512,126.9514816,37.5468006,N,기업그룹,삼성물산
1234,A13922110,중계양지대림2차,노원구,중계동,아파트,분양,8,652,대림산업,중계제1 재개발조합,1999-02-11 0:00,92226,127.0725116,37.6537351,N,기업그룹,DL이앤씨
1235,A14003103,이촌현대,용산구,이촌동,아파트,분양,8,653,현대건설,현대건설,1974-12-09 0:00,92195,126.9808408,37.5185927,N,기업그룹,현대건설
1236,A14381513,광장청구,광진구,광장동,아파트,분양,4,654,청구주택,삼성광장청구연합주택조함,1996-07-05 0:00,76231,127.0962915,37.5425784,N,,
1237,A15288809,신도림동아2차,구로구,신도림동,아파트,분양,5,655,동아건설산업(주),"동아건설,삼영화학",2000-05-17 0:00,98211,126.8860242,37.5083651,N,,
1238,A14319011,자양우성1차,광진구,자양동,아파트,분양,6,656,제일은행강동구청주택사업,우성건설,1988-09-13 0:00,55720,127.0755843,37.534414,N,,
1239,A13312303,성수아이파크,성동구,성수동2가,아파트,분양,11,656,현대산업개발주식회사,현대산업개발주식회사,2003-08-28 0:00,80825,127.0572188,37.547123,N,기업그룹,아이파크현대산업개발(HDC)
1240,A14003007,LG한강자이,용산구,이촌동,아파트,분양,10,656,LG건설,이수건설,2003-04-28 0:00,193955,126.9711068,37.5199669,N,기업그룹,GS건설
1241,A12127004,상암월드컵파크2단지,마포구,상암동,아파트,분양,7,657,서광산업,SH공사,2003-11-12 0:00,71714,126.8915091,37.5749496,N,,
1242,A13980510,공릉2단지라이프,노원구,공릉동,아파트,분양,4,660,서울특별시 도시개발공사,서울특별시 도시개발공사,1994-12-07 0:00,39162,127.0665249,37.6305821,N,,
1243,A13811001,거여6단지,송파구,거여동,아파트,임대,5,660,삼우종합건설,SH공사,1997-04-10 0:00,47208,127.1466473,37.4886075,N,,
1244,A13201207,도봉삼환,도봉구,도봉동,아파트,분양,4,660,(주)삼환까뮤,(주)삼환까뮤,1987-10-29 0:00,68807,127.0488068,37.6810071,N,,
1245,A13283611,방학신동아2단지,도봉구,방학동,아파트,분양,9,660,신동아,신동아,1992-09-26 0:00,83681,127.0235374,37.6591199,N,,
1246,A12081703,디엠씨한양,서대문구,북가좌동,아파트,분양,6,660,한양건설,한양,1987-08-04 0:00,79165,126.9091078,37.5759022,N,,
1247,A15780603,가양동신대아,강서구,가양동,아파트,분양,10,660,동신주택,대아건설,1993-06-17 0:00,133109,126.8435191,37.5723889,N,,
1248,A13923103,하계청구,노원구,하계동,아파트,분양,5,660,(주)청구주택,(주)청구주택,1988-10-29 0:00,62776,127.068697,37.6377945,N,,
1249,A15205305,구로두산위브,구로구,구로동,아파트,분양,9,660,두산건설,두산건설,2006-07-28 0:00,65642,126.8902975,37.4860899,N,,
1250,A12204102,북한산현대홈타운,은평구,불광동,아파트,분양,15,662,현대건설(주),불광제1구역 재개발조합,2004-05-29 0:00,95385,126.9350558,37.6121197,N,기업그룹,현대건설
1251,A15086006,보라매경남아너스빌,영등포구,신길동,아파트,분양,9,669,경남기업,경남기업,2005-08-12 0:00,73157,126.9094978,37.4945833,N,,
1252,A15303203,관악우방,금천구,시흥동,아파트,분양,8,671,우방건설,우방건설,2002-12-30 0:00,92069,126.9141297,37.4490446,N,,
1253,A13881204,가락프라자,송파구,가락동,아파트,분양,11,672,태평양건설,태평양건설,1985-07-31 0:00,92094,127.1335117,37.491928,N,,
1254,A14210001,삼각산아이원임대,강북구,미아동,아파트,임대,2,673,풍림건설,풍림건설,2003-12-30 0:00,38504,127.0185281,37.6172903,N,,
1255,A13981407,상계조합대림,노원구,상계동,아파트,분양,5,675,대림산업,상계 4-2구역 재개발 조합,1989-08-14 0:00,65052,127.0745267,37.6630519,N,기업그룹,DL이앤씨
1256,A12187403,염리상록,마포구,염리동,아파트,기타,6,678,신원건설,SH공사,1997-08-30 0:00,49875,126.9475627,37.5514198,N,,
1257,A13580602,개포경남아파트,강남구,개포동,아파트,분양,9,678,경남건설,경남건설,1984-03-08 0:00,102480,127.0535707,37.4844613,N,,
1258,A13611004,길음삼부,성북구,길음동,주상복합,분양,6,684,삼부토건,돈암 제 2-1 구역 재개발 조합,1998-02-02 0:00,82701,127.0230734,37.602455,N,,
1259,A15785710,방화4단지(삼익삼환),강서구,방화동,아파트,분양,13,680,"삼환, 삼익건설","삼환, 삼익건설",1994-08-24 0:00,112794,126.8141297,37.5773423,Y,,
1260,A13522004,수서삼성,강남구,수서동,아파트,분양,12,680,삼성물산(주),삼성생명보험(주),1997-11-01 0:00,91842,127.0907043,37.4848991,N,기업그룹,삼성물산
1261,A15703307,등촌대림아파트,강서구,등촌동,아파트,분양,8,680,대림산업(주),대림산업(주),1995-07-13 0:00,105308,126.845847,37.5621573,N,기업그룹,DL이앤씨
1262,A12102008,삼성래미안공덕2차,마포구,공덕동,아파트,분양,9,683,공덕2지구재개발주택조합,삼성물산,2004-06-29 0:00,106788,126.9595592,37.5509157,N,,
1263,A10045402,약수하이츠아파트(임대),중구,신당동,아파트,임대,3,684,동아건설,동아건설,1999-07-29 0:00,35380,127.0147458,37.5548919,N,,
1264,A13923104,하계미성,노원구,하계동,아파트,분양,6,685,라이프주택,라이프주택,1989-06-21 0:00,66774,127.069553,37.6346848,N,,
1265,A13123102,중랑숲금호어울림,중랑구,망우동,아파트,분양,13,686,금호산업(주),장미아파트주택재건축정비사업조합,2006-04-28 0:00,100207,127.1086486,37.6027744,N,,
1266,A15005303,신길1차우성아파트,영등포구,신길동,아파트,분양,6,688,(주)우성건설,(주)우성건설,1986-09-03 0:00,61767,126.9004211,37.5053313,N,,
1267,A13606003,돈암일신건영휴먼빌,성북구,돈암동,아파트,분양,11,689,일신건영,아리랑재건축조합,2005-06-01 0:00,115090,127.0125252,37.6009267,N,,
1268,A13922406,중계주공4단지,노원구,중계동,아파트,분양,5,690,대한주택공사,대한주택공사,1991-09-14 0:00,58605,127.0767728,37.6557402,N,,
1269,A13203408,쌍문금호1차아파트,도봉구,쌍문동,아파트,분양,7,690,금호건설,금호건설,1990-09-24 0:00,56669,127.0335,37.6590733,N,,
1270,A13980017,공릉2-6,노원구,공릉동,아파트,임대,4,691,두산건설(주),에스에이치공사,1999-08-20 0:00,41539,127.0877768,37.6247198,N,,
1271,A13204507,창동상아1차,도봉구,창동,아파트,분양,5,694,효성,(주)동성,1987-11-27 0:00,59634,127.0422898,37.6540521,N,기업그룹,효성중공업
1272,A13410005,강일리버파크10단지,강동구,강일동,아파트,기타,12,694,계룡건설(주),SH공사,2009-04-06 0:00,94100,127.1799976,37.5592085,N,기업그룹,계룡건설산업
1273,A13922111,중계주공8단지,노원구,중계동,아파트,분양,6,696,대한주택공사,한양,1993-03-31 0:00,49235,127.0753469,37.6463243,N,,
1274,A15807313,신트리2단지,양천구,신정동,아파트,임대,4,698,진흥기업(주),서울주택도시공사,2000-05-23 0:00,49084,126.852873,37.5132996,N,,
1275,A13987205,하계1차청구아파트,노원구,하계동,아파트,분양,10,700,청구건설,청구건설,1997-06-27 0:00,87922,127.0709532,37.6394506,N,,
1276,A13980018,공릉비선,노원구,공릉동,아파트,분양,7,700,두산건설,서울시 도시개발공사,1999-07-29 0:00,60160,127.0873726,37.6257794,N,,
1277,A14003008,이촌한강맨션,용산구,이촌동,아파트,분양,23,660,주택공사,주택공사,1971-03-22 0:00,78467,126.9747156,37.5182077,N,,
1278,A13821006,송파파인타운8단지,송파구,장지동,아파트,기타,5,700,(주)신창건설,SH공사,2008-10-20 0:00,72535,127.1282926,37.4792659,N,,
1279,A15885514,신정6차현대,양천구,신정동,아파트,분양,7,703,현대산업개발(주),신정시영아파트재건축 주택조합,2000-10-21 0:00,98563,126.8408442,37.5079077,N,기업그룹,아이파크현대산업개발(HDC)
1280,A12009102,홍제현대아파트,서대문구,홍제동,아파트,분양,8,704,현대산업개발,홍제11구역 재개발조합,1992-07-08 0:00,86368,126.9414014,37.5890017,N,기업그룹,아이파크현대산업개발(HDC)
1281,A14003104,이촌동삼성리버스위트,용산구,이촌동,아파트,분양,6,244,삼성물산(주),청탑.한신재건축조합,2002-04-30 0:00,68371,126.9768136,37.5172456,N,기업그룹,삼성물산
1282,A13186907,중앙하이츠,중랑구,신내동,아파트,분양,5,704,중앙건설(주),한전조합,1996-03-28 0:00,78862,127.0981187,37.6033568,N,,
1283,A13204404,창동아이파크(창동2.3차현대),도봉구,창동,아파트,분양,11,797,현대산업개발,현대산업개발,2001-06-14 0:00,122548,127.0460989,37.6610455,N,기업그룹,아이파크현대산업개발(HDC)
1284,A12220005,은평뉴타운상림마을1단지,은평구,진관동,아파트,기타,11,707,삼환기업,sh공사,2008-05-14 0:00,101274,126.9227727,37.6415577,N,,
1285,A13804004,풍납현대,송파구,풍납동,아파트,분양,6,708,현대건설(주),지역조합연합주택,1995-11-14 0:00,77537,127.1188746,37.5293329,N,기업그룹,현대건설
1286,A15105004,보라매삼성,관악구,봉천동,아파트,분양,8,710,삼성중공업,외환은행 주택조합,1996-04-25 0:00,93237,126.9277936,37.4941134,N,,
1287,A15703004,등촌부영,강서구,등촌동,아파트,분양,7,712,동광주택(주),동광주택(주),1994-12-07 0:00,76184,126.843643,37.5635619,N,,
1288,A10085903,중림삼성사이버빌리지,중구,중림동,아파트,분양,12,712,삼성물산,충정1-3지구 주택재개발조합,2001-07-11 0:00,101914,126.9653021,37.5581126,N,기업그룹,삼성물산
1289,A13905302,성원(사슴4),노원구,월계동,아파트,분양,6,713,(주)성원건설,서울시 도시개발공사,1995-06-12 0:00,52499,127.0630305,37.6297676,N,,
1290,A13509010,삼성롯데캐슬프레미어,강남구,삼성동,아파트,분양,11,713,롯데건설,해청재건축조합,2007-03-26 0:00,148988,127.0447625,37.5152753,N,기업그룹,롯데건설
1291,A15282810,고척서울가든,구로구,고척동,아파트,분양,5,715,삼익건설산업(주),삼익건설,1989-07-25 0:00,70913,126.8600913,37.5017893,N,,
1292,A15105602,봉천우성제2,관악구,봉천동,아파트,임대,2,717,우성건설(주),우성건설(주),2000-12-13 0:00,36086,126.9611905,37.4845336,N,,
1293,A15205511,신도림롯데,구로구,구로동,아파트,분양,11,718,(주)롯데건설,(주)다보종합건축사,1999-11-27 0:00,103231,126.8844706,37.50345,N,기업그룹,롯데건설
1294,A15609502,사당자이,동작구,사당동,아파트,분양,9,719,엘지건설(주),해병주택재건축조합,1999-12-28 0:00,76425,126.9631362,37.4883863,N,,
1295,A13593801,일원동 수서아파트,강남구,일원동,아파트,분양,7,720,신한건설,서울시도시개발공사,1992-11-26 0:00,52885,127.0902856,37.4926394,N,,
1296,A13792306,서초트라팰리스1차,서초구,서초동,주상복합,분양,3,257,삼성물산,세진푸드시스템,2005-11-18 0:00,54029,127.027958,37.4868714,N,기업그룹,삼성물산
1297,A15086007,신길우성2차,영등포구,신길동,아파트,분양,7,725,우성건설,우성건설,1986-09-25 0:00,68386,126.9125548,37.4982638,N,,
1298,A13923106,하계2차현대아파트,노원구,하계동,아파트,분양,12,730,현대산업개발,현대산업개발,1997-07-31 0:00,96388,127.0720793,37.6446141,N,기업그룹,아이파크현대산업개발(HDC)
1299,A13591903,역삼개나리,강남구,역삼동,아파트,분양,3,264,삼호건설,삼호,1979-02-23 0:00,51332,127.0458064,37.5007799,N,기업그룹,DL건설
1300,A13550502,도곡삼성래미안,강남구,도곡동,아파트,분양,10,732,(주)삼성물산,(주)삼성물산,2001-12-01 0:00,126761,127.0500044,37.4895947,N,기업그룹,삼성물산
1301,A12127005,상암월드컵파크7단지,마포구,상암동,아파트,분양,17,733,진흥기업,SH공사,2005-06-02 0:00,114990,126.8812087,37.5819338,N,,
1302,A15286807,구로현대연예인,구로구,구로동,아파트,분양,6,735,현대산업개발(주),연예인주택조합,1989-08-28 0:00,72432,126.8771082,37.4929871,N,기업그룹,아이파크현대산업개발(HDC)
1303,A13087201,청량리신현대,동대문구,회기동,아파트,분양,8,736,현대건설,kt주택조합,1989-05-26 0:00,73735,127.0518397,37.5896298,N,기업그룹,현대건설
1304,A13606105,돈암풍림임대,성북구,돈암동,아파트,임대,1,309,풍림산업(주),SH공사,1999-05-11 0:00,16723,127.022153,37.5969942,N,,
1305,A13606106,돈암삼성임대,성북구,돈암동,아파트,임대,2,736,삼성물산(주),삼성물산(주),1999-04-30 0:00,39152,127.0244619,37.5991559,N,기업그룹,삼성물산
1306,A13592604,역삼푸르지오,강남구,역삼동,아파트,분양,11,738,대우건설,.,2006-01-02 0:00,99363,127.0460658,37.4975289,N,기업그룹,대우건설
1307,A13003201,답십리두산,동대문구,답십리동,아파트,분양,9,739,두산건설주식회사,답십리제9구역재개발조합,2000-08-02 0:00,102271,127.0598719,37.5696142,N,,
1308,A13594702,상록수아파트,강남구,일원동,아파트,분양,22,740,"남광, 대우","남광토건, 대우",1993-03-27 0:00,82830,127.0810461,37.4818518,Y,기업그룹,대우건설
1309,A13003406,답십리동아,동대문구,답십리동,아파트,분양,7,741,동아건설,동아건설,2001-11-23 0:00,107306,127.0617276,37.5693658,N,,
1310,A13822301,갤러리아팰리스,송파구,잠실동,주상복합,분양,3,741,"삼성물산,한화건설",한화건설,2005-01-11 0:00,265792,127.0939498,37.5111075,Y,기업그룹,삼성물산; 한화
1311,A15601104,보라매롯데낙천대,동작구,신대방동,아파트,분양,7,734,롯데건설,신생 재건축조합,2003-08-02 0:00,93924,126.9135893,37.4943002,N,기업그룹,롯데건설
1312,A13885304,송파한양2차,송파구,송파동,아파트,분양,10,744,(주)한양,(주)한양,1984-10-23 0:00,98678,127.1161969,37.5050983,N,,
1313,A15001019,여의도광장,영등포구,여의도동,아파트,분양,8,744,삼익주택,삼익주택,1978-07-29 0:00,109237,126.9207006,37.520651,N,,
1314,A13684306,정릉중앙하이츠빌2단지,성북구,정릉동,아파트,분양,9,745,중앙건설,정릉463재건축조합 외,2005-11-16 0:00,107342,127.0091944,37.6049603,N,,
1315,A13613005,하월곡동신,성북구,하월곡동,아파트,분양,5,746,조합,동신건설,1998-07-01 0:00,89139,127.0352907,37.6044231,N,,
1316,A13410006,강일리버파크4단지,강동구,강일동,아파트,기타,10,748,sh공사,한신공영,2009-03-11 0:00,92087,127.1767916,37.5669952,N,,
1317,A13813008,오금대림,송파구,오금동,아파트,분양,7,749,대림산업(주),오금재개발조합,1988-12-10 0:00,94110,127.1292057,37.5103525,N,기업그룹,DL이앤씨
1318,A13886009,상아2차아파트,송파구,오금동,아파트,분양,6,750,동성개발,동성개발,1988-11-02 0:00,62753,127.136586,37.4981134,N,,
1319,A13204508,창동주공2단지,도봉구,창동,아파트,분양,5,750,대한주택공사,대한주택공사,1990-07-12 0:00,46684,127.0423156,37.6527304,N,,
1320,A13587603,선릉에클라트,강남구,삼성동,주상복합,분양,1,293,LG건설,(주)규형디앤씨,2004-06-22 0:00,45274,127.0509492,37.5061723,N,기업그룹,GS건설
1321,A13788206,서초아크로비스타,서초구,서초동,주상복합,분양,3,757,대림건설(주),대상주식회사,2004-06-25 0:00,258428,127.0133305,37.4981987,N,기업그룹,DL건설
1322,A13883602,방이코오롱,송파구,방이동,아파트,분양,6,758,코오롱건설,성북전화국 외 10개 조합,1991-10-18 0:00,83235,127.1226227,37.5090693,N,,
1323,A13302206,왕십리풍림아이원,성동구,하왕십리동,아파트,분양,15,758,풍림산업(주),풍림산업(주),2004-11-30 0:00,107387,127.0246988,37.5586201,N,,
1324,A12127006,상암월드컵파크4단지,마포구,상암동,아파트,분양,12,761,태영건설,SH공사,2006-10-11 0:00,123555,127.0484681,37.5163114,N,,
1325,A15288301,궁동우신빌라,구로구,궁동,연립주택,분양,28,762,세종건설(주),세종건설(주),1988-11-21 0:00,63413,126.8305225,37.4942451,N,,
1326,A13983713,두산아파트,노원구,상계동,아파트,분양,11,763,두산건설,두산건설,1994-10-15 0:00,70005,127.053155,37.6773823,N,,
1327,A13187201,신내8단지두산화성,중랑구,신내동,아파트,분양,8,763,"두산건설,화성산업","두산개발,화성산업",1995-12-22 0:00,86432,127.0951075,37.6137027,Y,,
1328,A15606004,본동신동아,동작구,본동,아파트,분양,9,765,신동아,본동제1구역제2지구주택개량재개발조합,1993-06-26 0:00,85044,126.9518199,37.5096842,N,,
1329,A13511101,"압구정 현대(10,13,14차)",강남구,압구정동,아파트,분양,10,766,현대산업개발,현대산업개발,1982-06-14 0:00,89278,127.0261483,37.5306296,N,기업그룹,아이파크현대산업개발(HDC)
1330,A12009305,문화촌현대,서대문구,홍제동,아파트,분양,4,768,고려개발,현대,2002-11-22 0:00,90620,126.9494989,37.592258,N,,
1331,A13407002,"명일삼익가든1,2차",강동구,명일동,아파트,분양,10,768,(주)삼익주택,(주)삼익주택,1984-10-16 0:00,88072,127.1477263,37.5472116,N,,
1332,A13528102,대치아이파크,강남구,대치동,아파트,분양,11,768,현대산업개발,대치도곡제2아파트재건축조합,2008-06-03 0:00,147442,127.0545833,37.4949838,N,기업그룹,아이파크현대산업개발(HDC)
1333,A15010307,양평동6차현대아파트,영등포구,양평동3가,아파트,분양,9,770,고려산업개발(주),양평동현대연합주택,2000-12-15 0:00,99216,126.8935179,37.5318555,N,,
1334,A15807315,신정동일하이빌,양천구,신정동,아파트,분양,11,770,동일토건,동일토건,2005-10-28 0:00,139670,126.8391532,37.5119294,N,,
1335,A13007004,용두신동아,동대문구,용두동,아파트,분양,5,772,신동아건설,신동아건설,1994-10-14 0:00,75358,127.0322964,37.5726319,N,,
1336,A13483002,명일지에스,강동구,명일동,아파트,분양,2,772,LG건설,명일시영아파트 재건축조합,1999-12-27 0:00,102624,127.1460609,37.5490861,N,기업그룹,GS건설
1337,A13984409,월계사슴2단지,노원구,월계동,아파트,임대,5,775,(주)기산,SH공사,1995-06-12 0:00,39329,127.061027,37.6323576,N,,
1338,A15083603,문래힐스테이트,영등포구,문래동3가,아파트,분양,14,776,현대건설,고산공영,2003-06-19 0:00,157024,126.8908636,37.5183627,N,기업그룹,현대건설
1339,A15704028,염창동아1차,강서구,염창동,아파트,분양,5,778,동아건설,동아건설,1998-06-29 0:00,103169,126.8731282,37.5548498,N,,
1340,A13986012,중계청구3차,노원구,중계동,아파트,분양,9,780,청구건설,청구건설+주민495명연합조합,1996-07-22 0:00,110118,127.0750637,37.6499123,N,,
1341,A13887302,풍납동아한가람,송파구,풍납동,아파트,분양,7,782,동아건설,동아건설외 9개 연합,1995-06-13 0:00,95001,127.1153829,37.5377775,N,,
1342,A15101903,건영3차아파트,관악구,신림동,아파트,분양,7,783,건영,건영,1996-06-18 0:00,77543,126.9416614,37.467082,N,,
1343,A15004202,당산2가현대,영등포구,당산동2가,아파트,분양,7,783,현대건설,당산동한전연합주택조합,1994-06-08 0:00,99571,126.894895,37.5235102,N,기업그룹,현대건설
1344,A15209205,삼환아파트,구로구,개봉동,아파트,분양,6,783,삼환기업(주),영실재건축조합,1995-11-30 0:00,98554,126.8579825,37.4966514,N,,
1345,A13286109,쌍문현대1차,도봉구,쌍문동,아파트,분양,8,783,현대건설,현대건설,1990-10-19 0:00,73162,127.0312223,37.6585731,N,기업그룹,현대건설
1346,A15383702,시흥삼익,금천구,시흥동,아파트,분양,13,786,삼익건설,반도아파트 재건축조합,1999-09-20 0:00,115776,126.9094589,37.4632836,N,,
1347,A13613006,월곡래미안루나밸리,성북구,하월곡동,아파트,분양,11,787,삼성물산,월곡2구역주택재개발정비사업조합,2007-10-23 0:00,119106,127.0421157,37.599088,N,기업그룹,삼성물산
1348,A13985907,중계염광아파트,노원구,중계동,아파트,분양,5,791,염광건설(주),염광건설(주),1996-06-18 0:00,109964,127.0729582,37.6561843,N,,
1349,A13676702,정릉대우,성북구,정릉동,아파트,분양,7,791,(주)대우,선덕아파트 재건축조합외 7개 조합,2001-06-21 0:00,94057,127.0034409,37.6180331,N,기업그룹,대우건설
1350,A12181403,도화현대2차아파트(임대),마포구,도화동,아파트,임대,2,793,현대건설(주),현대건설(주),2000-03-11 0:00,36593,126.9508751,37.5377686,N,기업그룹,현대건설
1351,A13789203,양재우성,서초구,양재동,아파트,분양,11,848,우성건설,우성건설,1991-11-29 0:00,92578,127.0246641,37.4655445,N,,
1352,A13920209,상계중앙하이츠2차,노원구,상계동,아파트,분양,9,795,중앙건설,중안건설,1998-09-05 0:00,104035,127.068317,37.6549666,N,,
1353,A12125202,성산월드타운대림,마포구,성산동,아파트,분양,10,795,대림산업,대림산업,2004-08-24 0:00,96162,126.908252,37.5693576,N,기업그룹,DL이앤씨
1354,A13821007,송파파인타운9단지,송파구,장지동,아파트,기타,7,796,신일산업,sh공사,2007-12-24 0:00,81605,127.1287418,37.4782198,N,,
1355,A15681108,대방주공2단지,동작구,대방동,아파트,분양,10,798,유원건설,대한주택공사,1995-04-27 0:00,62383,126.929455,37.5095402,N,,
1356,A13113004,신내동성3차아파트,중랑구,신내동,아파트,분양,6,800,(주)동성,(주)동성,1997-05-07 0:00,114403,127.0962591,37.608527,N,,
1357,A13087407,휘경주공2단지,동대문구,휘경동,아파트,분양,7,800,LH공사,LH공사,2001-11-15 0:00,81686,127.0707607,37.5830037,N,,
1358,A15081002,당산강변래미안3차,영등포구,당산동,아파트,분양,13,801,삼성물산,시범.외기재건축조합,2002-06-26 0:00,128722,126.9085041,37.5293549,N,기업그룹,삼성물산
1359,A13187302,신내대명11단지,중랑구,신내동,아파트,분양,6,804,대명건설,서울시도시개발공사,1996-03-13 0:00,63545,127.0942125,37.6073321,N,,
1360,A13528103,대치동부센트레빌,강남구,대치동,아파트,분양,7,805,동부건설,대치주공고층아파트재건축조합,2005-01-28 0:00,212325,127.055548,37.4930864,N,,
1361,A13480403,고덕아남,강동구,고덕동,아파트,분양,8,807,아남건설,아남건설,1996-03-29 0:00,100548,127.1467882,37.5579377,N,,
1362,A13290809,창동주공1단지,도봉구,창동,아파트,분양,6,808,대한주택공사,대한주택공사,1990-09-06 0:00,59990,127.0394284,37.6534424,N,,
1363,A11081302,인왕산아이파크,종로구,무악동,아파트,분양,17,810,현대산업개발,현대산업개발,2008-07-25 0:00,142421,126.9572222,37.5771174,N,기업그룹,아이파크현대산업개발(HDC)
1364,A13305007,마장세림,성동구,마장동,아파트,분양,9,811,세림건설,세림건설,1986-12-27 0:00,69492,127.0452055,37.5652973,N,,
1365,A13481305,길동우성2차,강동구,길동,아파트,분양,6,811,우성건설,우성건설,1994-10-29 0:00,85080,127.1437013,37.5370211,N,,
1366,A15288810,신도림동아3차,구로구,신도림동,아파트,분양,9,813,동아건설산업,조흥화학,2000-11-14 0:00,124839,126.8842082,37.5095601,N,,
1367,A13187203,신내진로아파트,중랑구,신내동,아파트,분양,17,818,진로,진로,1995-12-06 0:00,142806,127.093395,37.6141198,N,,
1368,A12127007,상암월드컵1단지,마포구,상암동,아파트,임대,6,820,(주)삼호,SH공사,2003-09-29 0:00,70519,126.8933187,37.5753148,N,기업그룹,DL건설
1369,A13302001,청계벽산,성동구,하왕십리동,아파트,분양,7,822,벽산건설(주),하왕3구역 재개발조합,1996-06-07 0:00,106826,127.0319041,37.5688924,N,,
1370,A13594007,대청,강남구,개포동,아파트,분양,6,822,삼익건설,도시개발공사,1992-10-14 0:00,56825,127.07521,37.4941776,N,,
1371,A13677206,정릉우성,성북구,정릉동,아파트,분양,5,823,우성건설,한국데이타통신(주)제3직장주택조합외 11개조합,2000-02-12 0:00,99446,127.0156807,37.6010726,N,,
1372,A13203303,쌍문한양1차,도봉구,쌍문동,아파트,분양,8,824,한양건설,한양건설,1986-12-02 0:00,76065,127.0306912,37.6460891,N,,
1373,A15288611,신도림미성,구로구,신도림동,아파트,분양,6,824,라이프건설,라이프건설,1987-12-11 0:00,71796,126.8765698,37.5072861,N,,
1374,A15603205,상도건영,동작구,노량진동,아파트,분양,6,824,(주)건영,본동2구역주택재개발조합,1997-09-12 0:00,142301,126.9497843,37.5071675,N,,
1375,A13590204,압구정한양아파트제2단지,강남구,압구정동,아파트,분양,11,826,(주)한양주택,한양주택,1978-11-30 0:00,120877,127.0404998,37.5298469,N,,
1376,A15005402,신길삼성래미안,영등포구,신길동,아파트,분양,12,826,삼성물산,신길2-3지구주택재개발조합,2001-06-15 0:00,111956,126.9152452,37.5054901,N,기업그룹,삼성물산
1377,A13981208,상계불암현대,노원구,상계동,아파트,분양,5,826,현대산업개발(주),현대산업개발(주),1999-12-10 0:00,108314,127.0818153,37.6678352,N,기업그룹,아이파크현대산업개발(HDC)
1378,A15205108,구일우성아파트,구로구,구로동,아파트,분양,10,829,(주)우성건설,(주)우성건설,1998-05-16 0:00,109938,126.8769093,37.4902883,N,,
1379,A13921003,상계주공8단지,노원구,상계동,아파트,분양,18,830,한성건설(주),대한주택공사,1988-05-15 0:00,35314,127.0621436,37.66397,N,,
1380,A14003105,한강대우,용산구,이촌동,아파트,분양,10,834,(주)대우건설,(주)대우건설,2000-03-31 0:00,135575,126.9702362,37.5224073,N,기업그룹,대우건설
1381,A13880406,가락우성1차,송파구,가락동,아파트,분양,7,839,(주)우성건설,가락제1구역 재개발 조합,1986-12-06 0:00,73785,127.1175983,37.4971891,N,,
1382,A13980511,공릉3단지라이프,노원구,공릉동,아파트,분양,4,840,LH,도시공사,1994-12-07 0:00,48522,127.0686144,37.6273074,N,,
1383,A13592605,역삼e-편한세상,강남구,역삼동,아파트,분양,12,840,(주)대림산업,(주)대림산업,2005-12-16 0:00,116730,127.0506456,37.4990116,N,기업그룹,DL이앤씨
1384,A13920703,상계주공5단지,노원구,상계동,아파트,분양,19,840,대한주택공사,대한주택공사,1987-11-17 0:00,31350,127.0639994,37.6526752,N,,
1385,A12127008,상암월드컵8단지,마포구,상암동,아파트,임대,13,840,동아건설,SH 공사(서울시),2008-02-01 0:00,86161,126.8829174,37.5776205,N,,
1386,A13410007,강일리버파크9단지,강동구,강일동,아파트,기타,13,841,SH공사,SH공사,2009-04-06 0:00,110116,127.1778329,37.558354,N,,
1387,A13924004,삼익포레스트아파트,노원구,공릉동,아파트,분양,8,845,삼익건설,한도연립재건축주택조합,1995-09-30 0:00,104527,127.0811402,37.626838,N,,
1388,A15807316,신트리4단지,양천구,신정동,아파트,분양,8,845,자유건설(주),서울도시개발공사,2000-05-23 0:00,76514,126.850046,37.5110396,N,,
1389,A13084802,전농SK제2(임대),동대문구,전농동,아파트,임대,3,848,sk건설,전농제4구역주택개량재개발조합,2000-05-29 0:00,47013,127.0628042,37.5773883,N,기업그룹,SK에코플랜트
1390,A15288812,신도림4차e-편한세상,구로구,신도림동,아파트,분양,15,853,한국타이어(주),대림산업(주),2003-05-17 0:00,175155,126.8868711,37.5108658,N,,
1391,A13308005,응봉대림1차,성동구,응봉동,아파트,분양,10,855,대림,대림,1986-10-23 0:00,109365,127.0332766,37.5519496,N,기업그룹,DL이앤씨
1392,A12017001,신촌럭키,서대문구,대현동,아파트,분양,10,855,럭키건설,럭키건설,1999-02-26 0:00,97521,126.9479632,37.5595234,N,,
1393,A15681501,사당우성(4-3)아파트,동작구,사당동,아파트,분양,6,855,우성건설(주),우성건설(주),1993-12-21 0:00,90542,126.9764363,37.4886826,N,,
1394,A13186305,신내엘지쌍용,중랑구,상봉동,아파트,분양,9,858,"LG건설(주), 쌍용건설(주)","LG건설(주), 쌍용건설(주)",1996-03-27 0:00,102188,126.9764363,37.4886826,Y,기업그룹,GS건설; 쌍용건설
1395,A13010004,장안현대힐스테이트,동대문구,장안동,아파트,분양,11,859,현대건설,장안시영2단지재건축조합,2007-08-04 0:00,130823,127.0753766,37.5759749,N,기업그룹,현대건설
1396,A13610107,길음뉴타운 경남아너스빌,성북구,정릉동,아파트,분양,8,860,경남기업(주),정릉A지구 재건축조합,1999-06-19 0:00,105950,127.0171534,37.6043325,N,,
1397,A12009203,홍제무악청구1차,서대문구,홍제동,아파트,분양,14,862,(주)청구,직장주택조합,1994-06-30 0:00,104807,126.9520597,37.5819293,N,,
1398,A15805114,목동현대하이페리온,양천구,목동,주상복합,분양,2,466,현대건설,현대건설,2003-07-21 0:00,160310,126.8750345,37.5268536,N,기업그룹,현대건설
1399,A13984604,월계동신,노원구,월계동,아파트,분양,7,864,동신주택(주),동신주택(주),1983-04-30 0:00,81823,127.061025,37.6167404,N,,
1400,A15001020,여의도삼부,영등포구,여의도동,주상복합,분양,10,866,삼부토건(주),모름,1975-12-22 0:00,126869,126.9318535,37.5245331,N,,
1401,A13187004,신내성원,중랑구,신내동,아파트,분양,5,876,성원건설,성원건설,1994-09-29 0:00,104746,127.0947898,37.6048367,N,,
1402,A13483604,고덕주공6단지,강동구,상일동,아파트,분양,25,880,대한주택공사,대한주택공사,1983-12-29 0:00,76696,127.1706806,37.5533274,N,,
1403,A15601105,신대방현대,동작구,신대방동,아파트,분양,6,880,현대건설,조합주택,1996-02-13 0:00,113325,126.912997,37.4936403,N,기업그룹,현대건설
1404,A13984411,월계사슴3단지,노원구,월계동,아파트,분양,5,884,(주)기산,sh공사,1995-06-12 0:00,51242,127.0595,37.6319168,N,,
1405,A15283711,고척벽산블루밍,구로구,고척동,아파트,분양,11,886,벽산건설,벽산건설,2003-03-20 0:00,132833,126.8647287,37.4956202,N,,
1406,A13510104,청담삼익,강남구,청담동,아파트,분양,12,888,청담삼익아파트,청담삼익아파트,1980-04-29 0:00,117883,127.0592063,37.5220877,N,,
1407,A13380803,서울숲푸르지오,성동구,금호동4가,아파트,분양,19,888,(주)대우건설,(주)대우건설,2007-07-31 0:00,129858,127.0221874,37.5449355,N,기업그룹,대우건설
1408,A13804206,풍납한강극동,송파구,풍납동,아파트,분양,9,895,극동건설,풍납동우일재건축조합,1995-07-31 0:00,105425,127.1123385,37.5296833,N,,
1409,A12007001,독립문삼호,서대문구,영천동,아파트,분양,8,895,삼호건설,삼호건설,1995-06-23 0:00,117343,126.9584462,37.5703141,N,기업그룹,DL건설
1410,A15609306,사당동작삼성래미안아파트,동작구,사당동,아파트,분양,18,896,삼성물산,삼성물산,2003-02-15 0:00,155858,126.9711461,37.4888821,N,기업그룹,삼성물산
1411,A14380414,극동2차아파트,광진구,광장동,아파트,분양,11,896,극동건설,대한제지,1989-03-24 0:00,99012,127.1041476,37.5433615,N,,
1412,A14206202,번동주공4단지,강북구,번동,아파트,분양,8,900,대한주택공사,대한주택공사,1991-04-23 0:00,71938,127.0390097,37.6310371,N,,
1413,A13599301,개포주공7단지,강남구,개포동,아파트,분양,8,900,주택공사,주택공사,1983-10-26 0:00,86507,127.0724108,37.489486,N,,
1414,A13310004,옥수극동,성동구,옥수동,아파트,분양,8,900,극동건설,옥수 제 4재개발 조합,1986-12-24 0:00,119053,127.0115694,37.5432748,N,,
1415,A15605002,노량진우성,동작구,노량진동,아파트,분양,7,901,본동 제2-1 재개발조합,본동 제2-1 재개발조합,1997-12-16 0:00,127834,126.9478165,37.5096343,N,,
1416,A13984003,월계삼호4차,노원구,월계동,아파트,분양,7,910,(주)삼호,(주)삼호,1987-07-06 0:00,66788,127.0641703,37.626528,N,기업그룹,DL건설
1417,A13290105,창동주공18단지,도봉구,창동,아파트,분양,13,910,주택공사,주택공사,1988-10-26 0:00,62927,127.0512267,37.6467803,N,,
1418,A13511003,압구정미성2차,강남구,압구정동,아파트,분양,9,911,라이프주택,라이프주택,1987-12-05 0:00,131841,127.0194299,37.5235704,N,,
1419,A15781002,가양9-1,강서구,가양동,아파트,임대,6,914,SH공사,일성건설,1992-11-18 0:00,53888,126.8616397,37.5600853,N,,
1420,A12181404,도화현대홈타운,마포구,도화동,아파트,분양,10,914,현대건설(주),도화제2지구 재개발조합,2000-03-11 0:00,106363,126.9509486,37.5367386,N,기업그룹,현대건설
1421,A13880407,가락금호,송파구,가락동,아파트,분양,8,915,금호건설,금호건설,1997-08-11 0:00,105825,127.1163709,37.4963581,N,,
1422,A13881005,가락래미안파크팰리스,송파구,가락동,아파트,분양,14,919,삼성물산,삼성물산,2007-11-15 0:00,149684,127.1321113,37.4981982,N,기업그룹,삼성물산
1423,A15728006,마곡수명산파크4단지,강서구,내발산동,아파트,기타,14,919,TEC건설,SH 공사,2008-02-20 0:00,107876,126.8233716,37.5512432,N,,
1424,A13570501,삼성동힐스테이트2단지,강남구,삼성동,아파트,분양,12,926,현대건설,조합,2008-12-10 0:00,147739,127.0515094,37.5138666,N,기업그룹,현대건설
1425,A13594203,푸른마을아파트,강남구,일원동,아파트,분양,11,930,"삼성종합건설(주), (주)삼호건설","삼성종합건설(주),삼호건설",1994-01-27 0:00,97434,127.0813262,37.4846837,Y,기업그룹,삼성물산; DL건설
1426,A15210107,오류동부골든,구로구,오류동,아파트,분양,9,932,동부건설,동부건설,1998-12-03 0:00,118829,126.8397859,37.4991205,N,,
1427,A13885306,가락삼익맨숀,송파구,송파동,아파트,분양,14,936,주식회사 삼익주택,주식회사 삼익주택,1984-12-20 0:00,118773,127.1213172,37.5042198,N,,
1428,A13981901,상계주공13단지,노원구,상계동,아파트,분양,9,939,대한주택공사,대한주택공사,1989-04-21 0:00,64292,127.0632601,37.6673747,N,,
1429,A13599402,개포주공5단지,강남구,개포동,아파트,분양,6,940,대한주택공사,대우건설,1983-10-26 0:00,93810,127.0680279,37.4878016,N,,
1430,A10045601,신당현대,중구,신당동,아파트,분양,10,942,현대건설(주),신당제1구역 재개발조합,1993-09-17 0:00,114188,127.0217626,37.5599909,N,기업그룹,현대건설
1431,A13790726,신반포한신5지구(12차),서초구,잠원동,아파트,분양,3,686,한신공영,한신공영,1981-12-29 0:00,165554,127.0140377,37.5181174,N,,
1432,A13986013,중계건영3차,노원구,중계동,아파트,분양,12,948,(주)건영,중계통합주택조합,1995-12-30 0:00,114433,127.0750077,37.6484375,N,,
1433,A15728007,마곡수명산파크5단지,강서구,내발산동,아파트,기타,19,948,성원건설(주),SH공사,2008-06-10 0:00,96251,126.8272011,37.5518797,N,,
1434,A13204204,창동대우,도봉구,창동,아파트,분양,7,952,대우건설,중부주택,1995-11-24 0:00,116476,127.0373097,37.642249,N,기업그룹,대우건설
1435,A15603004,상도sh-ville,동작구,상도동,주상복합,임대,4,953,(주)C&우방,에스에이치공사,2006-11-03 0:00,65825,126.9543846,37.5021303,N,,
1436,A13204205,창동태영데시앙,도봉구,창동,아파트,분양,15,958,태영,(주)아시아디벨로퍼,2003-07-14 0:00,137358,127.0334037,37.6429232,N,,
1437,A13986111,중계라이프신동아청구아파트,노원구,중계동,아파트,분양,17,960,(주)청구(주)라이프(주)신동아,(주)청구(주)라이프(주)신동아,1993-08-10 0:00,149833,127.0787546,37.6513433,N,,
1438,A13086704,청량리한신,동대문구,청량리동,아파트,분양,9,960,한신공영,한신공영,1997-12-16 0:00,132506,127.0494012,37.5881072,N,,
1439,A15685702,흑석한강현대,동작구,흑석동,아파트,분양,13,960,현대건설,현대건설,1988-09-07 0:00,118020,126.9707,37.5066333,N,기업그룹,현대건설
1440,A13528003,대치삼성,강남구,대치동,아파트,분양,14,960,삼성물산,삼성물산,2000-07-31 0:00,142507,127.0583563,37.4963363,N,기업그룹,삼성물산
1441,A13782804,삼호,서초구,방배동,아파트,분양,10,683,(주)삼호주택,(주)삼호주택,1975-11-28 0:00,110501,126.9868947,37.4974479,N,기업그룹,DL건설
1442,A11081503,무악현대아파트,종로구,무악동,아파트,분양,12,964,현대건설,무악 제1구역 주택개발조합,2000-10-21 0:00,149143,126.960306,37.5751953,N,기업그룹,현대건설
1443,A15209206,개봉현대홈타운2단지,구로구,개봉동,아파트,분양,11,964,현대건설,현대건설,2001-08-22 0:00,132651,126.8613353,37.4918455,N,기업그룹,현대건설
1444,A15807211,목동현대아파트,양천구,신정동,아파트,분양,6,972,현대건설,신정제6-1구역,1997-07-16 0:00,134119,126.8772093,37.520151,N,기업그룹,현대건설
1445,A13480906,길동신동아,강동구,길동,아파트,분양,11,972,신동아건설,신동아건설,1983-06-09 0:00,84022,127.1488781,37.5401404,N,,
1446,A12287204,이편한세상 수색 에코포레,은평구,수색동,아파트,분양,12,976,대림산업주식회사,수색2-1구역 재개발조합,2003-07-10 0:00,133684,126.9000124,37.5868487,N,기업그룹,DL이앤씨
1447,A15080507,당산현대5차,영등포구,당산동4가,아파트,분양,13,976,현대산업개발(주),신우재건축조합,2000-03-27 0:00,141298,126.900834,37.5296467,N,기업그룹,아이파크현대산업개발(HDC)
1448,A13611005,길음래미안3차,성북구,길음동,아파트,분양,12,977,삼성물산,길음6구역 재개발 조합,2007-07-24 0:00,149606,127.0229072,37.6062699,N,기업그룹,삼성물산
1449,A12104005,마포삼성,마포구,도화동,아파트,분양,14,982,삼성건설,삼성건설,1997-05-16 0:00,134787,126.9502808,37.5401501,N,기업그룹,삼성물산
1450,A15785711,방화2-2 그린,강서구,방화동,아파트,분양,6,984,도시개발공사,SH공사,1993-10-25 0:00,59206,126.8195884,37.5746696,N,,
1451,A15386506,남서울럭키아파트,금천구,시흥동,아파트,분양,9,986,럭키건설,럭키건설,1981-12-23 0:00,75306,126.8989408,37.4482097,N,,
1452,A13410008,강일리버파크3단지,강동구,강일동,아파트,기타,13,987,삼환기업,sh공사,2009-03-11 0:00,112366,127.1751069,37.5655171,N,,
1453,A15780604,한강타운아파트,강서구,가양동,아파트,분양,11,990,"신명건설,신원건설,미주건설","신명건설,신원건설,미주건설",1993-06-15 0:00,121520,126.844997,37.5714005,Y,,
1454,A13785607,롯데캐슬클래식,서초구,서초동,아파트,분양,15,990,롯데건설,롯데건설,2006-06-07 0:00,175496,127.0214472,37.5000161,N,기업그룹,롯데건설
1455,A13703027,잠원동아,서초구,잠원동,아파트,분양,8,991,동아건설,잠원연립주택조합,2002-07-04 0:00,121293,127.0101655,37.5087284,N,,
1456,A10045403,신당삼성(분양),중구,신당동,아파트,분양,14,994,삼성물산,삼성물산,1999-12-22 0:00,147199,127.0179323,37.5580944,N,기업그룹,삼성물산
1457,A15381706,금천현대,금천구,독산동,아파트,분양,10,996,현대종합건설,구로연합주택조합,2002-09-05 0:00,113865,126.8903796,37.4622731,N,,
1458,A15807002,신트리1단지,양천구,신정동,아파트,분양,9,997,진흥기업,SH공사,1999-05-21 0:00,90538,126.8548469,37.5141589,N,,
1459,A12085303,홍제한양,서대문구,홍제동,아파트,분양,10,998,?양건설,한양건설,1993-05-04 0:00,100004,126.9475449,37.5830058,N,,
1460,A15785612,방화6단지,강서구,방화동,아파트,임대,4,1000,웅산건업외,서울시 SH공사,1994-08-17 0:00,45092,126.8108332,37.5786033,N,,
1461,A15383307,독산한신,금천구,독산동,아파트,분양,13,1000,한신공영,한신공영,1991-08-20 0:00,144093,126.8893489,37.4555624,N,,
1462,A13186306,신내12단지,중랑구,상봉동,아파트,임대,8,1000,삼환기업,서울주택도시공사,1995-11-27 0:00,48673,127.0911463,37.6053662,N,,
1463,A14003106,이촌강촌아파트,용산구,이촌동,아파트,분양,9,1001,건영,공무원재건축조합,1998-01-08 0:00,136081,126.9795589,37.5195296,N,,
1464,A13811206,거여1단지,송파구,거여동,아파트,분양,6,1004,미주실업주식회사,도시개발공사,1997-11-25 0:00,78125,127.1445317,37.4909438,N,,
1465,A15781003,가양9-2,강서구,가양동,아파트,분양,6,1005,도시개발공사,도시개발공사,1993-02-27 0:00,59860,126.863549,37.5587215,N,,
1466,A12004001,서대문천연뜨란채아파트,서대문구,천연동,아파트,분양,15,1008,"요진산업(주),제이알종합건설(주)",대한주택공사,2006-03-13 0:00,100205,126.958455,37.5676522,Y,,
1467,A14002501,파크타워,용산구,용산동5가,주상복합,분양,6,888,"삼성물산,현대건설",용산공원남측 도시확경정비사업조합,2009-05-15 0:00,272512,126.9706853,37.5242783,Y,기업그룹,삼성물산; 현대건설
1468,A15703308,등촌3단지주공아파트,강서구,등촌동,아파트,분양,9,1016,LH공사,LH공사,1995-10-10 0:00,82528,126.841109,37.5616468,N,,
1469,A13381608,청계현대아파트,성동구,마장동,아파트,분양,11,1017,고려산업개발(주),고려산업개발(주),1998-04-14 0:00,110637,127.0425631,37.5694733,N,,
1470,A12181406,도화현대1차아파트,마포구,도화동,아파트,분양,11,1021,현대건설(주),도화1지구 재개발조합,1996-09-25 0:00,133780,126.9528767,37.5393237,N,기업그룹,현대건설
1471,A11005401,광화문스페이스본 아파트,종로구,신문로2가,아파트,분양,6,744,풍림산업(주),사직1구역 도심 재개발조합,2008-07-11 0:00,163862,126.9686008,37.5744035,N,,
1472,A13583604,대치선경,강남구,대치동,아파트,분양,12,1034,선경건설,선경건설,1983-12-12 0:00,148926,127.0623396,37.4924221,N,기업그룹,SK에코플랜트
1473,A15703309,등촌주공5단지,강서구,등촌동,아파트,분양,9,1045,대한주택공사,대한주택공사,1995-10-10 0:00,84528,126.8449392,37.5605195,N,,
1474,A13186708,"신내동성1,2차",중랑구,신내동,아파트,분양,9,1047,(주)동성,(주)동성,1993-02-05 0:00,118462,127.098393,37.6092058,N,,
1475,A13592706,역삼래미안,강남구,역삼동,아파트,분양,12,1050,삼성물산,영동1재건축조합,2005-10-26 0:00,130701,127.050065,37.4975233,N,기업그룹,삼성물산
1476,A13780006,반포경남,서초구,반포동,아파트,분양,10,1056,경남기업,경남기업,1978-11-20 0:00,115111,126.9997628,37.5058321,N,,
1477,A14381415,광장현대3단지아파트,광진구,광장동,아파트,분양,10,1056,현대그룹제3직장 주택조합,현대건설,1990-10-20 0:00,108460,127.0985124,37.5404026,N,,
1478,A13599303,개포주공6단지,강남구,개포동,아파트,분양,9,1060,현대건설(주),대한주택공사,1983-10-26 0:00,94817,127.0726818,37.489122,N,기업그룹,현대건설
1479,A15785005,방화11단지,강서구,방화동,아파트,임대,5,1065,동성,SH공사,1994-05-21 0:00,46596,126.8055327,37.5701413,N,,
1480,A15805303,목동롯데캐슬위너,양천구,목동,아파트,분양,13,1067,롯데캐슬,동신아파트 재건축조합,2005-06-23 0:00,170280,126.8672368,37.546889,N,,
1481,A13184609,신내4단지,중랑구,묵동,아파트,분양,12,1070,SH공사,SH공사,1996-06-14 0:00,72853,127.0848708,37.6166943,N,,
1482,A13006101,제기한신,동대문구,제기동,아파트,분양,12,1070,한신공영주식회사,한신공영주식회사,2004-05-11 0:00,151164,127.0391833,37.5888362,N,,
1483,A13606201,브라운스톤돈암,성북구,돈암동,아파트,분양,16,1074,이수건설주식회사,정릉돈암 재건축조합,2004-12-18 0:00,523572,127.0177941,37.5978757,N,,
1484,A15681502,사당우성2단지,동작구,사당동,아파트,분양,8,1080,우성건설,사당4-2공구 재개발 조합,1993-12-21 0:00,121345,126.9764363,37.4886826,N,,
1485,A13086705,청량리미주,동대문구,청량리동,아파트,분양,8,1089,라이프주택,라이프주택,1978-09-27 0:00,138606,127.0468278,37.5839418,N,,
1486,A13585804,역삼럭키,강남구,도곡동,아파트,분양,10,1094,럭키,럭키,1995-12-28 0:00,155069,127.0398285,37.4904585,N,,
1487,A15288813,신도림동아1차,구로구,신도림동,아파트,분양,11,1095,한신공영(주),동아건설(주).조흥화학공업(주),1999-11-30 0:00,177870,126.8829702,37.5110653,N,,
1488,A14004002,리버힐삼성아파트,용산구,산천동,아파트,분양,14,1102,삼성물산,삼성관련,2001-01-10 0:00,148405,126.9497669,37.5348358,N,기업그룹,삼성물산
1489,A15780904,가양도시개발공사8단지(임대),강서구,가양동,아파트,임대,9,1110,삼성중공업,sh공사,1992-11-18 0:00,65267,126.8572021,37.5616771,N,,
1490,A13003202,답십리청솔우성,동대문구,답십리동,아파트,분양,14,1110,우성건설,우성,2000-03-18 0:00,152477,127.0595902,37.574435,N,,
1491,A13185607,신내건영2차아파트,중랑구,상봉동,아파트,분양,14,1113,건영,건영,1996-11-04 0:00,134964,127.0931157,37.6010825,N,,
1492,A12012202,DMC래미안클라시스(분양),서대문구,남가좌동,아파트,분양,14,1114,삼성물산(주),남가좌 7재개발조합,2000-12-15 0:00,158327,126.9165687,37.577934,N,기업그룹,삼성물산
1493,A15603206,상도더샵,동작구,상도동,아파트,분양,22,1122,포스코건설(주),포스코건설(주),2007-09-28 0:00,197874,126.9420377,37.5023958,N,기업그룹,포스코이앤씨
1494,A13611103,래미안길음1차,성북구,길음동,아파트,분양,15,1125,삼성물산,길음1구역 재개발주택조합,2003-01-29 0:00,155243,127.0210492,37.60576,N,기업그룹,삼성물산
1495,A13788208,서초래미안,서초구,서초동,아파트,분양,13,1129,삼성물산,삼성물산,2003-05-10 0:00,218689,127.0188966,37.4985584,N,기업그룹,삼성물산
1496,A13528105,개포1차2차우성,강남구,대치동,아파트,분양,14,1140,우성건설,우성건설,1983-12-17 0:00,174159,127.0598978,37.4911216,N,k-전체세대수,
1497,A15807703,목동2차우성,양천구,신정동,아파트,분양,12,1140,우성건설,우성건설,2000-03-18 0:00,166714,126.8666378,37.5077521,N,,
1498,A15807704,목동2차우성임대,양천구,신정동,아파트,임대,3,1140,우성건설(주),SH공사,2000-03-18 0:00,61150,126.865232,37.5062043,N,,
1499,A13509012,삼성힐스테이트1단지,강남구,삼성동,아파트,분양,17,1144,현대건설(주),영동차관아파트재건축정비사업조합,2008-12-10 0:00,178491,127.0484681,37.5163114,N,기업그룹,현대건설
1500,A13376906,응봉대림강변,성동구,응봉동,아파트,분양,14,1150,대림산업(주),행당구역1지구 재개발조합,2001-10-26 0:00,161258,127.0358252,37.5534751,N,기업그룹,DL이앤씨
1501,A15609005,사당 대림아파트,동작구,사당동,아파트,분양,12,1152,대림산업,대림산업,1990-08-07 0:00,136437,126.972064,37.4877838,N,기업그룹,DL이앤씨
1502,A12012203,남가좌동현대아파트,서대문구,남가좌동,아파트,분양,10,1155,현대산업개발(주),조합,1999-05-27 0:00,122577,126.9195759,37.5747049,N,기업그룹,아이파크현대산업개발(HDC)
1503,A15081107,대림현대3차,영등포구,대림동,아파트,분양,7,1162,현대산업개발(주),현대산업개발(주),1997-10-27 0:00,157856,126.8956193,37.5055203,N,기업그룹,아이파크현대산업개발(HDC)
1504,A13522006,수서신동아,강남구,수서동,아파트,분양,8,1163,신동아,서울도시개발공사,1992-10-28 0:00,70470,127.09869,37.4872297,N,,
1505,A15701602,우장산롯데캐슬,강서구,화곡동,아파트,분양,21,1164,롯데건설(주),새마을연합주택조합,2003-09-06 0:00,235741,126.8480525,37.5552159,N,기업그룹,롯데건설
1506,A13686302,래미안 크리시엘 아파트 관리사무소,성북구,종암동,아파트,분양,17,1168,삼성물산,종암2구역 주택재개발사업,2004-09-24 0:00,155906,127.0301481,37.6010008,N,기업그룹,삼성물산
1507,A14381516,광장현대파크빌,광진구,광장동,아파트,분양,13,1170,현대건설,광장동현대 서울제4지역주택조합외,2000-08-31 0:00,146804,127.1015396,37.5441501,N,기업그룹,현대건설
1508,A15005705,신길삼환,영등포구,신길동,아파트,분양,11,1174,삼환기업,군인공제회,1997-05-10 0:00,131666,126.9193471,37.508155,N,,
1509,A14319012,자양더샵스타시티,광진구,자양동,아파트,분양,4,1177,posco,건국대학교,2007-01-22 0:00,327563,127.072564,37.5378573,N,,
1510,A13309404,금호대우,성동구,금호동4가,아파트,분양,14,1181,대우건설,금호제8지구재건축조합,2001-05-03 0:00,129558,127.0197123,37.5459761,N,기업그룹,대우건설
1511,A13923108,하계청솔,노원구,하계동,아파트,분양,8,1192,한일개발,율산개발유한회사,1989-10-30 0:00,82883,127.0712601,37.6323401,N,,
1512,A13790828,신반포4차,서초구,잠원동,아파트,분양,12,1212,한신공영,한신공영,1979-10-25 0:00,147847,127.0062945,37.5087416,N,,
1513,A13309103,금호벽산(임대),성동구,금호동1가,아파트,임대,4,1214,벽산건설,벽산조합(주택조합),2001-12-03 0:00,68248,127.0258378,37.5543442,N,,
1514,A15010502,양평한신,영등포구,양평동5가,아파트,분양,10,1215,한신공영(주),양평동 한신 연합주택조합,1996-04-01 0:00,145296,126.8921087,37.5401252,N,,
1515,A13403101,성내삼성,강동구,성내동,아파트,분양,10,1220,삼성물산(주),삼성물산(주),1999-09-01 0:00,160984,127.1245822,37.5311547,N,기업그룹,삼성물산
1516,A12104007,마포도화우성아파트,마포구,도화동,아파트,분양,15,1222,우성건설,도화3지구재개발지구,1991-03-20 0:00,168743,126.9473837,37.5369085,N,,
1517,A13009002,휘경주공1단지,동대문구,휘경동,아파트,분양,13,1224,대한주택공사,"서한,신동아,두산",2001-11-15 0:00,211420,127.0707607,37.5830037,N,,
1518,A15383308,독산주공13단지,금천구,독산동,아파트,임대,7,1226,LH,LH,1990-11-14 0:00,59441,126.8868631,37.4578532,N,,
1519,A13551103,압구정한양아파트제1단지,강남구,압구정동,아파트,분양,15,1232,(주)한양주택,(주)한양주택,1977-12-26 0:00,141997,127.0392943,37.53035,N,,
1520,A13084803,전농우성,동대문구,전농동,아파트,분양,15,1234,우성건설,전농3-1지구주택개량재개발조함,1992-03-11 0:00,139069,127.0649702,37.5772753,N,,
1521,A13184610,신내5단지대림두산,중랑구,묵동,아파트,분양,28,1244,대림두산건설,대림두산건설,1995-12-04 0:00,175627,127.0893092,37.6170175,N,,
1522,A15284906,구로삼성래미안,구로구,구로동,아파트,분양,16,1244,삼성물산,삼성물산,2004-05-29 0:00,190134,126.8919379,37.4875908,N,기업그룹,삼성물산
1523,A15205513,신도림태영타운,구로구,구로동,아파트,분양,13,1252,(주)태영,(주)태영,2000-12-22 0:00,198580,126.8886475,37.5060878,N,,
1524,A13704404,반포미도아파트,서초구,반포동,아파트,분양,8,1260,한보건설,한국상업은행 주택조합,1987-06-17 0:00,148621,127.008831,37.5022696,N,,
1525,A15176202,성현동아,관악구,봉천동,아파트,분양,10,1261,동아건설,동아건설,2000-05-09 0:00,185933,126.956341,37.4895721,N,,
1526,A13380703,금호두산,성동구,금호동3가,아파트,분양,16,1267,두산건설,금호5-1지구재개발조합,1994-09-16 0:00,144394,127.0164657,37.5506428,N,,
1527,A13606107,돈암삼성,성북구,돈암동,아파트,분양,7,1278,삼성물산,돈암3-2지구 재개발조합,1999-04-30 0:00,174732,127.0225984,37.5983263,N,기업그룹,삼성물산
1528,A13202002,대상타운현대,도봉구,방학동,아파트,분양,16,1278,(주)현대건설,(주)대상,2001-10-29 0:00,231440,127.0478802,37.6655235,N,기업그룹,현대건설
1529,A13905105,월계동현대,노원구,월계동,아파트,분양,11,1281,현대산업개발,현대산업개발,2000-11-25 0:00,174649,127.0625936,37.6185533,N,기업그룹,아이파크현대산업개발(HDC)
1530,A15205405,구로두산,구로구,구로동,아파트,분양,10,1285,두산건설,구로6구역재개발조합,1998-11-30 0:00,111963,126.8886871,37.4893718,N,,
1531,A15303204,벽산6,금천구,시흥동,아파트,임대,4,1288,벽산건설,벽산,2004-08-06 0:00,79449,126.916643,37.4494632,N,,
1532,A12008003,독립문극동,서대문구,현저동,아파트,분양,12,1300,극동건설(주),독립문 극동아파트 조합,1998-12-10 0:00,172036,126.9567073,37.5720665,N,,
1533,A15083404,문래자이아파트,영등포구,문래동3가,아파트,분양,18,1302,GS건설,세일산업(주),2001-11-21 0:00,227869,126.896786,37.5160389,N,기업그룹,GS건설
1534,A13983815,상계은빛2단지,노원구,상계동,아파트,분양,9,1313,한신공영(주),SH공사,1998-10-26 0:00,108366,127.0535108,37.679964,N,,
1535,A13187305,신내9단지,중랑구,신내동,아파트,분양,10,1315,진흥,SH공사,1996-06-21 0:00,85762,127.0944007,37.6122193,N,,
1536,A13813010,오금현대아파트,송파구,오금동,아파트,분양,21,1316,현대산업개발(주),현대산업개발(주),1984-12-26 0:00,202978,127.1257434,37.5048491,N,기업그룹,아이파크현대산업개발(HDC)
1537,A13820007,문정시영,송파구,문정동,아파트,분양,10,1316,"태영건설, 현대산업개발",서울시 건설본부,1989-03-30 0:00,81117,127.1354526,37.490605,Y,기업그룹,아이파크현대산업개발(HDC)
1538,A13082704,이문쌍용,동대문구,이문동,아파트,분양,15,1318,쌍용,쌍용,2000-11-29 0:00,172425,127.0685035,37.5997847,N,기업그룹,쌍용건설
1539,A13987303,하계현대우성,노원구,하계동,아파트,분양,12,1320,"현대산업개발,우성건설","현대산업개발,우성건설",1988-09-29 0:00,147781072,127.0663518,37.6367077,Y,기업그룹,아이파크현대산업개발(HDC)
1540,A13482706,고덕주공9단지,강동구,명일동,아파트,분양,14,1320,대한주택관리공사,대한주택관리공사,1985-11-25 0:00,141846,127.1498653,37.54796,N,,
1541,A13985908,중계주공3단지,노원구,중계동,아파트,임대,6,1455,LH,"선경건설(주),흥화건설(주)",1991-09-14 0:00,64137,127.0756379,37.6566663,N,,
1542,A14024002,서빙고신동아,용산구,서빙고동,아파트,분양,15,1326,신동아건설,모름,1984-06-28 0:00,219462,126.9874041,37.5180956,N,,
1543,A15685206,신대방우성1차,동작구,신대방동,아파트,분양,16,1335,우성건설,우성건설,1988-09-24 0:00,178768,126.9116108,37.4922794,N,,
1544,A12285703,미성아파트(불광동),은평구,불광동,아파트,분양,10,1340,라이프주택건설(주),라이프주택건설(주),1988-10-13 0:00,157033,126.9283299,37.6149349,N,,
1545,A14210002,삼각산아이원,강북구,미아동,아파트,분양,20,1344,풍림산업(주),미아제5구역재개발조합,2003-12-30 0:00,146400,127.0181315,37.615229,N,,
1546,A15807604,목동8단지,양천구,신정동,아파트,분양,12,1352,도시개발공사,미륭건설(주),1987-09-30 0:00,128390,126.8683514,37.5218999,N,,
1547,A13204406,창동쌍용,도봉구,창동,아파트,분양,15,1352,쌍용건설(주),쌍용건설,1997-02-28 0:00,174308,127.0481785,37.6598502,N,기업그룹,쌍용건설
1548,A13822701,잠실아시아선수촌,송파구,잠실동,아파트,분양,18,1356,"신성, 우성건설",서울특별시,1986-06-14 0:00,236718,127.0767086,37.5074435,Y,,
1549,A13120002,면목2동한신아파트,중랑구,면목동,아파트,분양,10,1362,한신공영,한신공영,1987-12-30 0:00,90595,127.0754781,37.5875092,N,,
1550,A15209305,개봉한진,구로구,개봉동,아파트,분양,13,1371,한진중공업,개봉동아파트재건축조합,2000-01-15 0:00,183389,126.8514274,37.4851033,N,,
1551,A15785613,방화5단지,강서구,방화동,아파트,분양,6,1372,도시개발공사,도시개발공사,1994-08-17 0:00,85690,126.8103825,37.5770617,N,,
1552,A13613007,래미안월곡,성북구,하월곡동,아파트,분양,26,1372,삼성물산(주)건설부문,삼성물산(주),2006-07-19 0:00,208108,127.0368836,37.61044,N,기업그룹,삼성물산
1553,A13611202,길음동부센트레빌,성북구,길음동,아파트,분양,18,1377,동부건설(주),길음3구역재개발주택조합,2003-03-31 0:00,200377,127.0242907,37.610374,N,,
1554,A13082805,이문e-편한세상,동대문구,이문동,아파트,분양,19,1378,대림산업(주),이문3구역주택재개발조합,2003-07-09 0:00,203682,127.0648775,37.6047456,N,기업그룹,DL이앤씨
1555,A15805503,목동4단지,양천구,목동,아파트,분양,16,1382,롯데건설,목동지구개발사업소,1986-09-30 0:00,133219,126.8711975,37.5320037,N,기업그룹,롯데건설
1556,A13983816,상계은빛1단지,노원구,상계동,아파트,분양,10,1391,(주)국제종합토건,서울도시개발공사,1998-11-16 0:00,118054,127.0539861,37.6815501,N,,
1557,A15004507,당산삼성래미안,영등포구,당산동5가,아파트,분양,25,1391,삼성물산,강남맨션/삼성물산,2003-12-30 0:00,286337,126.902986,37.5320908,N,기업그룹,삼성물산
1558,A13980512,공릉1단지,노원구,공릉동,아파트,임대,7,1395,삼익건설(주),sh공사,1994-12-07 0:00,60621,127.0701578,37.6301175,N,,
1559,A13522007,수서까치마을,강남구,수서동,아파트,분양,7,1403,"서울도시개발, 진흥기업",.,1993-09-08 0:00,83491,127.0877692,37.4847039,Y,,
1560,A13386702,서울숲한신더휴아파트,성동구,행당동,아파트,분양,19,1410,한신공영(주),행당제2지구재개발아파트,2003-12-23 0:00,198941,127.0366365,37.5549104,N,,
1561,A15728008,마곡수명산파크1단지,강서구,내발산동,아파트,기타,16,1421,KCC,SH공사,2007-11-01 0:00,145070,126.8304907,37.554396,N,,
1562,A12181103,마포태영아파트,마포구,대흥동,아파트,분양,14,1424,(주) 태영건설,(주)태영건설,1999-11-20 0:00,211233,126.9425711,37.5447358,N,,
1563,A14206003,번동1단지주공아파트,강북구,번동,아파트,분양,14,1430,대한주택공사,대한주택공사,1991-05-18 0:00,107672,127.0472779,37.6247516,N,,
1564,A13187306,신내10단지,중랑구,신내동,아파트,임대,8,1432,(주)건영,서울주택도시공사(SH),1996-03-11 0:00,69017,127.0946105,37.6092763,N,,
1565,A14207203,수유벽산,강북구,수유동,아파트,분양,13,1454,벽산건설주식회사,벽산건설주식회사,1993-11-17 0:00,173083,127.017972,37.6419753,N,,
1566,A15190705,신림푸르지오,관악구,신림동,아파트,분양,23,1456,대우건설,미도재건축조합,2005-06-21 0:00,254293,126.9104854,37.4791307,N,기업그룹,대우건설
1567,A14007002,도원삼성래미안,용산구,도원동,아파트,분양,15,1458,삼성,삼성,2001-08-03 0:00,202946,126.9554472,37.5380983,N,기업그룹,삼성물산
1568,A15780905,가양6단지,강서구,가양동,아파트,분양,15,1476,남광토건(주),SH 공사,1992-11-18 0:00,104835,126.8593109,37.5632285,N,,
1569,A15380403,가산두산위브,금천구,가산동,아파트,분양,18,1495,두산건https://www.k-apt.go.kr/kaptinfo/mng/mng_getKaptBasic.do?menu=1#m2설,두산건설,1998-03-09 0:00,194383,126.892642,37.4746215,N,,
1570,A12010104,홍은벽산,서대문구,홍은동,아파트,기타,17,1509,벽산건설(주),홍은제5-3구역 주택개량 재개발  조합,1997-09-30 0:00,165653,126.9455393,37.5954557,N,,
1571,A15805002,목동한신청구,양천구,목동,아파트,분양,15,1512,"청구건설,한신공영",목동직장주택연합,1997-12-08 0:00,180262,126.8816546,37.5414628,Y,,
1572,A10044002,롯데캐슬베네치아,중구,황학동,아파트,분양,5,1534,롯데건설,황학주택재개발조합,2008-12-22 0:00,382536,127.0222215,37.5711004,N,기업그룹,롯데건설
1573,A13286304,쌍문삼익,도봉구,쌍문동,아파트,분양,14,1541,(주)삼익주택,(주)삼익주택,1988-12-19 0:00,120324,127.0367266,37.657078,N,,
1574,A13187702,중화한신아파트,중랑구,중화동,아파트,분양,9,1544,한신공영,"신천실업(주),청법지역주택외8개조합",1997-10-11 0:00,144301,127.0825323,37.5973448,N,,
1575,A15681503,사당극동,동작구,사당동,아파트,분양,12,1550,극동건설,사당4-1구역 재개발조합,1993-12-21 0:00,177942,126.9764363,37.4886826,N,,
1576,A15780704,가양3단지(강변),강서구,가양동,아파트,분양,12,1556,신일건업(주),도시개발공사,1992-12-02 0:00,98090,126.8556837,37.5652229,N,,
1577,A15722314,방화2단지,강서구,방화동,아파트,임대,12,1563,진로건설,SH 공사,1993-10-25 0:00,67595,126.8195884,37.5746696,N,,
1578,A13790929,신반포한신2차,서초구,잠원동,아파트,분양,13,1572,한신공영(주),한신공영(주),1978-06-30 0:00,163131,127.0010246,37.5092254,N,,
1579,A15089421,여의도시범아파트,영등포구,여의도동,아파트,분양,24,1584,서울특별시,서울특별시,1971-12-21 0:00,171413,126.9385984,37.5205064,N,,
1580,A15805003,목동3단지,양천구,목동,아파트,분양,30,1588,(주)대우,서울도시개발공사,1986-09-30 0:00,196853,126.8714975,37.5341913,N,기업그룹,대우건설
1581,A13920506,상계벽산,노원구,상계동,아파트,분양,9,1590,(주)벽산건설,재개발조합,1989-05-13 0:00,118797,127.072822,37.6614862,N,,
1582,A14320304,구의현대프라임,광진구,구의동,아파트,분양,15,1592,현대건설(주),프라임산업(주),1997-03-28 0:00,246400,127.0974527,37.5372144,N,기업그룹,현대건설
1583,A15807705,목동11단지,양천구,신정동,아파트,분양,19,1595,"남광건설 ,진흥건설",서울도시개발,1988-10-03 0:00,140912,126.859448,37.511398,Y,,
1584,A15105603,관악우성아파트,관악구,봉천동,아파트,분양,8,1597,우성건설,봉천 7-1 재개발조합,2000-12-13 0:00,225184,126.9592709,37.4853872,N,,
1585,A10045404,신당약수하이츠,중구,신당동,아파트,분양,16,1598,동아건설(주),동아건설(주),1999-07-29 0:00,207783,127.015698,37.5549165,N,,
1586,A13980513,공릉풍림아이원,노원구,공릉동,아파트,분양,14,1601,풍림산업,하계제1재개발조합,2001-09-17 0:00,209911,127.0667987,37.6290609,N,,
1587,A13611006,이편한세상 길음뉴타운4단지,성북구,길음동,아파트,분양,25,1605,대림산업,길음4구역 재개발,2005-04-20 0:00,237075,127.0196483,37.612084,N,기업그룹,DL이앤씨
1588,A14383205,구의현대2단지,광진구,구의동,아파트,분양,15,1606,고려산업개발,현대건설,1996-12-06 0:00,213036,127.0961406,37.5394441,N,,
1589,A13405003,프라이어팰리스,강동구,암사동,아파트,분양,22,1622,"현대,대림","현대,대림",2007-07-09 0:00,263646,127.1395194,37.5535297,Y,기업그룹,현대건설; DL이앤씨
1590,A13593908,SH공사대치1단지,강남구,개포동,아파트,임대,8,1623,SH공사,남강개발,1991-11-20 0:00,73357,127.07521,37.4941776,N,,
1591,A15780605,가양2단지,강서구,가양동,아파트,분양,10,1624,성지건설,SH도시개발공사,1992-11-18 0:00,99589,126.8480726,37.5702365,N,,
1592,A15681110,대방대림,동작구,대방동,아파트,분양,14,1628,대림산업(주),대림산업(주),1993-11-20 0:00,241528,126.9246341,37.507338,N,기업그룹,DL이앤씨
1593,A13611007,"길음뉴타운푸르지오아파트2,3단지",성북구,길음동,아파트,분양,34,2068,(주)대우건설,길음2구역 주택재개발조합,2005-04-20 0:00,322729,127.0162373,37.611816,N,기업그룹,대우건설
1594,A13286110,"쌍문한양2,3,4차",도봉구,쌍문동,아파트,분양,9,1635,(주)한양,(주)한양,1988-11-30 0:00,117242,127.032096,37.657183,N,,
1595,A15703204,등촌IPARK,강서구,등촌동,아파트,분양,29,1653,현대산업개발,현대산업개발,2004-01-07 0:00,313763,126.8602577,37.5439103,N,기업그룹,아이파크현대산업개발(HDC)
1596,A15603006,래미안상도3차,동작구,상도동,아파트,분양,28,1656,삼성물산(주) 주택부문,상도 제4구역 주택재개발사업 조합,2004-12-24 0:00,280217,126.9547179,37.4992699,N,기업그룹,삼성물산
1597,A13204103,창동삼성,도봉구,창동,아파트,분양,18,1668,삼성종합건설주식회사,삼성직장주택조합,1992-07-31 0:00,191067,127.0485546,37.6490829,N,기업그룹,삼성물산
1598,A15703313,등촌주공1단지,강서구,등촌동,아파트,임대,10,1670,"진로건설, 대백종합건설",한국토지주택공사,1994-11-04 0:00,74105,126.8425169,37.5649371,Y,,
1599,A13980019,공릉태강,노원구,공릉동,아파트,분양,21,1676,"삼환공사,현대공사","삼환공사,현대공사",1999-07-23 0:00,147851,127.0832445,37.6236377,Y,,
1600,A13820006,문정래미안,송파구,문정동,아파트,분양,31,1696,삼성물산,문정주공재건축조합,2004-09-30 0:00,381065,127.130255,37.4908501,N,기업그룹,삼성물산
1601,A15605103,신동아리버파크,동작구,노량진동,아파트,분양,7,1696,신동아건설(주),신동아건설(주),2001-02-15 0:00,240236,126.9439718,37.5075289,N,,
1602,A13380104,금호벽산,성동구,금호동1가,아파트,분양,20,1707,벽산,재개발,2001-12-03 0:00,267105,127.0271242,37.551862,N,,
1603,A13204104,창동주공4단지,도봉구,창동,아파트,분양,10,1710,대한주택공사,대한주택공사,1991-11-12 0:00,104150,127.0472453,37.6454834,N,,
1604,A13201208,서원아파트,도봉구,도봉동,아파트,분양,12,1716,도시개발공사,도시개발공사,1996-10-12 0:00,156488,127.04809,37.6734511,N,,
1605,A13982202,상계주공12단지,노원구,상계동,아파트,분양,15,1739,대한주택공사,대한주택공사,1988-10-19 0:00,134728,127.0593426,37.6661694,N,,
1606,A13524009,개포대치2단지,강남구,개포동,아파트,분양,11,1753,성원건설.진덕산업주식회사,서울특별시도시개발공사,1992-10-14 0:00,105381,127.075508,37.4946695,Y,,
1607,A13290107,창동주공19단지,도봉구,창동,아파트,분양,12,1764,한신공영,대한주택공사,1988-11-25 0:00,176236,127.0531884,37.6494912,N,,
1608,A15303002,관악산벽산타운1단지,금천구,시흥동,아파트,분양,16,1772,벽산건설,시흥2-1구역 주택재개발조합,2000-02-16 0:00,266394,126.9196921,37.4511267,N,,
1609,A13010005,래미안장안2차,동대문구,장안동,아파트,분양,24,1786,삼성물산,장안시영아파트재건축조합,2007-06-28 0:00,255681,127.0754092,37.5739731,N,기업그룹,삼성물산
1610,A13985909,중계주공2단지,노원구,중계동,아파트,분양,10,1800,LH공사,LH공사,1992-06-26 0:00,110267,127.0779964,37.6579558,N,,
1611,A12185003,SH성산아파트,마포구,성산동,아파트,임대,7,1807,삼성건설(주),서울도시개발공사,1991-07-20 0:00,84189,126.9014624,37.5643113,N,기업그룹,삼성물산
1612,A13084804,전농SK,동대문구,전농동,아파트,분양,16,1830,SK건설,전농4구역주택재개발조합,2000-07-06 0:00,232844,127.0595598,37.5764855,N,기업그룹,SK에코플랜트
1613,A13822702,"잠실우성1,2,3차",송파구,잠실동,아파트,분양,26,1842,우성,우성,1981-12-08 0:00,233187,127.073165,37.5068615,N,,
1614,A15105503,관악드림타운제2,관악구,봉천동,아파트,임대,5,1843,삼성물산,삼성물산,2003-09-06 0:00,114254,126.9516251,37.4898158,N,기업그룹,삼성물산
1615,A15805504,목동5단지,양천구,목동,아파트,분양,36,1848,삼환기업,주택관리공사,1986-09-30 0:00,228521,126.8829057,37.5332441,N,,
1616,A15807706,목동12단지,양천구,신정동,아파트,분양,26,1860,서울시도시개발공사,서울시도시개발공사,1988-10-06 0:00,161791,126.8623246,37.5132319,N,,
1617,A13987304,하계 6단지 장미아파트,노원구,하계동,아파트,분양,15,1880,"라이프주택,진흥기업,현대건설",.,1989-10-30 0:00,131294,127.0678724,37.6337068,Y,기업그룹,현대건설
1618,A13986302,중계경남롯데상아,노원구,중계동,아파트,분양,15,1890,"경남,롯데,상아건설","경남,롯데,상아건설",1989-06-29 0:00,184060,127.0626385,37.638983,Y,기업그룹,롯데건설
1619,A13511004,압구정신현대,강남구,압구정동,아파트,분양,27,1924,한국도시개발공사(주),한국도시개발공사(주),1982-05-25 0:00,296925,127.0244949,37.5262291,N,,
1620,A13982301,상계주공11단지,노원구,상계동,아파트,분양,16,1944,대한주택공사,대한주택공사,1988-09-07 0:00,157743,127.0556395,37.6657377,N,,
1621,A13987305,하계학여울청구,노원구,하계동,아파트,분양,16,1476,(주)청구,하계2구역 재개발조합,1999-02-09 0:00,177356,127.0616188,37.6357596,N,,
1622,A13610007,정릉풍림아이원,성북구,정릉동,아파트,분양,28,1971,정릉제4구역재개발조합,풍림산업,2005-12-28 0:00,280646,127.0073229,37.6185895,N,,
1623,A13987306,하계극동건영벽산,노원구,하계동,아파트,분양,12,1980,극동건영벽산,극동건영벽산,1988-06-13 0:00,169224,127.0648499,37.6355286,N,,
1624,A13204408,상계17단지,도봉구,창동,아파트,분양,11,1980,대한주택공사,대한주택공사,1989-07-31 0:00,107984,127.0533313,37.6441576,N,,
1625,A13204409,창동동아청솔,도봉구,창동,아파트,분양,18,1981,동아건설산업(주),동아건설산업(주),1997-03-24 0:00,248705,127.048141,37.6572555,N,,
1626,A15209002,개봉한마을,구로구,개봉동,아파트,분양,26,1983,"중앙건설,벽산건설",세아제강,1999-04-30 0:00,216427,126.8624239,37.4952761,Y,,
1627,A15780705,가양4단지,강서구,가양동,아파트,임대,12,1998,SH공사,SH,1992-11-30 0:00,88203,126.8510376,37.5650258,N,,
1628,A13615003,석관두산,성북구,석관동,아파트,분양,25,1998,두산건설,두산건설,1998-04-18 0:00,266376,127.0684003,37.6129055,N,,
1629,A13984813,월계주공1단지,노원구,월계동,아파트,임대,8,2298,한국토지주택공사,한국토지주택공사,1992-11-19 0:00,100682,127.0517313,37.6265297,N,,
1630,A15106901,"봉천두산1,2단지",관악구,봉천동,아파트,분양,25,2001,두산,두산,2000-12-28 0:00,283601,126.9431459,37.4848788,N,,
1631,A13984814,월계주공2단지,노원구,월계동,아파트,분양,16,2002,주택공사,주택공사,1992-10-30 0:00,135018,127.0517313,37.6265297,N,,
1632,A13983004,상계주공2단지,노원구,상계동,아파트,분양,23,2029,대한주택공사,대한주택공사,1987-11-21 0:00,153686,127.0600209,37.6503337,N,,
1633,A15807101,목동9단지,양천구,신정동,아파트,분양,32,2030,"극동건설, 삼익건설",서울시,1987-07-30 0:00,250050,126.8613466,37.5187044,Y,,
1634,A10045301,신당남산타운임대,중구,신당동,아파트,임대,7,2034,동아건설,sh공사,2002-05-25 0:00,121031,127.0072969,37.5467804,N,,
1635,A13204510,창동북한산아이파크,도봉구,창동,아파트,분양,25,2061,"삼풍물산(주), 현대산업개발(주)",현대산업개발(주),2004-07-30 0:00,396650,127.0437366,37.6579079,Y,기업그룹,아이파크현대산업개발(HDC)
1636,A13983105,상계주공1단지,노원구,상계동,아파트,분양,24,2064,대한주택공사,대한주택공사,1988-05-13 0:00,150894,127.0590541,37.646847,N,,
1637,A13880806,가락쌍용1차,송파구,가락동,아파트,분양,14,2064,쌍용건설 주식회사,쌍용건설 주식회사,1997-03-20 0:00,248144,127.1285511,37.4954185,N,기업그룹,쌍용건설
1638,A13920802,상계주공15단지,노원구,상계동,아파트,임대,12,2100,sh공사,sh공사,1988-07-27 0:00,137241,127.055611,37.6683012,N,,
1639,A15105302,관악푸르지오아파트,관악구,봉천동,아파트,분양,23,2104,대우건설,재건축조합,2004-08-26 0:00,272723,126.9608583,37.4873089,N,기업그룹,대우건설
1640,A13377703,행당한진타운,성동구,행당동,아파트,분양,21,2123,한진중공업,금호1-6지구재개발조합,2000-11-07 0:00,322555,127.0292269,37.5560348,N,,
1641,A15286809,구로주공,구로구,구로동,아파트,분양,19,2126,대한주택공사,대한주택공사,1986-06-30 0:00,186670,126.8755006,37.4935926,N,,
1642,A15105303,관악현대,관악구,봉천동,아파트,분양,26,2134,현대건설,봉천제1구역주택개량재개발조합,1992-04-27 0:00,245534,126.9583526,37.4920393,N,기업그룹,현대건설
1643,A13920706,상계주공4단지,노원구,상계동,아파트,분양,17,2136,대한주택공사,대한주택공사,1988-05-13 0:00,154389,127.0634916,37.6504505,N,,
1644,A15792602,화곡푸르지오,강서구,화곡동,아파트,분양,50,2176,대우건설,대우건설,2002-10-31 0:00,481277,126.8313603,37.5446962,N,기업그룹,대우건설
1645,A13010006,장안현대홈타운,동대문구,장안동,아파트,분양,22,2182,현대건설,장안1동 재건축주택조합,2003-10-28 0:00,366425,127.0745688,37.5698432,N,기업그룹,현대건설
1646,A13613008,월곡두산위브아파트,성북구,하월곡동,아파트,분양,30,2197,두산건설,월곡구역 주택 재개발조합,2003-04-30 0:00,368906,127.0383738,37.6070339,N,,
1647,A15884703,신월시영아파트,양천구,신월동,아파트,분양,20,2256,서울도시개발공사,서울도시개발공사,1988-04-30 0:00,161114,126.8359615,37.5176143,N,,
1648,A13981903,상계주공14단지,노원구,상계동,아파트,분양,26,2265,주공,주공,1989-04-21 0:00,163274,127.0594091,37.6688541,N,,
1649,A15807605,목동13단지,양천구,신정동,아파트,분양,33,2280,"선경건설, 삼부토건",서울특별시,1987-07-30 0:00,275572,126.8650104,37.514173,Y,기업그룹,SK에코플랜트
1650,A15288814,"신도림대림1,2차",구로구,신도림동,아파트,분양,27,2298,대림,종근당외,1999-11-27 0:00,325741,126.880595,37.5058413,N,기업그룹,DL이앤씨
1651,A13922114,중계주공5단지,노원구,중계동,아파트,분양,18,2328,대한주택공사,대한주택공사,1992-04-29 0:00,174605,127.0766362,37.6532581,N,,
1652,A13920803,상계주공16단지,노원구,상계동,아파트,분양,18,2392,주택공사,주택공사,1988-09-23 0:00,190602,127.0553293,37.6687238,N,,
1653,A13307204,행당대림,성동구,행당동,아파트,분양,31,2399,대림산업,하왕2-1재개발조함,2000-12-30 0:00,348652,127.0271171,37.557906,N,기업그룹,DL이앤씨
1654,A13407104,명일삼익그린2차,강동구,명일동,아파트,분양,18,2400,삼익그린맨션,삼익건설,1983-12-17 0:00,221766,127.148467,37.5532919,N,,
1655,A15780806,가양5단지,강서구,가양동,아파트,임대,16,2412,"대주건설, 건영",SH공사,1992-11-30 0:00,107846,126.8548294,37.5636713,Y,,
1656,A15209207,개봉동현대아파트,구로구,개봉동,아파트,분양,31,2412,현대건설(주),원풍재건축주택조합,2001-08-22 0:00,365347,126.858502,37.4920888,N,기업그룹,현대건설
1657,A13986504,중계무지개아파트,노원구,중계동,아파트,분양,14,2433,럭키외,서울시,1991-11-15 0:00,172371,127.0665685,37.6427243,N,,
1658,A13528004,대치미도맨션,강남구,대치동,아파트,분양,21,2436,한보주택(주),한보주택(주),1983-11-28 0:00,362381,127.067338,37.4933854,N,,
1659,A15003002,영등포푸르지오,영등포구,영등포동,아파트,분양,31,2462,대우건설,(주)넥서스건설,2002-05-31 0:00,307282,126.9045485,37.5120598,N,기업그룹,대우건설
1660,A15701003,우장산아이파크이편한세상,강서구,화곡동,아파트,분양,42,2517,"현대산업개발, 대림산업",화곡2주구정비사업조합,2008-01-08 0:00,384781,126.8404024,37.5488035,Y,기업그룹,DL이앤씨; 아이파크현대산업개발(HDC)
1661,A15805115,목동7단지,양천구,목동,아파트,분양,34,2550,광주고속 경남기업 한일개발 경향건설,서울시 목동지구 개발사업소,1986-10-06 0:00,244025,126.869144,37.5290303,N,,
1662,A13522008,수서주공,강남구,수서동,아파트,임대,14,2565,럭키개발,한국토지주택공사,1992-10-17 0:00,116832,127.0997555,37.4903395,N,기업그룹,GS건설
1663,A13986505,중계시영3단지목련,노원구,중계동,아파트,임대,11,2619,sh공사,sh공사,1991-11-15 0:00,125080,127.069028,37.6465111,N,,
1664,A13982704,상계주공7단지,노원구,상계동,아파트,분양,21,2634,라이프주택. 삼환. 장복건설,대한주택공사,1988-07-27 0:00,190485,127.060964,37.6580044,Y,,
1665,A13790730,"잠원한신4지구(8차~11차,17차)",서초구,잠원동,아파트,분양,23,2640,한신공영,한신공영,1981-02-04 0:00,227373,127.0123844,37.5116554,N,,
1666,A13920707,상계주공6단지,노원구,상계동,아파트,분양,28,2646,대한주택공사,대한주택공사,1988-05-13 0:00,203067,127.0630823,37.6534408,N,,
1667,A13920804,상계주공10단지,노원구,상계동,아파트,분양,27,2654,대한주택공사,대한주택공사,1988-09-07 0:00,197224,127.0538808,37.6634281,N,,
1668,A13201209,도봉한신,도봉구,도봉동,아파트,분양,25,2678,한신공영,한신공영,1995-09-30 0:00,346446,127.0480587,37.6857192,N,,
1669,A13822001,잠실레이크팰리스,송파구,잠실동,아파트,분양,35,2678,"삼성, gs","삼성물산건설부문, GS건설",2006-12-28 0:00,492205,127.0927735,37.5086223,Y,기업그룹,삼성물산; GS건설
1670,A15303205,관악벽산타운5단지,금천구,시흥동,아파트,분양,25,2810,벽산건설,벽산건설,2004-08-06 0:00,363995,126.9187672,37.4482739,N,,
1671,A13921005,상계주공9단지,노원구,상계동,아파트,분양,23,2830,대힌주택공사,한국주택공사,1988-10-24 0:00,217994,127.059948,37.662167,N,,
1672,A13204105,창동주공3단지,도봉구,창동,아파트,분양,32,2856,sh 공사,sh 공사,1990-09-06 0:00,238813,127.045837,37.6500348,N,,
1673,A13405201,암사선사현대,강동구,암사동,아파트,분양,16,2938,"현대건설, 현대산업개발","현대건설, 현대산업개발",2000-06-15 0:00,346795,127.1266968,37.5522571,Y,기업그룹,현대건설; 아이파크현대산업개발(HDC)
1674,A15807707,신정양천,양천구,신정동,아파트,임대,16,2998,"풍린, 진흥",sh공사,1995-12-11 0:00,176355,126.8632848,37.5099235,Y,,
1675,A13527203,도곡렉슬,강남구,도곡동,아파트,분양,34,3002,"현대,쌍용,GS",도곡주공재건축조합,2006-01-27 0:00,553661,127.0489846,37.4930287,Y,기업그룹,현대건설; GS건설; 쌍용건설
1676,A13984004,그랑빌,노원구,월계동,아파트,분양,25,3003,"한진중공업,한화건설",0,2002-10-18 0:00,487926,127.0685797,37.6178054,Y,기업그룹,한화
1677,A15807606,목동14단지,양천구,신정동,아파트,분양,34,3100,라이프주택개발(주),라이프주택개발(주),1987-07-30 0:00,331864,126.8713633,37.5151892,N,,
1678,A10045302,신당남산타운(분양),중구,신당동,아파트,분양,35,3118,현대건설.SK건설.동아건설,신당3구역 주택재개발 사업조함,2002-05-25 0:00,432345,127.0072969,37.5467804,Y,기업그룹,현대건설; SK에코플랜트
1679,A13589802,압구정현대아파트,강남구,압구정동,아파트,분양,41,3130,현대건설,현대건설 현대산업개발,1976-06-07 0:00,516492,127.0280917,37.5331972,N,기업그룹,현대건설
1680,A13202312,방학신동아1단지,도봉구,방학동,아파트,분양,30,3169,신동아,0,1986-12-31 0:00,297343,127.0286105,37.6606886,N,,
1681,A13485302,강동롯데캐슬퍼스트아파트,강동구,암사동,아파트,분양,40,3226,롯데건설(주),롯데건설(주),2008-09-25 0:00,399293,127.1430468,37.556623,N,기업그룹,롯데건설
1682,A13982604,상계보람,노원구,상계동,아파트,분양,21,3315,군인공제회,군인공제회,1988-06-29 0:00,294983,127.0644118,37.6627915,N,,
1683,A13824005,신천장미1차2차,송파구,신천동,아파트,분양,31,3402,라이프주택개발,라이프주택개발,1979-01-24 0:00,412227,127.0994131,37.519587,N,,
1684,A13704104,반포자이,서초구,반포동,아파트,기타,44,3410,GS건설,반포주공3단지재건축주택정비사업조합,2009-03-13 0:00,814368,127.0135922,37.507538,N,기업그룹,GS건설
1685,A13986306,중계그린,노원구,중계동,아파트,분양,25,3481,서울도시개발공사,롯데건설(주)라이프주택(주)신동아건설(주)(주)삼호,1990-09-03 0:00,237406,127.0641156,37.6420264,N,,
1686,A15180705,관악드림타운,관악구,봉천동,아파트,분양,44,3544,"삼성물산,동아건설","삼성물산,동아건설",2003-09-06 0:00,531140,126.9506808,37.4898239,Y,기업그룹,삼성물산
1687,A13822002,잠실동트리지움,송파구,잠실동,아파트,분양,46,3696,"GS건설,현대건설,현대산업개발",잠실3단지 재건축조합,2007-08-24 0:00,597873,127.0895562,37.5083905,Y,기업그룹,현대건설; GS건설; 아이파크현대산업개발(HDC)
1688,A12185004,성산시영아파트,마포구,성산동,아파트,분양,33,3710,"유원, 선경, 대우건설",서울시청,1986-06-07 0:00,280399,126.9028201,37.5684652,Y,기업그룹,대우건설; SK에코플랜트
1689,A13606004,돈암한신한진아파트,성북구,돈암동,아파트,분양,30,3929,"한신공영(주), 한진중공업(주)","한신공영(주),한진중공업(주)",1998-07-01 0:00,659930,127.0102405,37.5949161,Y,,
1690,A13984005,월계시영고층,노원구,월계동,아파트,분양,32,3930,미성.미륭.삼호,서울시,1986-06-07 0:00,280427,127.0657785,37.6239862,Y,기업그룹,DL건설
1691,A13704901,반포본동아파트,서초구,반포동,아파트,분양,100,3610,대한주택공사,대한주택공사,1973-01-25 0:00,427856,126.9869329,37.5030465,N,,
1692,A13583507,은마,강남구,대치동,아파트,분양,28,4424,한보,한보,1979-08-30 0:00,504698,127.0650701,37.4977415,N,,
1693,A13820201,올림픽훼밀리타운,송파구,문정동,아파트,분양,56,4494,"대우,럭키개발,롯데건설,선경건설,태평양건설","대우,럭키개발,롯데건설,선경건설,태평양건설",1988-12-21 0:00,667132,127.1143761,37.4885215,Y,기업그룹,GS건설; 대우건설; 롯데건설; SK에코플랜트
1694,A13524011,개포주공1단지,강남구,개포동,아파트,분양,124,5040,대한주택공사,대한주택공사,1982-06-04 0:00,240629,127.0585214,37.4800022,N,,
1695,A13805002,올림픽선수기자촌아파트,송파구,방이동,아파트,분양,122,5540,한신공영(주) 외,서울특별시,1988-06-14 0:00,854994,127.1361039,37.5179148,Y,,
1696,A13822003,잠실리센츠,송파구,잠실동,아파트,분양,65,5563,"우방,삼성,대우,대림","우방,삼성,대우,대림",2008-07-31 0:00,935053,127.088451,37.5127515,Y,기업그룹,삼성물산; 대우건설; DL이앤씨
1697,A13822004,잠실엘스아파트,송파구,잠실동,아파트,분양,72,5678,"대림,삼성,현대,현산",잠실1단지재건축조합,2008-09-30 0:00,935380,127.088451,37.5127515,Y,기업그룹,삼성물산; 현대건설; DL이앤씨; 아이파크현대산업개발(HDC)
1698,A13824006,잠실파크리오,송파구,신천동,아파트,분양,66,6864,6개 시공사,"두산,쌍용,삼성,대림,코오롱,현대",2008-08-29 0:00,1142141,127.1093216,37.5212508,N,,
1699,A12170603,공덕래미안5차,마포구,공덕동,아파트,기타,9,794,삼성물산(주),공덕제5구역주택재개발정비사업소조합,2011-08-25 0:00,115939,126.9521365,37.5507992,N,기업그룹,삼성물산
1700,A13410011,고덕리엔파크2단지,강동구,강일동,아파트,기타,11,636,신동아,SH공사,2011-01-14 0:00,87368,127.1731354,37.5597131,N,,
1701,A13770105,반포미도2차,서초구,반포동,아파트,분양,3,435,한보건설,한보건설,1989-05-13 0:00,41174,127.0075124,37.5023578,N,,
1702,A13879102,잠실5단지아파트,송파구,잠실동,아파트,분양,30,3930,LH공사,LH,1978-04-15 0:00,455033,127.093004,37.5143691,N,,
1703,A13991015,월계유원,노원구,월계동,아파트,분양,1,154,유원건설,대동연립 주택조합,1998-04-14 0:00,18132,127.0454771,37.629816,N,,
1704,A12271402,동광갈현베르빌,은평구,갈현동,주상복합,분양,1,175,대교 대앤에스,대교디엔에스,2004-06-30 0:00,31911,126.9168122,37.6122422,N,,
1705,A13779431,신반포22,서초구,잠원동,아파트,분양,1,132,한신공영(주),한신공영(주),1983-09-17 0:00,16,127.0079051,37.5124574,N,,
1706,A15677204,사당신동아4단지,동작구,사당동,아파트,분양,8,912,신동아건설,...,1993-12-21 0:00,91646,126.9764363,37.4886826,N,,
1707,A15375809,독산주공14단지,금천구,독산동,아파트,분양,5,840,대한주택공사,대한주택공사,1990-11-14 0:00,54437,126.8865685,37.4601188,N,,
1708,A13671203,종암선경아파트,성북구,종암동,아파트,분양,2,238,선경건설,-,1996-09-19 0:00,25065,127.0338125,37.5944341,N,기업그룹,SK에코플랜트
1709,A13077702,휘경 미소지움아파트,동대문구,휘경동,아파트,분양,5,345,신성건설,신성건설,1999-08-31 0:00,50115,127.0644927,37.5915179,N,,
1710,A13679902,돈암힐스테이트,성북구,돈암동,아파트,분양,6,201,현대건설(주),돈암제1구역주택재개발조합,2007-04-18 0:00,29669,127.0149705,37.5986397,N,기업그룹,현대건설
1711,A12078704,홍제원 현대,서대문구,홍제동,아파트,분양,15,939,현대건설,현대건설,2000-06-14 0:00,128750,126.9495987,37.5876675,N,기업그룹,현대건설
1712,A14272303,한일유앤아이,강북구,미아동,아파트,분양,8,384,한일건설(주),한일건설(주),2002-11-29 0:00,63155,127.0365907,37.6148297,N,,
1713,A13671204,종암2차아이파크,성북구,종암동,아파트,분양,15,782,현대산업개발(주),현대산업개발(주),2005-09-30 0:00,117514,127.0309927,37.5973718,N,기업그룹,아이파크현대산업개발(HDC)
1714,A15176602,봉천건영6차아파트,관악구,봉천동,아파트,분양,3,184,(주)건영,동우재건축조합,1999-05-17 0:00,23306,126.9518898,37.4770751,N,,
1715,A15209003,청실아파트,구로구,개봉동,아파트,분양,1,156,,,1987-11-23 0:00,14898,126.8597726,37.4954923,N,,
1716,A13671205,종암SK,성북구,종암동,아파트,분양,6,1318,SK건설,종암구역주택개량재개발,1999-04-07 0:00,144122,127.0369642,37.6010883,N,기업그룹,SK에코플랜트
1717,A13876108,송파파인타운6단지,송파구,장지동,아파트,기타,7,564,경남기업,sh공사,2008-08-25 0:00,72224,127.1320225,37.4802994,N,,
1718,A13991017,월계초안산쌍용,노원구,월계동,아파트,분양,4,225,쌍용건설(주),.,2006-03-27 0:00,29883,127.0443868,37.6304246,N,기업그룹,쌍용건설
1719,A15606005,한강쌍용,동작구,본동,아파트,분양,2,161,쌍용건설(주),본동재개발조합,1999-04-30 0:00,23192,126.9529795,37.5121972,N,기업그룹,쌍용건설
1720,A13776508,반포푸르지오,서초구,반포동,아파트,분양,3,237,(주)대우,반포 대우 직장조합 외 6개 조합,2000-10-30 0:00,32930,126.9971987,37.5040994,N,기업그룹,대우건설
1721,A13113006,신내경남아너스빌,중랑구,신내동,아파트,분양,4,214,경남기업,보광아파트 주택정비사업조합,2007-02-16 0:00,29056,127.0970347,37.6037982,N,,
1722,A15271601,서울수목원현대홈타운스위트,구로구,항동,아파트,분양,11,245,케이앤드탑(주),현대건설,2004-12-10 0:00,38277,126.8198155,37.4842505,N,,
1723,A13770801,방배한신트리플,서초구,방배동,주상복합,분양,1,163,한신공영,한신공영,2004-02-27 0:00,21498,126.9893021,37.4912762,N,,
1724,A15777501,마곡중앙하이츠아파트,강서구,방화동,아파트,분양,8,930,중앙하이츠,중앙하이츠,1994-05-14 0:00,65845,126.80664,37.5697906,N,,
1725,A14077901,한남힐스테이트,용산구,한남동,아파트,분양,6,283,현대건설,현대건설,2003-10-02 0:00,56723,127.0038012,37.5287855,N,기업그룹,현대건설
1726,A15875101,목동1단지,양천구,목동,아파트,분양,34,1882,삼성종합건설,도시개발공사,1985-11-19 0:00,219212,126.880561,37.5392044,N,기업그룹,삼성물산
1727,A12070201,충정리시온,서대문구,충정로3가,주상복합,분양,1,258,대림,마포로 제5구역 6-1지구 도심 재개발주택조합,2004-09-23 0:00,20416,126.9651045,37.5604168,N,기업그룹,DL이앤씨
1728,A12078705,홍제인왕산현대,서대문구,홍제동,아파트,분양,10,700,현대건설,현대건설,2000-07-05 0:00,94222,126.9501007,37.5856879,N,기업그룹,현대건설
1729,A13676103,신동아파밀리에,성북구,석관동,아파트,분양,5,199,신동아건설,석관제3구역,2011-01-28 0:00,33370,127.0540258,37.6072388,N,,
1730,A13812004,마천우방,송파구,마천동,아파트,분양,4,249,(주)우방,우신연립 재건축조합,2002-11-29 0:00,33397,127.1520468,37.5003286,N,,
1731,A13276414,방학신동아3단지,도봉구,방학동,아파트,분양,3,210,신동아건설,신동아건설,1992-09-26 0:00,23132,127.0232617,37.6602606,N,,
1732,A13991018,롯데캐슬루나,노원구,월계동,아파트,분양,21,850,롯데건설,재건축조합,2006-11-30 0:00,130109,127.0507602,37.6259588,N,기업그룹,롯데건설
1733,A15076301,여의도대우트럼프월드,영등포구,여의도동,주상복합,분양,2,282,대우건설,대우건설,2002-10-30 0:00,78667,126.932358,37.5176189,N,기업그룹,대우건설
1734,A15670001,동작상떼빌주상복합,동작구,신대방동,아파트,분양,4,545,성원건설(주),에스엘종합건설(주),2006-08-25 0:00,122426,126.9069458,37.4874945,N,,
1735,A14072901,북한강성원아파트,용산구,이촌동,아파트,분양,2,340,성원건설,시민아파트 재건축조합,2001-08-07 0:00,31103,126.9537952,37.5273113,N,,
1736,A13478601,고덕현대아파트,강동구,명일동,아파트,분양,7,524,한국도시개발(주),한국도시개발(주),1986-02-07 0:00,73374,127.1535479,37.5505067,N,,
1737,A41279901,은평뉴타운상림마을14단지,은평구,진관동,아파트,분양,13,300,현대산업개발,sh공사,2008-06-14 0:00,69069,126.9291039,37.6484546,N,기업그룹,아이파크현대산업개발(HDC)
1738,A13993501,하계삼익선경,노원구,하계동,아파트,분양,6,396,"삼익건설(주)-3개동, 선경건설(주)-3개동","삼익건설,선경건설",1993-06-10 0:00,67222,127.076932,37.6390508,Y,기업그룹,SK에코플랜트
1739,A15101503,신림2차푸르지오,관악구,신림동,아파트,분양,8,349,대우건설(주),신림7구역 재개발조합,2007-02-06 0:00,54429,126.9199177,37.4613553,N,기업그룹,대우건설
1740,A13375901,한남하이츠,성동구,옥수동,아파트,분양,8,535,중앙건설,중앙건설,1982-09-18 0:00,75886,127.0141559,37.539745,N,,
1741,A13375902,옥수삼성,성동구,옥수동,아파트,분양,10,1114,삼성물산(주),삼성물산(주),1999-04-20 0:00,156220,127.0140492,37.5423772,N,기업그룹,삼성물산
1742,A13972601,중계건영2차,노원구,중계동,아파트,분양,6,742,(주)건영,(주)건영,1991-01-10 0:00,73398,127.0666719,37.6474564,N,,
1743,A13378001,서울숲힐스테이트,성동구,성수동2가,아파트,분양,5,445,현대건설,kt,2009-06-01 0:00,96114,127.0521533,37.5412384,N,기업그룹,현대건설
1744,A13782601,쌍용예가클래식,서초구,방배동,아파트,분양,3,216,쌍용건설,방배궁전리모델링주택조합,2006-12-27 0:00,38311,126.9877923,37.493704,N,기업그룹,쌍용건설
1745,A41279902,은평뉴타운상림마을5단지,은평구,진관동,아파트,기타,8,318,대우푸르지오,SH공사,2008-05-14 0:00,61410,126.9308402,37.6475351,N,,
1746,A12177801,서강한화오벨리스크스위트,마포구,창전동,주상복합,분양,3,192,한화건설,서미트캠프,2007-04-11 0:00,32610,126.9318242,37.5465994,N,기업그룹,한화
1747,A13672101,삼선푸르지오아파트,성북구,삼선동2가,아파트,분양,22,864,대우건설(주),조합아파트,2008-03-27 0:00,133964,127.0133812,37.5834945,N,기업그룹,대우건설
1748,A41279903,은평뉴타운상림마을7단지,은평구,진관동,아파트,기타,9,378,대우푸르지오,sh공사,2008-05-14 0:00,59834,126.9355523,37.6506098,N,,
1749,A13876109,송파파인타운2단지,송파구,장지동,아파트,기타,9,374,울트라건설(주),sh공사,2008-09-25 0:00,43249,127.1312464,37.4839845,N,,
1750,A15728009,우장산힐스테이트,강서구,내발산동,아파트,분양,40,2198,"현대건설,현대산업개발,한진중공업",화곡1주구재건축조합,2005-05-04 0:00,339035,126.8414673,37.5557622,Y,기업그룹,현대건설; 아이파크현대산업개발(HDC)
1751,A12170401,마포동원베네스트,마포구,도화동,아파트,분양,3,167,동원산업건설,동원,2010-04-29 0:00,18939,126.9523524,37.5403318,N,,
1752,A13671206,종암아이파크1차,성북구,종암동,아파트,분양,7,513,현대산업개발,종암1동재개발조합,2004-09-24 0:00,75690,127.0298689,37.6025494,N,기업그룹,아이파크현대산업개발(HDC)
1753,A13872502,롯데캐슬골드,송파구,신천동,주상복합,분양,2,400,롯데건설,롯데쇼핑,2005-11-22 0:00,243461,127.1006125,37.5145557,N,기업그룹,롯데건설
1754,A41279904,은평뉴타운상림마을6단지,은평구,진관동,아파트,기타,7,379,대우푸르지오,SH,2008-05-14 0:00,53595,126.924494,37.6354766,N,,
1755,A14277601,래미안미아1차,강북구,미아동,아파트,분양,6,306,삼성물산,미아제2구역주택재개발,2006-11-09 0:00,44674,127.019477,37.6260408,N,기업그룹,삼성물산
1756,A13971501,상계미도,노원구,상계동,아파트,분양,3,600,한보,한보,1988-04-12 0:00,76110,127.0610376,37.6461776,N,,
1757,A13076801,이문삼성래미안아파트,동대문구,이문동,아파트,분양,8,379,삼성물산 건설부문,삼성물산 건설부문,2001-11-07 0:00,66509,127.0568469,37.6004297,N,기업그룹,삼성물산
1758,A12071001,홍은두산,서대문구,홍은동,아파트,분양,3,294,두산건설(주),신성주택(주),1997-10-13 0:00,33404,126.9316681,37.579183,N,,
1759,A15095001,대림동현대,영등포구,대림동,아파트,분양,1,217,현대건설,대림동지역주택조합,1999-02-03 0:00,26392,126.9081879,37.4930349,N,기업그룹,현대건설
1760,A41279905,은평뉴타운상림마을4단지,은평구,진관동,아파트,기타,4,241,현대산업개발,sh공사,2008-05-14 0:00,45115,126.9293087,37.6482939,N,기업그룹,아이파크현대산업개발(HDC)
1761,A14278101,수유극동아파트,강북구,수유동,아파트,분양,7,574,동익건설,극동건설,1992-03-23 0:00,66879,127.0121448,37.6419306,N,,
1762,A15101504,관악산휴먼시아,관악구,신림동,아파트,기타,39,2810,한국토지주택공사,금호외,2008-03-13 0:00,411433,126.9212183,37.4616692,N,,
1763,A12071101,연희성원,서대문구,연희동,아파트,분양,8,581,성원건설,연희3동B지구재건축조합,2001-05-31 0:00,89550,126.9391726,37.5764491,N,,
1764,A13276415,방학청구,도봉구,방학동,아파트,분양,10,978,(주)청구,(주)청구,1994-06-20 0:00,105166,127.0262264,37.6580542,N,,
1765,A15178201,관악벽산블루밍,관악구,봉천동,아파트,분양,18,2105,벽산건설,벽산건설,2005-06-30 0:00,226769,126.9454566,37.4884554,N,,
1766,A41279906,은평뉴타운상림마을10단지,은평구,진관동,아파트,기타,4,230,현대산업개발,SH공사,2008-05-14 0:00,40031,126.9286741,37.648085,N,기업그룹,아이파크현대산업개발(HDC)
1767,A41279907,은평뉴타운상림마을11단지,은평구,진관동,아파트,기타,6,187,현대산업개발,SH공사,2008-05-14 0:00,28361,126.9262676,37.6322759,N,기업그룹,아이파크현대산업개발(HDC)
1768,A13276416,방학우성1차,도봉구,방학동,아파트,분양,8,658,우성건설(주),국민은행 주택조합,1992-07-15 0:00,73801,127.0238773,37.6579642,N,,
1769,A15728010,우장산롯데2차,강서구,내발산동,아파트,분양,3,157,롯데기공(주),경서연립재건축조합,2003-09-25 0:00,20828,126.8427487,37.5546673,N,,
1770,A13176801,묵동극동늘푸른아파트,중랑구,묵동,아파트,분양,2,188,(주)극동건설,묵동 우성아파트 재건축조합,1999-04-01 0:00,25596,127.0761342,37.6146204,N,,
1771,A12072801,DMC센트레빌,서대문구,남가좌동,아파트,기타,7,473,동부건설,주택조합,2009-06-02 0:00,76631,126.9156652,37.5759769,N,,
1772,A12204003,북한산힐스테이트1차,은평구,불광동,아파트,분양,11,603,현대건설,불광2구역 주택재개발조합,2009-07-16 0:00,96247,126.937083,37.6126016,N,기업그룹,현대건설
1773,A13272101,방학명품ESA2단지,도봉구,방학동,주상복합,분양,4,225,(주)SR개발,(주)SR개발,2003-09-03 0:00,44239,127.0456136,37.6664768,N,,
1774,A13576201,청담건영아파트,강남구,청담동,아파트,분양,2,240,건영종합건설(주),청강연합주택조합,1994-09-05 0:00,30509,127.0523705,37.5274224,N,,
1775,A13372101,성수2차대우,성동구,성수동1가,아파트,분양,5,283,대우건설,한일연립 재건축조합,1999-07-31 0:00,37148,127.0501613,37.5484228,N,기업그룹,대우건설
1776,A14272304,SK북한산시티아파트,강북구,미아동,아파트,분양,47,3830,sk건설,미아제1구역 제1지구 주택개량 재개발조합,2004-05-07 0:00,544952,127.0123459,37.6181847,N,기업그룹,SK에코플랜트
1777,A15875102,목동2단지,양천구,목동,아파트,분양,37,1640,(주)유원건설,서울특별시,1986-09-30 0:00,207571,126.8762201,37.5374403,N,,
1778,A15672001,보라매우성,동작구,신대방동,주상복합,분양,2,199,우성건설,우성건설,1995-11-14 0:00,32438,126.9251592,37.492347,N,,
1779,A13770607,서초5차e편한세상,서초구,서초동,아파트,분양,2,161,대림건설,디케이건설,2005-12-23 0:00,46330,127.0077138,37.4785869,N,기업그룹,DL건설
1780,A15678101,상도현대,동작구,상도동,아파트,분양,2,194,현대건설,상도연합주택조합,2003-06-16 0:00,21098,126.9516004,37.5009336,N,기업그룹,현대건설
1781,A13987501,성북역신도브래뉴,노원구,월계동,아파트,분양,3,157,(주)신도종합건설,(주)신도종합건설,2005-05-23 0:00,19627,127.0589298,37.6231556,N,,
1782,A15101505,신림벽산블루밍,관악구,신림동,아파트,분양,3,177,벽산건설,삼두아파트재건축주택조합,2005-09-29 0:00,23719,126.9311914,37.4639058,N,,
1783,A13971502,상계주공3단지,노원구,상계동,아파트,분양,26,2213,한국주택공사,한국주택공사,1987-11-21 0:00,186785,127.0568216,37.651102,N,,
1784,A13579501,역삼개나리푸르지오,강남구,역삼동,아파트,분양,5,332,대우건설,대우건설,2006-08-14 0:00,70901,127.0499952,37.4997285,N,기업그룹,대우건설
1785,A12003001,충정로 skview 아파트,서대문구,합동,아파트,분양,3,180,SK건설,SK건설,2008-10-31 0:00,29092,127.0499952,37.4997285,N,기업그룹,SK에코플랜트
1786,A12079501,북아현두산,서대문구,북아현동,아파트,분양,6,956,두산건설(주),북아현시민아파트재건축주택조합,1999-03-03 0:00,87371,126.9501114,37.5591855,N,,
1787,A12171101,월드컵아이파크1단지,마포구,성산동,아파트,기타,5,320,현대산업개발,현대산업개발,2009-03-05 0:00,32355,126.9145216,37.5676304,N,기업그룹,아이파크현대산업개발(HDC)
1788,A15678102,상도삼호,동작구,상도동,아파트,기타,5,682,삼호건설,삼호건설,1994-02-25 0:00,81197,126.9509806,37.5012043,N,기업그룹,DL건설
1789,A15209004,개봉동아이파크,구로구,개봉동,아파트,분양,11,684,현대산업개발,현대산업개발,2006-06-19 0:00,78446,126.8597407,37.4898358,N,기업그룹,아이파크현대산업개발(HDC)
1790,A41279908,은평뉴타운 상림마을3단지,은평구,진관동,아파트,기타,3,255,현대산업개발주식회사,sh공사,2008-05-14 0:00,45298,126.9298087,37.6489181,N,기업그룹,아이파크현대산업개발(HDC)
1791,A13877501,송파삼성래미안,송파구,송파동,아파트,분양,13,845,삼성물산,송파성원재건축주택조합,2001-12-21 0:00,158011,127.1182753,37.5047161,N,기업그룹,삼성물산
1792,A15772901,등촌우성101동,강서구,등촌동,아파트,분양,1,134,우성건설,우성건설,1992-05-27 0:00,12916,126.8603664,37.5573574,N,,
1793,A15772902,등촌우성102동,강서구,등촌동,아파트,분양,1,110,우성건설,우성건설,1992-05-27 0:00,13159,126.8599261,37.5576039,N,,
1794,A13987502,월계역신도브래뉴,노원구,월계동,아파트,분양,4,223,인덕주택재건축정비사업조합/(주)신도종합건설,(주)신도종합건설,2005-06-28 0:00,30188,127.0586793,37.6290399,N,,
1795,A15208005,고척마젤란,구로구,고척동,아파트,기타,2,175,유진기업,유진기업,2008-05-01 0:00,23757,126.8640402,37.5043049,N,,
1796,A13993502,하계한신동성,노원구,하계동,아파트,분양,6,498,한신.동성,한신.동성,1993-03-03 0:00,84705,127.0755733,37.6398137,Y,,
1797,A13876110,송파파인타운3단지,송파구,장지동,아파트,분양,10,625,sh공사,신일건업,2008-07-18 0:00,91404,127.1328807,37.483645,N,,
1798,A13593802,수서1-1단지아파트,강남구,일원동,아파트,임대,14,2214,(주)신한외 8개업체,SH공사,1992-11-26 0:00,170989,127.0909823,37.4927536,N,,
1799,A11087602,종로센트레빌,종로구,숭인동,아파트,분양,6,416,동부건설,숭인제4구역재정비사업조합,2008-11-21 0:00,63836,127.015931,37.5809831,N,,
1800,A15192201,관악동부센트레빌,관악구,봉천동,아파트,분양,7,487,동부건설,동부건설,2004-05-28 0:00,64147,126.951485,37.4871792,N,,
1801,A13775101,신동아아파트,서초구,서초동,아파트,분양,7,997,신동아건설,신동아건설,1978-12-15 0:00,113858,127.024545,37.4904484,N,,
1802,A15105005,서울대입구삼성아파트,관악구,봉천동,아파트,분양,3,254,삼성중공업,삼성중공업,1999-10-28 0:00,35903,126.9519775,37.4762414,N,,
1803,A12071102,연희임광아파트,서대문구,연희동,아파트,분양,2,212,임광토건,임광토건,1999-02-24 0:00,30573,126.927128,37.5652014,N,,
1804,A13676703,정릉1차e-편한세상,성북구,정릉동,아파트,분양,11,739,대림건설,정릉5구역재건축조합,2006-06-02 0:00,99443,127.0101777,37.6150052,N,기업그룹,DL건설
1805,A12170601,삼성래미안공덕4차,마포구,공덕동,아파트,분양,12,597,삼성물산(주) 건설부분,공덕제3구역 주택재개발조합,2005-11-17 0:00,85212,126.9514027,37.5499127,N,기업그룹,삼성물산
1806,A15679104,흑석청호,동작구,흑석동,아파트,기타,5,346,(주)해강,서울특별시 도시개발공사,1997-10-14 0:00,23234,126.9514027,37.5499127,N,,
1807,A13994501,공릉현대성우,노원구,공릉동,아파트,분양,1,181,현대성우건설,현대성우아파트재건축조합,2000-10-18 0:00,22599,127.0774494,37.6264863,N,,
1808,A13671207,종암극동아파트,성북구,종암동,아파트,분양,2,297,극동건설,극동건설,2000-12-07 0:00,38586,127.0336943,37.5952864,N,,
1809,A13772801,서초현대아파트,서초구,서초동,아파트,분양,2,299,고려산업개발(주),고려산업개발(주),1999-11-30 0:00,44202,127.0201769,37.4909929,N,,
1810,A13989701,상계동아불암,노원구,상계동,아파트,분양,5,673,상계3-1지구 주택재개발조합,상계3-1지구 주택재개발조합,1999-11-25 0:00,115062,127.0804264,37.6681544,N,,
1811,A15679105,명수대현대아파트,동작구,흑석동,아파트,분양,8,660,현대산업개발,주택조합,1988-08-29 0:00,91430,126.9667533,37.5079377,N,기업그룹,아이파크현대산업개발(HDC)
1812,A13375903,옥수강변풍림아이원,성동구,옥수동,아파트,분양,5,269,풍림산업,풍림산업,2004-10-29 0:00,37631,127.0195002,37.5422717,N,,
1813,A14272305,벽산라이브파크,강북구,미아동,아파트,분양,19,1585,벽산건설,미아1-2재개발조합,2004-08-07 0:00,264005,127.0108365,37.6211567,N,,
1814,A15870101,목동트라팰리스,양천구,목동,아파트,분양,4,522,삼성물산,"(주)스타코, (주)이스타빌건설",2009-01-23 0:00,219125,126.8702493,37.5254967,N,기업그룹,삼성물산
1815,A15179701,임광관악파크,관악구,신림동,아파트,분양,5,465,임광,난곡아파트 재건축조합,2003-09-29 0:00,63357,126.9190257,37.4698044,N,,
1816,A15703005,등촌대동황토방2차아파트,강서구,등촌동,아파트,분양,4,196,(주)대동,우관/삼성연립 재건축 조합,2003-10-30 0:00,20775,126.8624005,37.5551809,N,,
1817,A15101506,삼성산주공3단지,관악구,신림동,아파트,분양,9,1482,대한주택공사,한국토지주택공사,2000-08-03 0:00,218681,126.9261337,37.462525,N,,
1818,A13579503,역삼2차아이파크,강남구,역삼동,아파트,분양,3,150,현대산업개발(주),신도곡아파트재건축조합,2008-12-02 0:00,22883,127.0520538,37.4967427,N,기업그룹,아이파크현대산업개발(HDC)
1819,A13770608,서초현대ESA2차,서초구,서초동,주상복합,분양,2,174,현대건설,SR건설,2003-01-29 0:00,43252,127.0085802,37.4910746,N,기업그룹,현대건설
1820,A13770609,현대슈퍼빌,서초구,서초동,주상복합,분양,4,645,현대건설(주),군인공제회,2003-10-13 0:00,226180,127.0160375,37.4830098,N,기업그룹,현대건설
1821,A13775102,서초삼성쉐르빌2,서초구,서초동,주상복합,분양,1,365,국민자산신탁(주),삼성중공업(주),2002-03-25 0:00,32854,127.0278848,37.4939673,N,,
1822,A15778101,방화동성아파트,강서구,방화동,아파트,분양,9,686,(주)동성종합건설,(주)동성종합건설,1993-12-16 0:00,65560,126.8119701,37.5796258,N,,
1823,A15779704,길성그랑프리텔1차,강서구,내발산동,아파트,분양,2,194,길성건설(주),길성건설(주),2003-12-31 0:00,25753,126.8393323,37.5520159,N,,
1824,A15378501,시흥월드메르디앙,금천구,시흥동,아파트,분양,2,202,월드건설(주),"삼천리,무궁화연립주택조합",2006-01-03 0:00,23295,126.9071306,37.4597256,N,,
1825,A15178202,봉천벽산블루밍3차,관악구,봉천동,아파트,분양,5,281,벽산건설,관악아파트 재건축조합,2004-12-20 0:00,38222,126.9444368,37.4884282,N,,
1826,A13993503,하계한신,노원구,하계동,아파트,분양,4,1200,한신공영,한신공영,1988-10-29 0:00,55504,127.068697,37.6377945,N,,
1827,A13176901,신내6단지,중랑구,신내동,아파트,분양,16,1609,대주건설,서울시 도시개발공사,1996-03-13 0:00,123284,127.091946,37.6153429,N,,
1828,A13377301,하왕십리극동미라주2,성동구,하왕십리동,아파트,임대,1,191,극동건설,서울시,2001-12-14 0:00,12678,127.023323,37.5595286,N,,
1829,A13987503,월계2차한일,노원구,월계동,아파트,분양,1,171,한일건설,한일,2000-04-26 0:00,24554,127.0620191,37.6212242,N,,
1830,A13528005,테헤란로대우아이빌,강남구,대치동,주상복합,분양,1,372,대우건설,프리즘(주),2004-04-29 0:00,24850,127.0540217,37.5056902,N,기업그룹,대우건설
1831,A13594402,개포한신,강남구,일원동,아파트,분양,4,364,한신공영,한신공영,1984-03-10 0:00,42315,127.0786887,37.4911612,N,,
1832,A12179501,DMC상암센트럴파크2단지,마포구,상암동,아파트,분양,3,184,양우건설사,LH공사,2009-06-22 0:00,18957,126.896649,37.575112,N,,
1833,A13782602,방배신삼호,서초구,방배동,아파트,분양,6,481,삼호주택,삼호주택,1983-05-31 0:00,85111,126.9897344,37.4971521,N,기업그룹,DL건설
1834,A14072701,한가람아파트,용산구,이촌동,아파트,분양,19,2036,(주) 건영,동부이촌동 공무원아파트 A지구 재건축조합,1998-09-18 0:00,271619,126.9735558,37.5213784,N,,
1835,A13484004,SK허브진주상복합아파트,강동구,성내동,주상복합,분양,1,325,SK건설,(주)리얼리치,2004-10-21 0:00,23327,127.1327538,37.5351624,N,기업그룹,SK에코플랜트
1836,A15192202,봉천동아제2,관악구,봉천동,아파트,임대,4,836,동아건설,봉천동재개발조합,2000-05-09 0:00,54250,126.9561802,37.487826,N,,
1837,A15076302,여의도자이,영등포구,여의도동,아파트,분양,4,580,GS건설(주),여의도한성재건축조합,2008-04-29 0:00,203904,126.925912,37.5182033,N,기업그룹,GS건설
1838,A13508010,역삼쌍용플래티넘밸류,강남구,역삼동,주상복합,분양,3,166,쌍용건설(주),한국자산신탁(주),2007-01-19 0:00,27970,127.0304134,37.4954031,N,기업그룹,쌍용건설
1839,A13372102,성수쌍용,성동구,성수동1가,아파트,분양,9,777,남광토건,남광토건,1997-10-07 0:00,92792,127.04712,37.5495253,N,,
1840,A13075402,래미안엘파인,동대문구,답십리동,아파트,분양,9,472,삼성물산,.,2011-06-23 0:00,49039,127.065374,37.575779,N,기업그룹,삼성물산
1841,A13272102,방학동부센트레빌,도봉구,방학동,아파트,분양,4,258,동부건설(주),(주)더피앤디,2005-11-21 0:00,42513,127.0395517,37.6633044,N,,
1842,A15177101,라이프아파트,관악구,신림동,아파트,분양,1,171,라이프건설,신라연립,1996-03-27 0:00,17620,126.913185,37.4771101,N,,
1843,A15609006,신동아5,동작구,사당동,아파트,기타,4,333,신동아건설(주),신동아건설(주),1998-11-20 0:00,35031,126.9769147,37.4910995,N,,
1844,A14072702,이촌,용산구,이촌동,아파트,분양,10,834,코오롤건설,코오롱건설,1999-11-01 0:00,117647,126.9779266,37.5200205,N,,
1845,A15105006,낙성대현대홈타운,관악구,봉천동,아파트,분양,2,297,현대산업개발,현대산업개발,2002-02-25 0:00,52610,126.9635627,37.4806862,N,기업그룹,아이파크현대산업개발(HDC)
1846,A13676101,래미안석관,성북구,석관동,아파트,분양,13,580,삼성물산,석관제1구역주택재개발조합,2009-06-26 0:00,90586,127.0545119,37.6083777,N,기업그룹,삼성물산
1847,A12179001,브라운스톤공덕,마포구,신공덕동,아파트,분양,3,290,이수건설(주),신공덕제5구역주택재개발조합,2009-02-19 0:00,40490,126.9559987,37.5411796,N,,
1848,A15676701,신동아리버파크제2관리사무소,동작구,노량진동,아파트,임대,3,925,신동아,상도제1구역 재개발조합,2001-02-15 0:00,54277,126.9429565,37.5065005,N,,
1849,A15176701,관악국제산장,관악구,신림동,아파트,분양,8,630,국제종합건설,신림제2-2구역재개발조합,1993-08-24 0:00,72052,126.9280602,37.4612442,N,,
1850,A13770610,서초아트자이,서초구,서초동,주상복합,분양,4,164,GS건설(주),(주)삼종지위드건설,2009-06-26 0:00,68993,127.0113898,37.4856728,N,기업그룹,GS건설
1851,A13527017,타워팰리스1차,강남구,도곡동,주상복합,분양,4,1297,삼성물산,삼성전자,2002-10-23 0:00,457994,127.0544454,37.4882233,N,"k-전체세대수, 기업그룹",삼성물산
1852,A13470101,길동삼익파크,강동구,길동,아파트,분양,12,1092,삼익건설,삼익건설,1982-09-04 0:00,102794,127.1476738,37.5448343,N,,
1853,A15873701,목동10단지,양천구,신정동,아파트,분양,34,2160,"삼호, 동양고속",서울시목동지구개발사업소,1987-07-30 0:00,236932,126.8587497,37.5165011,Y,기업그룹,DL건설
1854,A12071103,연희대림아파트,서대문구,연희동,아파트,분양,3,220,대림,대림,1993-09-03 0:00,27331,126.9362953,37.5754721,N,기업그룹,DL이앤씨
1855,A13585402,타워팰리스2차,강남구,도곡동,주상복합,분양,2,813,삼성중공업,삼성중공업,2003-02-28 0:00,296650,127.0544975,37.4897089,N,,
1856,A13170401,한일써너스빌아파트,중랑구,상봉동,아파트,분양,3,504,한일건설,채널산업(주),2003-12-01 0:00,89535,127.0912331,37.5972558,N,,
1857,A13410009,강일리버파크5단지,강동구,강일동,아파트,기타,9,722,KR산업,SH공사,2009-07-13 0:00,84262,127.1782697,37.5678721,N,,
1858,A13410010,강일리버파크7단지,강동구,강일동,아파트,기타,11,731,고속도로관리공단,SH공사,2009-06-09 0:00,80753,127.1784546,37.5653816,N,,
1859,A13527018,양재SK허브프리모,강남구,도곡동,주상복합,분양,1,176,SK건설,SK건설,2006-01-18 0:00,20562,127.0344139,37.4853103,N,기업그룹,SK에코플랜트
1860,A13677101,정릉2차 e편한세상,성북구,정릉동,아파트,분양,10,527,대림산업,대림산업,2009-06-08 0:00,83747,127.018734,37.6001826,N,기업그룹,DL이앤씨
1861,A13276417,벽산1,도봉구,방학동,아파트,분양,4,489,벽산건설,벽산건설,1991-09-02 0:00,40700,127.0317182,37.6600699,N,,
1862,A11077101,창신쌍용아파트2단지,종로구,창신동,아파트,분양,7,919,쌍용건설,창신제2지구 재개발조합,1993-10-12 0:00,97541,127.0117627,37.5806115,N,기업그룹,쌍용건설
1863,A14075201,용산파크자이,용산구,한강로1가,주상복합,분양,3,310,GS건설,모건아담스코리아,2005-12-23 0:00,148969,126.9733121,37.5364563,N,기업그룹,GS건설
1864,A41279909,은평뉴타운박석고개13단지,은평구,진관동,아파트,분양,4,162,현대건설,서울특별시 SH공사,2008-12-12 0:00,33050,126.9148018,37.635659,N,기업그룹,현대건설
1865,A41279910,은평뉴타운박석고개1단지,은평구,진관동,아파트,기타,16,947,현대,sh공사,2009-01-12 0:00,134075,126.9207485,37.6337149,N,기업그룹,현대건설
1866,A12071002,홍은동부센트레빌,서대문구,홍은동,아파트,분양,4,201,홍은 제10구역 주택재개발 정비사업조함,동부건설(주),2009-08-31 0:00,37008,126.9378412,37.5972741,N,,
1867,A14272306,미아경남아너스빌,강북구,미아동,아파트,분양,11,860,미아아파트재건축조합,경남기업,2003-06-20 0:00,124490,127.0357365,37.6151287,N,,
1868,A13776509,래미안퍼스티지,서초구,반포동,아파트,기타,28,2444,삼성물산,반포주공2단지재건축조합,2009-07-14 0:00,540103,126.9997222,37.502999,N,기업그룹,삼성물산
1869,A13475001,천호동아코아,강동구,천호동,주상복합,기타,1,191,동아건설,동아건설,1997-12-31 0:00,23902,127.125912,37.5412753,N,,
1870,A13550403,도곡한신,강남구,도곡동,아파트,분양,5,421,(주)한신공영,(주)한신공영,1988-07-16 0:00,46484,127.0402373,37.4878586,N,,
1871,A14272307,미아현대,강북구,미아동,아파트,분양,3,231,현대산업개발(주),미아동농협주택조합,1992-12-21 0:00,25200,127.0258094,37.6307852,N,기업그룹,아이파크현대산업개발(HDC)
1872,A13986509,중계주공1단지,노원구,중계동,아파트,임대,3,882,(주)건영,LH공사,1990-12-14 0:00,37153,127.0658713,37.6478396,N,,
1873,A13977913,중계주공9단지,노원구,하계동,아파트,임대,12,2634,한국토지주택공사,한국토지주택공사,1992-09-28 0:00,119061,127.0742657,37.6430931,N,,
1874,A13778306,서울우면,서초구,우면동,아파트,임대,6,984,남광토건,한국토지주택공사,1994-07-18 0:00,43895,127.0242323,37.4701978,N,,
1875,A15676512,대방주공1단지,동작구,대방동,아파트,임대,5,925,"동양고속,신태진건설",LH,1993-04-18 0:00,45128,126.9300624,37.5108249,Y,,
1876,A15776414,등촌주공4단지,강서구,등촌동,아파트,임대,9,1575,lh,lh,1995-05-20 0:00,65238,126.8430032,37.5621004,N,,
1877,A15776715,등촌주공7단지,강서구,등촌동,아파트,임대,6,1146,한국토지주택공사,한국토지주택공사,1994-11-04 0:00,49597,126.851713,37.5605474,N,,
1878,A15776916,등촌주공9단지,강서구,등촌동,아파트,임대,7,1445,LH,LH,1994-11-04 0:00,66043,126.849539,37.5616596,N,,
1879,A15774708,가양7단지,강서구,가양동,아파트,임대,10,1998,신화건설 외,LH,1992-07-05 0:00,83872,126.8616635,37.5621998,Y,,
1880,A15179403,신림주공2단지,관악구,신림동,아파트,임대,6,818,금강종합건설,대한주택공사,2000-08-03 0:00,63137,126.9267088,37.464009,N,,
1881,A15776617,등촌주공6단지,강서구,등촌동,아파트,임대,4,559,대한주택공사,대한주택공사,1995-10-10 0:00,34120,126.8484236,37.5594739,N,,
1882,A15703318,등촌주공11단지,강서구,등촌동,아파트,임대,6,350,백일건설,한국토지주택공사,2004-10-04 0:00,33807,126.8491076,37.559166,N,,
1883,A15101507,신림주공1단지,관악구,신림동,아파트,기타,7,960,LH,LH,1995-10-06 0:00,60799,126.9275015,37.4658557,N,,
1884,A13594403,개포7차우성,강남구,일원동,아파트,분양,15,802,(주)우성,(주)우성,1987-12-11 0:00,88378,127.0783361,37.4922905,N,,
1885,A13272201,창동대우그린아파트,도봉구,창동,아파트,분양,5,366,대우건설,창동대우그린 조합주택,2000-11-30 0:00,43947,127.0495729,37.6463829,N,기업그룹,대우건설
1886,A13895501,송파성원상떼빌,송파구,가락동,주상복합,분양,2,324,(주)성원아이컴,성원건설,2006-06-09 0:00,68203,127.1204414,37.4950598,N,,
1887,A12070101,돈의문센트레빌,서대문구,냉천동,아파트,분양,14,561,동부건설,충정로 냉천구역 주택 재개발 조합,2011-04-07 0:00,94117,126.9613516,37.5662487,N,,
1888,A15875103,목동신시가지 6단지아파트,양천구,목동,아파트,분양,15,1362,현대,현대,1986-10-31 0:00,142544,126.8850851,37.5350632,N,기업그룹,현대건설
1889,A12078706,홍제청구3차,서대문구,홍제동,아파트,분양,2,228,청구건설,청구건설,2001-05-30 0:00,31033,126.9528765,37.5804108,N,,
1890,A13585403,타워팰리스G동,강남구,도곡동,주상복합,분양,1,480,삼성중공업,삼성생명,2004-04-19 0:00,222721,127.0528363,37.4873383,N,,
1891,A15101508,신림현대,관악구,신림동,아파트,분양,12,1634,현대산업개발,현대산업개발,1993-05-25 0:00,171854,126.9323775,37.4749367,N,기업그룹,아이파크현대산업개발(HDC)
1892,A13370801,성동삼성쉐르빌,성동구,도선동,주상복합,분양,3,342,삼성중공업,왕십리종합시장재건축조합,2006-09-13 0:00,51975,127.0349533,37.5643993,N,,
1893,A13895503,한화오벨리스크,송파구,가락동,주상복합,분양,1,160,한화건설,한화건설,2004-11-30 0:00,11418,127.1219307,37.4948246,N,기업그룹,한화
1894,A13672102,삼선힐스테이트,성북구,삼선동2가,아파트,분양,9,377,현대건설(주),현대건설(주),2009-12-01 0:00,52459,127.0135763,37.5821384,N,기업그룹,현대건설
1895,A15279402,고척LIG리가아파트,구로구,고척동,아파트,분양,8,421,LIG건설(주),LIG건설(주),2009-07-30 0:00,63680,126.8620712,37.5060999,N,,
1896,A15375810,금천이랜드해가든,금천구,독산동,아파트,분양,5,187,이랜드건설,이랜드 독산지역주택조합,2008-04-21 0:00,28564,126.8930588,37.4610157,N,,
1897,A13552001,서울주택도시공사 수서6단지,강남구,수서동,아파트,임대,7,1513,(주)동신주택,SH공사,1992-12-14 0:00,62909,127.1045185,37.487264,N,,
1898,A15279403,고척파크푸르지오,구로구,고척동,아파트,분양,11,662,대우푸르지오,푸르지오,2009-05-26 0:00,101370,126.857232,37.5071864,N,,
1899,A12171201,밤섬경남아너스빌,마포구,신수동,아파트,분양,5,313,경남기업(주),신수지역주택조합,2009-12-29 0:00,43991,126.936584,37.5466152,N,,
1900,A15672002,보라매삼성쉐르빌,동작구,신대방동,주상복합,분양,1,246,삼성중공업,삼성중공업,2003-01-03 0:00,76593,126.9233792,37.4914294,N,,
1901,A12071003,홍은동미성아파트,서대문구,홍은동,아파트,분양,4,300,라이프주택,라이프주택,1985-03-20 0:00,36311,126.935449,37.5938186,N,,
1902,A15870102,목동현대A,양천구,목동,아파트,임대,2,542,현대건설,현대건설,1997-07-16 0:00,29128,126.8777861,37.5231682,N,기업그룹,현대건설
1903,A14270301,수유역두산위브,강북구,번동,아파트,분양,3,292,두산건설(주),여흥토건(주),2009-06-29 0:00,42522,127.0320254,37.6358401,N,,
1904,A13176102,중랑해모로,중랑구,망우동,아파트,분양,3,174,(주) 한진중공업,(주)한진중공업,2007-05-16 0:00,19621,127.1101282,37.6027085,N,,
1905,A13580003,개포주공4단지,강남구,개포동,아파트,분양,58,2840,대한주택공사,대한주택공사,1982-11-30 0:00,125214,127.0731699,37.4863102,N,,
1906,A13792001,서초삼풍,서초구,서초동,아파트,분양,24,2390,삼풍건설,삼풍건설,1988-07-20 0:00,368535,127.0160708,37.4991876,N,,
1907,A12276901,구산그린빌,은평구,구산동,아파트,기타,2,203,성원건설,SH공사,2009-02-11 0:00,15045,126.904381,37.6054333,N,,
1908,A13579504,한화진넥스빌,강남구,역삼동,주상복합,분양,1,294,(주)한화건설,(주)한화건설,2001-01-30 0:00,26924,127.0442572,37.501959,N,기업그룹,한화
1909,A15279404,고척대우,구로구,고척동,아파트,분양,13,987,대우,서림재건축,1999-02-24 0:00,144422,126.8554746,37.5030323,N,기업그룹,대우건설
1910,A13770611,서초이오빌,서초구,서초동,주상복합,분양,1,462,경남기업,서현개발,2003-08-13 0:00,40044,127.012987,37.486602,N,,
1911,A13974101,수락리버시티 4단지,노원구,상계동,아파트,기타,7,548,한신공영,SH 공사,2009-11-20 0:00,63328,127.0537182,37.6860425,N,,
1912,A13974102,수락리버시티3단지,노원구,상계동,주상복합,기타,11,696,한신공영,SH공사,2009-11-20 0:00,82532,127.0542161,37.6877248,N,,
1913,A15279101,온수힐스테이트,구로구,온수동,아파트,기타,18,999,현대건설,"조합,SH공사",2010-02-17 0:00,158579,126.820976,37.4971229,N,기업그룹,현대건설
1914,A13408003,고덕아이파크아파트,강동구,고덕동,아파트,기타,14,1142,현대산업개발주식회사,고덕주공1단지아파트주택재건축정비사업조합,2011-12-28 0:00,229501,127.1556425,37.5589031,N,기업그룹,아이파크현대산업개발(HDC)
1915,A12275501,디엠씨자이1단지(DMC자이1),은평구,수색동,주상복합,분양,1,254,지에스 건설,지에스 건설,2009-09-24 0:00,82069,126.898834,37.5792037,N,기업그룹,GS건설
1916,A13671208,래미안세레니티,성북구,종암동,아파트,분양,14,955,삼성물산 건설부문,종암4,2009-10-29 0:00,148630,127.0313424,37.5993452,N,기업그룹,삼성물산
1917,A13579505,래미안그레이튼3차,강남구,역삼동,아파트,기타,8,476,삼성물산,진달래아파트3차 재건축조합,2009-12-28 0:00,76688,127.0481579,37.4964808,N,기업그룹,삼성물산
1918,A10071301,남산센트럴자이,중구,충무로4가,주상복합,분양,2,273,GS건설(주),휴먼넥스(주),2009-12-21 0:00,62049,126.9976903,37.5627311,N,기업그룹,GS건설
1919,A14377402,이튼타워리버5차,광진구,자양동,아파트,분양,4,279,인정건설,인정건설,2009-09-15 0:00,62050,127.0691221,37.5321145,N,,
1920,A41279912,은평뉴타운마고정3단지,은평구,진관동,아파트,기타,13,659,포스코건설,sh공사,2009-11-13 0:00,111283,126.9272246,37.6333845,N,기업그룹,포스코이앤씨
1921,A41279913,은평뉴타운마고정11단지,은평구,진관동,아파트,기타,9,469,동부건걸(주),SH공사,2009-11-26 0:00,75185,126.914929,37.6337285,N,,
1922,A10088101,남산SK리더스뷰,중구,회현동1가,주상복합,분양,2,233,SK건설,마커스홀딩스,2010-01-11 0:00,71342,126.9806109,37.5591878,N,기업그룹,SK에코플랜트
1923,A13876111,송파파인타운1단지,송파구,장지동,아파트,기타,7,221,삼중종합건설(주),sh공사,2010-01-19 0:00,31808,127.1346692,37.4868275,N,,
1924,A41279914,은평뉴타운마고정2단지,은평구,진관동,아파트,기타,13,434,동부건설,SH공사,2009-11-26 0:00,68440,126.9198476,37.6318934,N,,
1925,A13178101,신내데시앙,중랑구,신내동,아파트,기타,15,1326,태영건설,SH공사,2010-01-08 0:00,169682,127.0994663,37.6109282,N,,
1926,A13070301,래미안허브리츠,동대문구,용두동,아파트,분양,10,844,삼성물산,용두1구역 주택재개발사업,2011-04-28 0:00,148466,127.035661,37.5755,N,기업그룹,삼성물산
1927,A41279915,은평뉴타운우물골8단지,은평구,진관동,아파트,분양,14,448,금호건설,SH공사,2009-12-23 0:00,74149,126.9315448,37.6366325,N,,
1928,A41279916,은평뉴타운우물골5단지,은평구,진관동,아파트,기타,5,387,"두산건설,포스코 건설",SH,2009-12-23 0:00,57209,126.9276171,37.6345812,Y,기업그룹,포스코이앤씨
1929,A41279917,은평뉴타운우물골6단지,은평구,진관동,주상복합,분양,11,353,SH,두산,2009-12-23 0:00,57802,126.924494,37.6354766,N,,
1930,A41279918,은평뉴타운우물골7단지,은평구,진관동,아파트,분양,22,472,두산건설,sh공사,2010-01-15 0:00,92202,126.928169,37.6371052,N,,
1931,A15096001,신길자이,영등포구,신길동,아파트,분양,4,198,GS건설,신길동제5구역재개발주택조합,2011-06-30 0:00,21074,126.9165908,37.506462,N,기업그룹,GS건설
1932,A15873902,양천중앙하이츠,양천구,신정동,아파트,분양,4,241,(주)중앙건설,GB 컨설턴트,2010-02-02 0:00,55935,126.8643152,37.5054476,N,,
1933,A15722007,방화삼성꽃마을,강서구,방화동,아파트,분양,3,206,삼성,삼성중공업,1997-10-06 0:00,19094,126.8134094,37.5723918,N,기업그룹,삼성물산
1934,A12115001,한강밤섬자이아파트,마포구,하중동,아파트,분양,7,488,지에스건설주식회사,서강주택재건축정비사업조합,2010-02-26 0:00,120366,126.9281273,37.5448541,N,기업그룹,GS건설
1935,A15671801,상도두산위브,동작구,상도동,아파트,분양,4,190,두산중공업(주),아이앤디개발(주),2010-03-15 0:00,31703,126.9438666,37.5048087,N,기업그룹,두산에너빌리티
1936,A15072201,당산반도유보라,영등포구,당산동4가,아파트,분양,6,299,반도건설,반도건설,2010-02-19 0:00,68708,126.9013023,37.5273128,N,,
1937,A13613009,꿈의숲푸르지오,성북구,하월곡동,아파트,분양,15,714,(주)대우건설,월곡제1구역 주택재개발정비조합,2010-04-29 0:00,96816,127.0390029,37.6107743,N,기업그룹,대우건설
1938,A13377901,행당두산위브아파트,성동구,행당동,아파트,분양,6,351,(주)두산건설,행당제4구역 주택재개발조합,2009-12-03 0:00,50182,127.0309513,37.5572723,N,,
1939,A15776001,염창강변월드메르디앙,강서구,염창동,아파트,분양,3,164,월드건설산업(주),월드건설산업(주),2010-03-30 0:00,30268,126.8654272,37.5577389,N,,
1940,A13707016,서초교대e편한세상,서초구,서초동,아파트,기타,6,435,대림산업 (주),금호아파트재건축조합,2010-05-06 0:00,85723,127.0166404,37.4964455,N,기업그룹,DL이앤씨
1941,A15679106,흑석해가든,동작구,흑석동,주상복합,분양,1,154,이랜드건설(주),흑석시장재개발정비사업조합,2010-12-29 0:00,20044,126.9621949,37.5066777,N,,
1942,A12179502,DMC상암센트럴파크1단지,마포구,상암동,아파트,분양,5,213,양우건설,LH공사,2009-06-22 0:00,30321,126.8968328,37.5740878,N,,
1943,A14272308,래미안트리베라2차,강북구,미아동,아파트,기타,22,1330,삼성물산,미아12지구재건축조합,2010-05-28 0:00,193337,127.0204597,37.6175436,N,기업그룹,삼성물산
1944,A10086801,황학아크로타워,중구,황학동,주상복합,분양,3,263,대림산업,즐거운나라,2010-03-31 0:00,55193,127.0214788,37.5664017,N,기업그룹,DL이앤씨
1945,A14272309,래미안트리베라1차,강북구,미아동,아파트,기타,24,1247,삼성물산(주),미아뉴타운 제6구역조합,2010-05-28 0:00,201928,127.0212663,37.6134883,N,기업그룹,삼성물산
1946,A12179002,신공덕삼성임대,마포구,신공덕동,주상복합,임대,2,376,삼성,에스에이치공사,2000-08-14 0:00,27228,126.9560689,37.5422845,N,기업그룹,삼성물산
1947,A12170602,공덕2삼성임대,마포구,공덕동,아파트,임대,1,199,삼성물산,에스에이치공사,2004-06-29 0:00,14246,126.9595592,37.5509157,N,기업그룹,삼성물산
1948,A12177802,창전삼성임대,마포구,창전동,아파트,임대,2,311,삼성물산,에스에이치공사,1998-06-24 0:00,17121,126.9281799,37.5500345,N,기업그룹,삼성물산
1949,A12076601,북가좌삼호제2,서대문구,북가좌동,아파트,임대,1,267,대림건설,Sh공사,1996-02-16 0:00,14253,126.9121106,37.5768267,N,기업그룹,DL건설
1950,A15072001,당산쌍용예가클래식,영등포구,당산동3가,아파트,분양,3,284,쌍용건설,평화아파트리모델링조택조합,2010-07-08 0:00,42785,126.8936328,37.5276902,N,기업그룹,쌍용건설
1951,A14070301,리첸시아용산,용산구,원효로1가,주상복합,분양,3,260,금호건설,시디에스피에프브이원㈜,2010-04-29 0:00,56588,126.967643,37.5383221,N,,
1952,A13508011,래미안그레이튼,강남구,역삼동,아파트,기타,5,464,삼성건설,삼성건설,2010-06-04 0:00,77894,127.0472661,37.4951609,N,기업그룹,삼성물산
1953,A12072802,남가좌현대제2,서대문구,남가좌동,아파트,임대,1,330,현대사업개발,현대사업개발,1999-05-27 0:00,22115,126.920496,37.5747183,N,,
1954,A15883202,양천롯데캐슬,양천구,신월동,아파트,기타,5,317,롯데건설,롯데건설,2010-10-14 0:00,48822,126.8400971,37.5233264,N,기업그룹,롯데건설
1955,A13771601,방배서리풀e편한세상,서초구,방배동,아파트,분양,9,496,대림산업(주),방배서리풀 재건축조합,2010-02-03 0:00,99415,126.9983266,37.4839116,N,기업그룹,DL이앤씨
1956,A41279920,은평뉴타운구파발9단지제2,은평구,진관동,아파트,분양,13,486,삼성건설,sh공사,2010-07-09 0:00,91210,126.9238442,37.6438336,N,기업그룹,삼성물산
1957,A12179503,상암월드컵파크11단지,마포구,상암동,아파트,기타,9,588,sh공사,한신,2010-06-23 0:00,77248,126.882139,37.587704,N,,
1958,A41279921,은평뉴타운구파발9단지1관리,은평구,진관동,아파트,임대,15,1022,삼성물산,sh공사,2010-07-09 0:00,135180,126.9192866,37.6381577,N,기업그룹,삼성물산
1959,A14074101,효창파크푸르지오,용산구,효창동,아파트,분양,7,307,대우건설(주),효창제3구역 재개발조합,2010-08-31 0:00,46942,126.9575243,37.5403072,N,기업그룹,대우건설
1960,A13388001,청계벽산아파트제2관리사무소,성동구,하왕십리동,아파트,임대,2,510,청계벽산,청계벽산,1996-06-07 0:00,20599,127.0311734,37.5694004,N,,
1961,A15278301,오류동부골든SH임대,구로구,오류동,아파트,임대,1,304,동부건설,SH공사,1997-09-05 0:00,17508,126.8397859,37.4991205,N,,
1962,A13995602,월계사슴1단지,노원구,월계동,아파트,임대,8,1372,삼익건설,sh공사,1995-06-12 0:00,58984,127.0605132,37.6300507,N,,
1963,A13377302,금호베스트빌아파트 제2관리사무소,성동구,하왕십리동,아파트,임대,1,274,금호건설,서울시,2001-10-05 0:00,17358,127.0257287,37.561962,N,,
1964,A13377902,행당대림제2,성동구,행당동,아파트,임대,4,1005,대림산업,sh공사,2000-12-30 0:00,56552,127.0271171,37.557906,N,기업그룹,DL이앤씨
1965,A13611008,길음뉴타운8단지,성북구,길음동,아파트,분양,24,1497,삼성물산 주식회사,길음8구역주택재개발정비사업조합,2010-06-30 0:00,239660,127.0179788,37.6074358,N,기업그룹,삼성물산
1966,A15876402,신정삼성SH임대,양천구,신정동,아파트,임대,2,506,서울주택도시공사,서울주택도시공사,1996-09-10 0:00,27610,126.8762766,37.5171091,N,,
1967,A15876401,서울주택도시공사 목동현대B 임대아파트,양천구,신정동,아파트,임대,2,564,현대건설,현대건설,1997-07-16 0:00,31499,126.8766622,37.5181305,N,기업그룹,현대건설
1968,A12079601,독립문극동임대,서대문구,현저동,아파트,임대,2,600,극동건설,SH공사,1998-12-10 0:00,30819,126.9548958,37.5725382,N,,
1969,A14083101,브라운스톤용산,용산구,용문동,아파트,분양,4,195,이수건설(주),용문구역주택재개발조합,2011-07-05 0:00,29220,126.9591984,37.5362695,N,,
1970,A13275302,도봉서원제2,도봉구,도봉동,아파트,임대,4,734,"삼익,두원중공업",sh공사,1996-10-12 0:00,27749,127.0474639,37.6704232,Y,,
1971,A15601003,보라매e편한세상,동작구,신대방동,아파트,분양,5,386,(주)삼호,스톰디엔엠,2010-07-26 0:00,67443,126.9285594,37.4954331,N,기업그룹,DL건설
1972,A13606005,동소문한진임대,성북구,돈암동,아파트,임대,1,580,한진,한신공영,1998-07-01 0:00,26523,127.0102405,37.5949161,N,,
1973,A13676704,정릉풍림아이원임대,성북구,정릉동,아파트,임대,2,332,풍림산업(주),풍림산업(주),2005-12-28 0:00,29166,127.0073658,37.6159569,N,,
1974,A13611009,길음SHVILLE,성북구,길음동,아파트,임대,1,90,(주)한양,SH공사,2008-02-04 0:00,9395,127.0206567,37.610759,N,,
1975,A13989702,상계동아불암임대,노원구,상계동,아파트,임대,1,434,동아건설,동아건설,1999-11-25 0:00,20507,127.0786452,37.6662247,N,,
1976,A12204004,북한산힐스테이트3차아파트,은평구,불광동,아파트,분양,19,1185,현대건설(주),(불광3구역)주택재개발조합,2010-08-25 0:00,187208,126.9357306,37.6181527,N,기업그룹,현대건설
1977,A12179504,상암월드컵파크9단지,마포구,상암동,아파트,기타,16,1036,신창건설(주)->우방건설,SH공사,2010-10-14 0:00,143811,126.8781709,37.5847997,N,,
1978,A12179505,상암월드컵파크12단지,마포구,상암동,아파트,기타,9,380,한신공영,SH공사,2010-10-14 0:00,53911,126.8798182,37.5869909,N,,
1979,A12078707,홍제원현대임대,서대문구,홍제동,아파트,임대,2,482,,,2000-06-14 0:00,24740,126.9505613,37.5866004,N,,
1980,A12078201,인왕산현대,서대문구,홍제동,아파트,임대,1,246,,,2000-07-05 0:00,13530,126.9516215,37.5838257,N,,
1981,A12009001,홍제유원하나제2,서대문구,홍제동,아파트,임대,1,150,유원건설,유원건설,1996-08-07 0:00,5849,126.9523764,37.5951028,N,,
1982,A14272311,SK북한산시티임대,강북구,미아동,아파트,임대,7,1497,sk건설,sk건설,2004-05-07 0:00,90165,127.0127489,37.6199864,N,기업그룹,SK에코플랜트
1983,A13974103,상계은빛3단지,노원구,상계동,아파트,임대,9,900,한진건설,서울주택도시공사,1998-09-12 0:00,54811,127.0572807,37.6829881,N,,
1984,A13176902,신내9단지임대,중랑구,신내동,아파트,임대,2,335,진흥기업(주),서울주택도시공사,1996-06-21 0:00,19850,127.0947323,37.6119902,N,,
1985,A41279922,은평뉴타운제각말5단지제2,은평구,진관동,아파트,분양,8,175,대우건설(주),SH공사,2010-09-08 0:00,34381,126.9308273,37.6312466,N,기업그룹,대우건설
1986,A13611010,길음뉴타운8단지제2,성북구,길음동,아파트,임대,1,120,삼성물산,삼성물산,2010-06-30 0:00,10274,127.0200838,37.6090126,N,기업그룹,삼성물산
1987,A13679402,길음뉴타운9단지제2,성북구,길음동,아파트,임대,3,242,삼성물산,래미안길음뉴타운9단지제2관리사무소,2010-09-30 0:00,19549,127.0212232,37.6034115,N,기업그룹,삼성물산
1988,A13079401,대림아파트201동,동대문구,이문동,아파트,임대,1,181,대림건설,대림건설,2003-07-09 0:00,13980,127.0630015,37.6047975,N,기업그룹,DL건설
1989,A41279923,은평뉴타운제각말5단지제1,은평구,진관동,아파트,분양,13,330,(주)대우건설 (주)태영건설,SH공사,2010-09-08 0:00,62950,126.9321409,37.6284338,N,기업그룹,대우건설
1990,A41279924,은평뉴타운폭포동4단지제2,은평구,진관동,아파트,분양,15,571,현대건설(주),SH공사,2010-06-14 0:00,126511,126.9348048,37.6379708,N,기업그룹,현대건설
1991,A14272313,송천센트레빌,강북구,미아동,아파트,기타,5,376,동부건설(주),미아10-1구역재개발조합,2010-09-10 0:00,52743,127.0252696,37.6125334,N,,
1992,A13671209,래미안라센트,성북구,종암동,아파트,분양,10,837,삼성물산(주),종암5구역 재개발 조합,2011-01-31 0:00,129694,127.0386085,37.599309,N,기업그룹,삼성물산
1993,A13079402,이문현대임대,동대문구,이문동,아파트,임대,1,188,현대건설,현대건설,2000-05-03 0:00,12863,127.0708389,37.6022736,N,기업그룹,현대건설
1994,A13079403,이문쌍용임대,동대문구,이문동,아파트,임대,1,245,쌍용건설,sh공사,2000-11-29 0:00,15225,127.0679412,37.6017621,N,기업그룹,쌍용건설
1995,A13679403,길음뉴타운7단지,성북구,길음동,아파트,분양,6,449,두산건설,길음뉴타운,2010-07-28 0:00,69705,127.0188321,37.6097649,N,,
1996,A41279925,은평뉴타운제각말5단지제3,은평구,진관동,아파트,분양,7,189,대우푸르지오,SH공사,2010-09-08 0:00,34736,126.9168896,37.6340464,N,,
1997,A15178203,봉천두산3단지,관악구,봉천동,아파트,임대,3,560,두산건설,서울시,2000-12-28 0:00,33774,126.9459464,37.4853533,N,,
1998,A15072002,당산SHVILLE,영등포구,당산동3가,아파트,임대,2,195,두산건설,에스에이치공사,2005-06-30 0:00,25684,126.9015338,37.5242149,N,,
1999,A41279926,은평뉴타운폭포동4단지제3,은평구,진관동,아파트,분양,3,126,현대건설,SH공사,2010-06-14 0:00,26308,126.9396204,37.6434624,N,기업그룹,현대건설
2000,A15879501,신정푸른마을1단지임대,양천구,신정동,아파트,임대,4,500,"현대건설(주),(주)태영",에스에이치공사,2001-01-29 0:00,43508,126.8362128,37.5126705,Y,기업그룹,현대건설
2001,A13671210,종암SK제2,성북구,종암동,아파트,임대,1,465,선경건설,선경건설,1999-04-07 0:00,22274,127.0348767,37.6016999,N,기업그룹,SK에코플랜트
2002,A13613010,월곡두산제2아파트임대,성북구,하월곡동,아파트,임대,4,458,두산건설,SH공사,2003-04-30 0:00,36836,127.0394001,37.60521,N,,
2003,A13678401,동아에코빌,성북구,상월곡동,아파트,임대,2,278,동아건설산업(주),sh공사,2003-06-27 0:00,15403,127.0451712,37.6066138,N,,
2004,A13671211,래미안종암3차,성북구,종암동,아파트,임대,2,188,삼성물산(주),삼성물산(주),2011-01-31 0:00,15600,127.0388225,37.6011338,N,기업그룹,삼성물산
2005,A13671212,래미안종암2차,성북구,종암동,아파트,임대,2,206,삼성물산(주),삼성물산(주),2009-10-29 0:00,17020,127.0298341,37.5983534,N,기업그룹,삼성물산
2006,A13177701,면목,중랑구,면목동,아파트,임대,4,905,SH공사,한신공영,1991-10-14 0:00,44092,127.0878438,37.5918939,N,,
2007,A14076401,산천리버힐제2,용산구,산천동,아파트,임대,2,363,삼성물산,삼성물산,2001-01-10 0:00,21503,126.9513,37.5353,N,기업그룹,삼성물산
2008,A13071301,전농동아임대,동대문구,전농동,아파트,임대,1,220,동아건설,동아건설,1997-12-22 0:00,11177,127.0462304,37.5749269,N,,
2009,A13377903,행당한진타운제2,성동구,행당동,아파트,임대,4,728,한진건설(주),금호1-6 재계발조합,2000-11-07 0:00,41009,127.0264327,37.5552849,N,,
2010,A13373101,행당한신임대,성동구,행당동,아파트,임대,1,159,한신건설주식회사,한신건설주식회사,2003-12-23 0:00,10677,127.0374534,37.5539031,N,,
2011,A13378101,금호대우임대,성동구,금호동4가,아파트,임대,3,508,대우건설,서울시,2001-05-03 0:00,30127,127.0222961,37.5467561,N,기업그룹,대우건설
2012,A13071201,청량리홍릉동부임대,동대문구,청량리동,아파트,임대,1,150,(주)동부건설,SH공사,2001-09-24 0:00,12176,127.0450821,37.5854139,N,,
2013,A13075403,답십리청솔우성제2,동대문구,답십리동,아파트,임대,2,432,우성건설,sh공사,2000-03-18 0:00,23737,127.0611525,37.5751663,N,,
2014,A13375904,옥수하이츠제2,성동구,옥수동,아파트,임대,1,237,(주)중앙건설,sh공사,1998-03-30 0:00,12493,127.016339,37.540028,N,,
2015,A15178204,관악벽산블루밍임대,관악구,봉천동,아파트,임대,3,799,벽산블루밍,서울시,2005-07-05 0:00,48062,126.945049,37.4895169,N,,
2016,A13075404,답십리동아제2,동대문구,답십리동,아파트,임대,3,492,동아건설,동아건설,2001-11-23 0:00,25785,127.061107,37.5682471,N,,
2017,A13075405,답십리두산제2,동대문구,답십리동,아파트,임대,2,310,SH공사,두산건설,2000-08-02 0:00,18002,127.0592655,37.5688105,N,,
2018,A13375905,옥수삼성임대,성동구,옥수동,아파트,임대,1,330,삼성,삼성,1999-04-20 0:00,21813,127.0137069,37.5424072,N,기업그룹,삼성물산
2019,A12170402,마포한화오벨리스크,마포구,도화동,주상복합,분양,1,662,한화,군인공제회,2004-10-08 0:00,69005,126.945289,37.5399269,N,기업그룹,한화
2020,A13070302,래미안용두1차,동대문구,용두동,아파트,임대,1,210,삼성건설,용두1구역 주택재개발조합,2011-04-28 0:00,20804,127.0369774,37.5763303,N,기업그룹,삼성물산
2021,A13077201,제기한신제2임대아파트,동대문구,제기동,아파트,임대,1,260,(주)한신공영,SH공사,2004-05-11 0:00,16755,127.0391833,37.5888362,N,,
2022,A12179508,상암월드컵파크10단지,마포구,상암동,아파트,기타,16,861,중앙건설,SH공사,2010-07-20 0:00,115173,126.881979,37.5861713,N,,
2023,A10072501,쌍용남산플래티넘,중구,회현동2가,주상복합,분양,2,236,쌍용건설(주),(주)해창,2010-08-05 0:00,74075,126.9832431,37.5595151,N,기업그룹,쌍용건설
2024,A41279927,은평뉴타운 구파발10단지 제1,은평구,진관동,아파트,분양,9,335,"벽산건설,금호건설",sh공사,2010-11-30 0:00,63723,126.9171292,37.6425395,Y,,
2025,A12275201,북한산래미안아파트,은평구,불광동,아파트,분양,9,647,삼성물산,불광제6구역 주택재개발조합,2010-08-30 0:00,103142,126.9385821,37.6115563,N,기업그룹,삼성물산
2026,A13993901,하계학여울청구A,노원구,하계동,아파트,임대,1,486,청구,SH공사,2001-06-28 0:00,22621,127.0634711,37.6338463,N,,
2027,A13611011,래미안길음뉴타운9단지,성북구,길음동,아파트,분양,15,1012,재개발조합,삼성물산,2010-09-30 0:00,166587,127.0194534,37.6037972,N,,
2028,A13470503,둔촌푸르지오,강동구,둔촌동,아파트,분양,10,800,대우건설,길동진흥아파트주택재건축정비사업조합,2010-03-12 0:00,130642,127.1464079,37.5341284,N,기업그룹,대우건설
2029,A15676702,본동SH-ville,동작구,본동,아파트,임대,1,176,(주)C&우방,본동4구역재개발임대아파트건설공사,2006-11-03 0:00,13308,126.9496541,37.5107805,N,,
2030,A13972603,중계4단지목화,노원구,중계동,아파트,임대,14,1979,"벽산건설,남광토건",SH공사,1991-11-15 0:00,226394,127.0696523,37.6435986,Y,,
2031,A13706002,방배SH-VILLE,서초구,방배동,아파트,임대,1,81,울트라건설,울트라건설,2005-08-11 0:00,6293,126.9836476,37.4720641,N,,
2032,A15370301,독산동한양수자인아파트,금천구,독산동,아파트,분양,4,246,한양,재건축조합,2011-09-30 0:00,31321,126.8994054,37.4754599,N,,
2033,A13603702,브라운스톤동선,성북구,동소문동7가,아파트,분양,4,194,동선구역주택재개발조합,이수건설,2010-11-26 0:00,30016,127.0134702,37.5963742,N,,
2034,A15208006,고척벽산베스트블루밍,구로구,고척동,아파트,기타,6,339,벽산건설(주),고척제3주택재개발정비사업조합,2010-12-01 0:00,50915,126.8595883,37.5046604,N,,
2035,A13003005,청계한신휴플러스,동대문구,답십리동,아파트,분양,10,725,한신공영(주),태양아파트재건축정비사업조합,2010-08-12 0:00,106252,127.0461674,37.5726683,N,,
2036,A15303003,시흥목련,금천구,시흥동,아파트,기타,3,173,서울도시개발공사,무성건설,1996-09-14 0:00,10652,126.8976618,37.4545977,N,,
2037,A41279928,은평뉴타운구파발10단지2관리,은평구,진관동,아파트,임대,10,423,금호건설,SH공사,2010-11-30 0:00,62954,126.9236501,37.6449549,N,,
2038,A13002002,래미안아름숲,동대문구,전농동,아파트,분양,15,719,삼성물산,삼성물산,2012-07-26 0:00,128425,127.0604943,37.5800088,N,기업그룹,삼성물산
2039,A41279929,은평뉴타운제각말5단지제4,은평구,진관동,아파트,분양,14,412,대우건설,sh공사,2010-09-08 0:00,66393,126.9167365,37.634766,N,기업그룹,대우건설
2040,A12289501,역촌센트레빌,은평구,역촌동,아파트,분양,7,400,동부건설,은평주택재건축조합,2011-01-04 0:00,66632,126.9060015,37.6031215,N,,
2041,A12179003,신공덕2삼성래미안제2,마포구,신공덕동,아파트,임대,1,103,삼성물산주식회사,삼성물산주식회사,2000-10-28 0:00,9302,126.9587059,37.5464693,N,기업그룹,삼성물산
2042,A13472201,천호삼성임대,강동구,천호동,아파트,임대,1,247,삼성물산(주),삼성물산(주),1997-05-27 0:00,13822,127.1346837,37.537813,N,기업그룹,삼성물산
2043,A15603007,상도래미안1차제2,동작구,상도동,아파트,임대,1,164,삼성건설,삼성건설,2004-12-06 0:00,11207,126.9330742,37.5053283,N,기업그룹,삼성물산
2044,A41279930,은평뉴타운폭포동4단지제1,은평구,진관동,아파트,임대,7,297,현대건설,SH공사,2010-06-14 0:00,34885,126.9307251,37.631385,N,기업그룹,현대건설
2045,A13472701,고덕리엔파크3단지,강동구,상일동,아파트,기타,41,2283,신동아건설(주),SH공사,2011-01-27 0:00,222564,127.1747855,37.5513683,N,,
2046,A14077902,한남더힐,용산구,한남동,아파트,분양,32,600,금호건설,한스자람(주),2011-01-07 0:00,211772,127.0094956,37.5369784,N,,
2047,A13812005,송파파크데일2단지,송파구,마천동,아파트,기타,13,889,(주)신일건업,SH공사,2011-01-27 0:00,116107,127.1587776,37.4957796,N,,
2048,A13671213,종암2차SK뷰,성북구,종암동,아파트,기타,6,393,SK건설,종암6구역주택재개발정비사업조합,2010-10-29 0:00,54546,127.0347914,37.6017652,N,기업그룹,SK에코플랜트
2049,A13519001,강남신동아파밀리에1단지,강남구,세곡동,아파트,기타,6,395,신동아,sh공사,2011-02-23 0:00,46318,127.1001458,37.4645363,N,,
2050,A13519002,강남신동아파밀리에2단지,강남구,세곡동,아파트,기타,7,410,신동아건설,sh 공사,2011-02-23 0:00,55233,127.1027666,37.4641686,N,,
2051,A13519003,강남신동아파밀리에3단지,강남구,세곡동,아파트,기타,7,363,신동아건설,서울시 SH공사,2011-02-23 0:00,51339,127.1042851,37.4638037,N,,
2052,A13881701,송파파크데일1단지,송파구,마천동,아파트,기타,15,812,우방건설,SH,2011-01-27 0:00,105770,127.1592193,37.4988304,N,,
2053,A14009001,용산e편한세상,용산구,신계동,아파트,기타,13,867,대림산업,대림산업,2011-04-01 0:00,132441,126.9662337,37.5366333,N,기업그룹,DL이앤씨
2054,A15101509,신림SH빌(임대),관악구,신림동,아파트,임대,1,150,SH공사,SH공사,2007-11-26 0:00,11702,126.91976,37.462554,N,,
2055,A13410012,고덕리엔파크1단지,강동구,강일동,아파트,기타,9,605,신동아건설,서울주택도시공사,2011-01-14 0:00,85169,127.1714936,37.5616716,N,,
2056,A13078701,장안위더스빌,동대문구,장안동,주상복합,분양,3,157,BYC,BYC,2011-08-04 0:00,42649,127.0625289,37.5664908,N,,
2057,A13078301,휘경센트레빌,동대문구,휘경동,아파트,기타,5,297,동부건설,동부건설,2011-09-29 0:00,47908,127.0684021,37.5910393,N,,
2058,A13307002,서울숲행당푸르지오,성동구,행당동,아파트,분양,9,457,대우건설,행당5구역재개발조합,2011-05-02 0:00,46620,127.0331791,37.5554384,N,기업그룹,대우건설
2059,A13527019,도곡쌍용예가,강남구,도곡동,아파트,분양,5,384,쌍용건설(주),도곡동신아파트리모델링주택조합,1978-12-26 0:00,77270,127.0390313,37.4870576,N,기업그룹,쌍용건설
2060,A13177501,묵동자이,중랑구,묵동,아파트,분양,2,274,GS건설,부광PND,2010-12-14 0:00,84712,127.0775593,37.6138498,N,기업그룹,GS건설
2061,A13070101,회기힐스테이트,동대문구,회기동,아파트,분양,5,190,현대건설,현대건설,2011-12-20 0:00,33484,127.0529551,37.590378,N,기업그룹,현대건설
2062,A15809002,신정이펜하우스2단지,양천구,신정동,아파트,기타,20,471,금호건설,SH공사,2011-04-18 0:00,79443,126.8304576,37.5159445,N,,
2063,A12179004,마포펜트라우스,마포구,신공덕동,아파트,분양,4,476,태영,LH,2011-05-18 0:00,117848,126.9541219,37.543383,N,,
2064,A15807003,신정이펜하우스5단지,양천구,신정동,아파트,기타,7,238,금호건설,sh공사,2011-04-18 0:00,38512,126.8333166,37.5107745,N,,
2065,A15807004,신정이펜하우스4단지,양천구,신정동,아파트,기타,12,546,SH공사,SH공사,2011-06-29 0:00,79822,126.8298689,37.5107697,N,,
2066,A15879502,신정이펜하우스3단지,양천구,신정동,아파트,기타,22,1339,풍림산업,SH공사,2011-06-24 0:00,181743,126.8317714,37.5117701,N,,
2067,A13776301,반포리체,서초구,반포동,아파트,기타,9,1119,(주)대림/ (주)삼성,"삼호가든1,2차아파트재건축조합",2010-10-29 0:00,180700,127.0133366,37.5037656,Y,기업그룹,삼성물산; DL이앤씨
2068,A15277302,신도림디큐브시티,구로구,신도림동,아파트,분양,2,524,대성산업,대성산업,2011-07-18 0:00,120063,126.8889308,37.5086043,N,,
2069,A13519004,세곡리엔파크4단지,강남구,세곡동,아파트,임대,8,407,태영건설,SH공사,2011-06-16 0:00,52087,127.1019693,37.4620861,N,,
2070,A15679107,흑석한강센트레빌,동작구,흑석동,아파트,기타,10,655,흑석5구역재개발조합,동부건설(주),2011-09-16 0:00,112884,126.9652808,37.5062196,N,,
2071,A15213002,천왕이펜하우스6단지,구로구,천왕동,아파트,기타,14,678,금호건설,SH공사,2011-06-17 0:00,91039,126.841051,37.4783405,N,,
2072,A15213003,천왕이펜하우스2단지,구로구,천왕동,아파트,기타,9,526,sh공사,한진중공업,2011-06-03 0:00,71763,126.8384921,37.4848726,N,,
2073,A13776510,반포힐스테이트,서초구,반포동,아파트,분양,5,397,(주)현대건설,미주아파트재건축,2012-04-02 0:00,77917,126.9968046,37.5012624,N,기업그룹,현대건설
2074,A15605003,노량진쌍용예가,동작구,노량진동,아파트,분양,5,299,쌍용건설(주),노량진1구역재개발정비사업조합,2010-08-26 0:00,49334,126.9436275,37.5100516,N,기업그룹,쌍용건설
2075,A14272314,미아뉴타운두산위브트레지움,강북구,미아동,아파트,기타,24,1370,두산건설,미아8구역,2011-10-31 0:00,205840,127.0171258,37.6175803,N,,
2076,A13608401,보문하우스토리주상복합,성북구,보문동4가,주상복합,분양,2,162,(주)남광토건,보문시장정비사업조합,2011-08-05 0:00,27540,127.020972,37.5841612,N,,
2077,A13613011,동일하이빌뉴시티,성북구,하월곡동,주상복합,기타,4,440,동일토건,생보부동산신탁,2011-11-30 0:00,110629,127.031103,37.6050605,N,,
2078,A13510007,청담자이,강남구,청담동,아파트,기타,5,708,GS건설,청담 한양아파트 주택재건축사업조합,2011-10-21 0:00,102809,127.0572143,37.5236075,N,기업그룹,GS건설
2079,A15213006,천왕이펜하우스1단지,구로구,천왕동,아파트,기타,6,314,풍림산업(주),sh공사,2011-10-12 0:00,41108,126.8393033,37.4827687,N,,
2080,A12275202,북한산힐스테이트7차,은평구,불광동,아파트,분양,15,882,현대건설,현대건설,2011-07-29 0:00,164769,126.9268481,37.6161545,N,기업그룹,현대건설
2081,A15677501,남성두산위브트레지움,동작구,사당동,아파트,기타,4,451,두산건설,영아아파트조합,2011-10-28 0:00,76792,126.9711806,37.4854989,N,,
2082,A12201002,백련산힐스테이트2차,은평구,응암동,아파트,분양,11,893,현대건설(주),응암8구역주택재개발조합,2011-12-22 0:00,163636,126.9236217,37.5911513,N,기업그룹,현대건설
2083,A10078901,래미안신당하이베르,중구,신당동,아파트,분양,15,784,(주)삼성물산,6개발구역조합,2011-10-28 0:00,125318,127.0232537,37.5614662,N,기업그룹,삼성물산
2084,A15606007,래미안트윈파크,동작구,본동,아파트,기타,5,523,삼성물산,본동5구역주택재개발정비사업조합,2011-11-04 0:00,80008,126.9514157,37.5136882,N,기업그룹,삼성물산
2085,A10045002,청구e편한세상(분양),중구,신당동,아파트,분양,13,737,대림산업,신당 제7주택재개발아파트,2011-12-13 0:00,118197,127.0166741,37.5604078,N,기업그룹,DL이앤씨
2086,A13379401,성수갤러리아포레,성동구,성수동1가,주상복합,분양,2,230,(주)한화건설,갤러리아포레(주),2011-07-29 0:00,170523,127.0423375,37.545725,N,기업그룹,한화
2087,A13817001,래미안송파파인탑,송파구,송파동,아파트,기타,9,794,삼성물산,반도아파트주택재건축정비사업조합,2012-01-06 0:00,117966,127.1200186,37.5026839,N,기업그룹,삼성물산
2088,A13778201,서초네이처힐4단지,서초구,우면동,아파트,기타,7,409,SH,진흥기업,2011-12-12 0:00,37610,127.0257879,37.4641257,N,,
2089,A13778202,서초네이처힐5단지,서초구,우면동,아파트,임대,8,509,태영건설(주),sh공사,2011-12-12 0:00,75858,127.0242166,37.4629804,N,,
2090,A13778203,서초네이처힐7단지,서초구,우면동,아파트,기타,5,275,SH공사,태영건설,2011-12-12 0:00,33127,127.0232665,37.4620461,N,,
2091,A13519005,강남데시앙파크,강남구,세곡동,아파트,기타,15,546,태영건설,SH공사,2011-11-01 0:00,101633,127.1011882,37.4602887,N,,
2092,A15770102,그랜드아이파크,강서구,화곡동,주상복합,분양,3,159,현대산업개발,정도건설,2010-06-30 0:00,26140,126.8513842,37.5550253,N,기업그룹,아이파크현대산업개발(HDC)
2093,A15208007,고척월드메르디앙,구로구,고척동,아파트,분양,4,180,(주)월드건설,(주)대한토지신탁,2011-07-27 0:00,27711,126.8628607,37.5029166,N,,
2094,A12201003,백련산힐스테이트1차,은평구,응암동,아파트,분양,15,1028,현대건설,응암7구역 재개발사업조합,2011-12-22 0:00,163510,126.9253163,37.5920025,N,기업그룹,현대건설
2095,A10078103,청구e편한세상임대,중구,신당동,아파트,임대,2,158,대림산업주식회사,신당제7주택재개발정비사업조합,2011-12-13 0:00,12846,127.0187194,37.5606081,N,기업그룹,DL이앤씨
2096,A10078902,래미안신당하이베르임대,중구,신당동,아파트,임대,1,161,삼성물산(주),신당제6주택 재개발 정비사업조합,2011-10-28 0:00,14694,127.0227976,37.5613365,N,기업그룹,삼성물산
2097,A41279931,은평뉴타운구파발10단지3관리,은평구,진관동,아파트,임대,9,712,SH공사,금호건설,2012-02-23 0:00,100029,126.9220425,37.6432492,N,,
2098,A13993001,중계현대3차,노원구,중계동,아파트,분양,2,130,현대,현대,1992-10-31 0:00,14529,127.0817573,37.6503905,N,기업그룹,현대건설
2099,A12290901,백련산힐스테이트3차,은평구,응암동,아파트,분양,10,748,주시회사 현대건설,응암9구역주택재개발정비사업조합,2011-12-22 0:00,122530,126.9240993,37.5879981,N,기업그룹,현대건설
2100,A15883401,신정뉴타운두산위브,양천구,신월동,아파트,기타,6,357,두산건설,재개발건축조합,2012-11-26 0:00,55831,126.845664,37.5191587,N,,
2101,A12201004,백련산힐스테이트임대,은평구,응암동,아파트,임대,3,552,현대건설,SH공사,2011-12-22 0:00,43452,126.9242045,37.5895014,N,기업그룹,현대건설
2102,A15370103,남서울힐스테이트,금천구,시흥동,아파트,분양,19,1764,"풍림산업,현대건설",남서울한양주택재건축조합,2014-08-14 0:00,297868,126.9012055,37.4478428,Y,기업그룹,현대건설
2103,A13470504,둔촌현대3차,강동구,둔촌동,아파트,분양,1,160,현대산업개발,현대산업개발,1988-06-02 0:00,15398,127.1452461,37.5272306,N,기업그룹,아이파크현대산업개발(HDC)
2104,A13123002,중랑숲Liga아파트,중랑구,망우동,아파트,분양,10,381,LIG건설,다올유씨엘,2012-08-31 0:00,60107,127.1049598,37.6023636,N,,
2105,A10088102,남산롯데캐슬아이리스,중구,회현동1가,주상복합,분양,2,386,(주)롯데건설,군인공제회,2011-11-18 0:00,99539,126.9815848,37.5585392,N,기업그룹,롯데건설
2106,A13380301,금호센트럴자이,성동구,금호동2가,아파트,분양,4,401,GS건설,금호17구역재개발조합,2012-05-18 0:00,71038,127.0230548,37.5526896,N,기업그룹,GS건설
2107,A12010001,홍은동원베네스트,서대문구,홍은동,아파트,기타,5,195,동원건설,홍은동제3주택 재건축정비사업조합,2012-09-19 0:00,30347,126.9439015,37.5991679,N,,
2108,A14375301,광장힐스테이트,광진구,광장동,아파트,분양,5,453,현대건설주식회사,한원광장금융투자(주),2012-03-28 0:00,85293,127.0995743,37.5431841,N,기업그룹,현대건설
2109,A13375906,어울림더리버아파트,성동구,옥수동,아파트,분양,6,297,금호건설,옥수빙고지역주택조합,2011-12-30 0:00,59495,127.0181964,37.5423084,N,,
2110,A13009003,브라운스톤휘경,동대문구,휘경동,아파트,기타,8,451,이수건설,휘경 제4구역 주택조합,2013-10-25 0:00,62745,127.0663104,37.5903425,N,,
2111,A15701004,우장산한화꿈에그린,강서구,화곡동,아파트,분양,3,187,한화건설,신부산업개발(주),2004-11-30 0:00,35307,126.8474014,37.5540236,N,기업그룹,한화
2112,A13613012,길음서희스타힐스,성북구,하월곡동,주상복합,분양,1,198,서희건설,미아시장재건축정비사업조합,2011-06-24 0:00,40086,127.0273295,37.6054073,N,기업그룹,서희건설
2113,A13380302,래미안하이리버,성동구,금호동2가,아파트,분양,10,847,삼성물산,제19구역 재개발조합,2012-05-18 0:00,138528,127.0245138,37.5514831,N,기업그룹,삼성물산
2114,A10080701,엘아이지서울역리가,중구,만리동1가,아파트,분양,4,181,LIG건설(주),LIG건설(주),2012-01-31 0:00,30000,126.9669575,37.5558961,N,,
2115,A13380303,래미안하이리버제2임대,성동구,금호동2가,아파트,임대,2,306,삼성물산,SH공사,2012-05-18 0:00,29659,127.0232747,37.5520681,N,기업그룹,삼성물산
2116,A13519006,세곡푸르지오,강남구,세곡동,아파트,분양,16,912,"대우건설,대림산업,태영건설",LH강남지역본부,2012-08-31 0:00,133346,127.0934913,37.4667727,Y,기업그룹,대우건설; DL이앤씨
2117,A12174601,메세나폴리스,마포구,서교동,주상복합,기타,3,617,GS건설,메이저디벨로프먼트,2012-06-29 0:00,161664,126.9139379,37.5513225,N,기업그룹,GS건설
2118,A13670801,삼선SKView,성북구,삼선동3가,아파트,분양,7,430,SK건설,삼선1구역주택재건축조합,2012-04-30 0:00,76811,127.0116441,37.5873248,N,기업그룹,SK에코플랜트
2119,A15679108,흑석한강푸르지오,동작구,흑석동,아파트,기타,14,863,대우건설,흑석4구역재정비조합,2012-08-02 0:00,152758,126.9653721,37.503001,N,기업그룹,대우건설
2120,A13572601,동화히스토리,강남구,논현동,주상복합,임대,1,239,한신공영개발(주),동화상가(주),2012-08-17 0:00,21748,127.0235418,37.5105348,N,,
2121,A15678103,힐스테이트상도센트럴파크,동작구,상도동,아파트,분양,22,1559,현대엠코,상도134지역주택조합,2012-09-25 0:00,251674,126.9511563,37.4958315,N,,
2122,A15878601,금하뜨라네,양천구,신월동,아파트,분양,6,155,금하건설,금하건설,2016-12-06 0:00,16336,126.8240316,37.5341093,N,,
2123,A13579506,개나리SKVIEW,강남구,역삼동,아파트,기타,3,240,SK건설,개나리5차주택재건축정비조합,2012-08-17 0:00,49201,127.0498504,37.5014785,N,기업그룹,SK에코플랜트
2124,A13778205,서초네이처힐3단지,서초구,우면동,아파트,기타,17,1251,진흥건설,SH공사,2013-01-18 0:00,176525,127.0290557,37.4732183,N,,
2125,A41279911,은평뉴타운박석고개제12단지아파트,은평구,진관동,아파트,기타,14,660,현대건설,SH공사,2009-01-12 0:00,90530,126.9200529,37.6317031,N,기업그룹,현대건설
2126,A13778204,서초힐스,서초구,우면동,아파트,분양,12,1082,서희건설,한국토지주택공사(LH),2012-12-03 0:00,148779,127.0181061,37.4574393,N,기업그룹,서희건설
2127,A13612002,성북동아에코빌,성북구,상월곡동,아파트,분양,15,1253,(주)동아건설,상월곡재개발조합,2003-06-27 0:00,164588,127.0457572,37.6079078,N,,
2128,A12013003,DMC래미안e편한세상,서대문구,북가좌동,주상복합,기타,51,3293,"삼성물산, 대림산업",가재울뉴타운제3구역재재발조합,2012-10-05 0:00,575494,126.9109013,37.572773,Y,기업그룹,삼성물산; DL이앤씨
2129,A13379001,금호자이2차,성동구,금호동3가,아파트,기타,6,403,금호자이,금호자이,2012-07-05 0:00,59586,127.0218834,37.5503366,N,,
2130,A13378102,서울숲2차푸르지오,성동구,금호동4가,아파트,분양,11,586,대우건설,정비사업조합,2012-08-16 0:00,57699,127.0242693,37.5463614,N,기업그룹,대우건설
2131,A13375907,래미안옥수리버젠,성동구,옥수동,아파트,분양,15,1511,삼성물산,옥수제12구역주택재개발정비사업조합,2012-12-28 0:00,234749,127.0144609,37.5464825,N,기업그룹,삼성물산
2132,A13872503,잠실푸르지오월드마크,송파구,신천동,주상복합,분양,2,523,주)대우건설,잠실프로젝트금융투자(주),2013-06-19 0:00,62328,127.1036042,37.5174478,N,기업그룹,대우건설
2133,A15679109,흑석한강센트레빌2차,동작구,흑석동,아파트,기타,14,963,동부건설(주),흑석6재정비구역 주택재개발정비사업조합,2012-12-24 0:00,167101,126.9585023,37.5024601,N,,
2134,B13003001,답십리한화,동대문구,답십리1동,,,1,146,한화건설,한화건설,2001-09-01 0:00,23276,127.0540053,37.5669286,N,기업그룹,한화
2135,A13713001,양재리본타워1단지,서초구,양재동,아파트,임대,2,231,금호건설,서울특별시 SH공사,2014-06-26 0:00,33845,127.033003,37.473609,N,,
2136,B13077001,전농삼성임대,동대문구,전농동,,,1,139,,,2000-05-13,11631,127.0556151,37.5812702,N,,
2137,B13073401,답십리래미안임대,동대문구,답십리동,,,,52,,,,,127.0670473,37.5756166,N,,
2138,B13072601,용두두산위브임대,동대문구,용두동,,,1,95,(주)두산건설,(주)두산건설,2009-06-01 0:00,8283,127.0362468,37.5734086,N,,
2139,B13074601,래미안아름숲임대,동대문구,전농동,,,1,148,,,,0,127.0612745,37.5809029,N,,
2140,B15672601,쌍용스위트닷홈임대,동작구,상도동,,분양,12,65,,,,11,127.1345555,37.537777,N,,
2141,B13385401,왕십리주상복합,성동구,하왕십리동,,기타,2,69,KT건설(보증사: 한양),SH공사,2009-11-30 0:00,14006,127.0294651,37.5695376,N,,
2142,B13307001,행당두산위브임대,성동구,행당동,,임대,1,114,,두산건설(주),2007-06-01 0:00,8696,127.0309513,37.5572723,N,,
2143,B13307002,행당푸르지오임대,성동구,행당동,,임대,1,94,,대우건설(주),2008-04-01 0:00,10764,127.032453,37.5553872,N,,
2144,A13375908,래미안옥수리버젠제2임대,성동구,옥수동,아파트,임대,3,310,삼성건설,삼성건설,2013-04-15 0:00,29619,127.0144609,37.5464825,N,기업그룹,삼성물산
2145,B12273701,은평뉴타운상림마을9단지,은평구,진관동,,임대,1,127,,,,20993,126.9286213,37.6474316,N,,
2146,B12204002,북한산래미안임대,은평구,불광동,,임대,1,135,삼성물산,,2010-08-30 0:00,15041,126.936266,37.6116519,N,기업그룹,삼성물산
2147,A12204005,북한산래미안아파트(임대),은평구,불광동,아파트,임대,1,135,삼성물산,삼성물산,2010-08-30 0:00,15041,126.9267737,37.6166044,N,기업그룹,삼성물산
2148,A15870701,신정이펜하우스1단지(총세대 기준),양천구,신정동,아파트,기타,12,466,(주)한진중공업,SH공사,2011-07-29 0:00,70705,126.8272849,37.5148377,N,,
2149,A12201005,녹번역센트레빌,은평구,응암동,아파트,기타,6,350,동부건설,동부건설,2013-09-26 0:00,57855,126.9266602,37.5989096,N,,
2150,A12179005,공덕아이파크,마포구,신공덕동,아파트,분양,4,195,현대산업개발,신공덕제6구역정비조합,2013-03-26 0:00,37640,126.9560556,37.544744,N,기업그룹,아이파크현대산업개발(HDC)
2151,B15281101,개봉거성,구로구,개봉3동,,,5,190,거성건설주택(주),거성건설주택(주),1988-05-01 0:00,15608,126.8511473,37.4890709,N,,
2152,B13679401,길음뉴타운7단지 제2,성북구,길음1동,,임대,1,99,,,,8288,127.0188123,37.6097441,N,,
2153,A14272310,미아벽산임대,강북구,미아동,아파트,임대,2,490,벽산건설,서울시,2004-08-07 0:00,35848,127.0088262,37.6195737,N,,
2154,A13876113,송파더센트레아파트,송파구,장지동,아파트,분양,12,1139,(주)한라,LH,2013-11-01 0:00,130137,127.1398596,37.4793709,N,,
2155,A15883402,신정뉴타운롯데캐슬,양천구,신월동,아파트,기타,11,930,롯데건설(주),신월.신정뉴타운1구역4지구재개발,2014-02-07 0:00,136790,126.8472217,37.5188916,N,기업그룹,롯데건설
2156,A13778210,호반써밋서초파크뷰,서초구,우면동,아파트,분양,3,358,(주)울트라건설,한국토지주택공사,2013-12-04 0:00,53557,127.0255344,37.4590171,N,,
2157,A13679903,돈암신일해피트리,성북구,돈암동,아파트,분양,6,192,신화종합건설,한국토지신탁,2013-01-15 0:00,39815,127.0116899,37.5979949,N,,
2158,A13876114,송파꿈에그린아파트,송파구,장지동,아파트,분양,22,1810,한화건설,LH공사,2013-11-08 0:00,229029,127.1393766,37.4762215,N,기업그룹,한화
2159,A15608003,이수힐스테이트,동작구,동작동,아파트,분양,15,680,현대건설,정금마을재건축조합,2013-02-19 0:00,115589,126.9801633,37.4942151,N,기업그룹,현대건설
2160,A15603008,힐스테이트상도프레스티지,동작구,상도동,아파트,분양,16,882,현대엠코,지역주택조합,2013-08-14 0:00,158634,126.9482556,37.4947757,N,,
2161,A15609007,이수역리가,동작구,사당동,아파트,분양,8,452,LIG건설,사당동 지역주택조합,2013-09-24 0:00,75491,126.9739891,37.489462,N,,
2162,A13520001,래미안포레,강남구,자곡동,아파트,기타,15,1070,삼성물산,sh공사,2014-03-13 0:00,145323,127.1026943,37.4817688,N,기업그룹,삼성물산
2163,A13508012,테헤란 IPARK,강남구,역삼동,주상복합,기타,6,411,현대산업개발,성보아파트주택재건축정비사업조합,2014-01-24 0:00,71704,127.045892,37.5022736,N,기업그룹,아이파크현대산업개발(HDC)
2164,A15210001,천왕연지타운1단지,구로구,천왕동,아파트,기타,11,571,포스코건설,SH공사,2013-12-13 0:00,74540,126.8376654,37.4773553,N,기업그룹,포스코이앤씨
2165,A15213007,천왕연지타운2단지,구로구,천왕동,아파트,기타,16,1018,(주)금호건설,SH공사,2014-01-27 0:00,148465,126.8447896,37.4829188,N,,
2166,B13001001,일성트루웰,동대문구,장안동,,임대+분양,2,116,,,2011-06-28 0:00,14718,127.0651455,37.5655892,N,,
2167,A13716002,서초포레스타5단지,서초구,신원동,아파트,기타,11,547,한신공영,에스에이치공사,2014-05-08 0:00,88338,127.0576442,37.4511442,N,,
2168,A12204006,불광롯데캐슬,은평구,불광동,아파트,분양,8,488,롯데건설(주),불광제4구역주택재개발정비사업조합,2013-09-26 0:00,73111,126.9324764,37.6130801,N,기업그룹,롯데건설
2169,A15009401,리버뷰신안인스빌,영등포구,문래동4가,아파트,분양,4,212,(주)신안,(주)신안,2008-05-06 0:00,34379,126.8885771,37.5142061,N,,
2170,A13520003,래미안강남힐즈,강남구,자곡동,아파트,분양,20,1020,삼성물산,삼성물산,2014-06-27 0:00,191300,127.0941087,37.4741702,N,기업그룹,삼성물산
2171,A13113008,신내우디안1단지,중랑구,신내동,아파트,기타,16,1402,한신공영(주),SH공사,2014-06-18 0:00,190866,127.1067198,37.6188699,N,,
2172,A13113007,신내 데시앙포레,중랑구,신내동,아파트,기타,23,1896,(주)태영건설,서울특별시 SH공사,2013-12-11 0:00,267015,127.1095902,37.6166178,N,,
2173,A13520002,강남한양수자인,강남구,자곡동,아파트,기타,26,1304,한양수자인,SH공사,2014-03-14 0:00,201793,127.1116326,37.4761329,N,,
2174,A14070302,용산더프라임,용산구,원효로1가,주상복합,분양,3,589,동아건설,앤모드하우스,2014-02-17 0:00,160845,126.9699352,37.5401796,N,,
2175,A13552002,강남데시앙포레,강남구,수서동,아파트,분양,14,787,태영건설,SH공사,2014-08-05 0:00,125459,127.0911995,37.4809973,N,,
2176,A13373302,왕십리텐즈힐2구역214동,성동구,상왕십리동,아파트,임대,1,211,대림산업건설,왕십리뉴타운2구역조합,2014-06-26 0:00,18668,127.0248409,37.5691892,N,기업그룹,DL이앤씨
2177,A12071104,연희자이엘라,서대문구,연희동,아파트,분양,1,186,GS건설,무궁화신탁(서강냉동),2014-01-29 0:00,5817,126.9281324,37.56397,N,기업그룹,GS건설
2178,A13778211,서초호반써밋,서초구,우면동,아파트,분양,6,550,울트라건설,울트라건설,2013-10-31 0:00,117486,127.0132853,37.4564764,N,,
2179,A13713002,양재리본타워2단지,서초구,양재동,아파트,임대,3,390,금호건설,sh공사,2014-06-26 0:00,55504,127.0361275,37.4651237,N,,
2180,A15721007,마곡엠밸리7단지,강서구,마곡동,아파트,기타,13,1004,금호,sh공사,2014-06-12 0:00,183983,126.82393,37.5640943,N,,
2181,A13771001,방배롯데캐슬아르떼,서초구,방배동,아파트,기타,11,744,롯데건설,방배2-6구역 주택재건축 정비사업조합,2013-11-20 0:00,143730,126.9844578,37.4837751,N,기업그룹,롯데건설
2182,A13716003,서초포레스타3단지,서초구,신원동,아파트,기타,8,482,한신공영(주),SH공사,2014-06-24 0:00,76114,127.0589501,37.4550374,N,,
2183,A12175203,마포래미안푸르지오,마포구,아현동,아파트,기타,51,3885,"삼성물산,대우건설",아현제3구역주택재개발정비사업조합,2014-09-26 0:00,588070,126.9542913,37.552355,Y,기업그룹,삼성물산; 대우건설
2184,A15721010,마곡엠밸리14단지,강서구,마곡동,아파트,기타,13,1270,한화건설(주),SH공사,2014-05-29 0:00,196539,126.8240725,37.5580573,N,기업그룹,한화
2185,A15728011,마곡엠밸리15단지,강서구,마곡동,아파트,기타,13,1171,대우조선해양건설,에스에이치공사,2014-05-29 0:00,173172,126.8284906,37.55735462,N,,
2186,A15701007,강서힐스테이트아파트,강서구,화곡동,아파트,분양,37,2603,현대건설,화곡3주구주택재건축정비사업조합,2015-08-19 0:00,506394,126.8368532,37.5460793,N,기업그룹,현대건설
2187,A13528007,래미안대치하이스턴,강남구,대치동,아파트,분양,5,354,삼성물산주식회사,우성2차리모델링주택조합,1989-12-06 0:00,69009,127.0656002,37.5011653,N,기업그룹,삼성물산
2188,A13519008,강남에버시움,강남구,자곡동,아파트,임대,15,1065,(주)풍림,한국토지주택공사,2013-11-13 0:00,85565,127.0910326,37.4707617,N,,
2189,A13510009,청담래미안로이뷰,강남구,청담동,아파트,분양,1,177,삼성물산,청담두산리모델링조합,1992-01-31 0:00,36358,127.0428004,37.5179279,N,기업그룹,삼성물산
2190,A15208008,개봉푸르지오,구로구,개봉동,,혼합,,978,,,2014-05-20 0:00,0,126.8481278,37.5004521,N,,
2191,A13501006,아크로힐스논현,강남구,논현동,주상복합,기타,4,368,대림산업(주),경복아파트주택재건축정비사업조합,2014-12-08 0:00,74812,127.0389311,37.509505,N,기업그룹,DL이앤씨
2192,A13922003,중계한화꿈에그린더퍼스트,노원구,중계동,아파트,기타,4,283,한화건설(주),제일주택재건축정비사업조합,2014-08-28 0:00,48898,127.0742258,37.6592065,N,기업그룹,한화
2193,B11680001,일원대우,강남구,일원동,,분양,5,110,대우,,1983-12-15 0:00,10337,,,N,기업그룹,대우건설
2194,A15722009,마곡엠밸리1단지,강서구,마곡동,아파트,기타,4,237,(주)한양,SH공사,2014-06-19 0:00,36763,126.8184548,37.568346,N,,
2195,A15721008,마곡엠밸리4단지,강서구,마곡동,아파트,기타,7,420,경남기업,SH공사,2014-06-20 0:00,68417,126.8239464,37.5688811,N,,
2196,A15721006,마곡엠밸리6단지,강서구,마곡동,아파트,기타,19,1466,경남기업(주),서울특별시 SH공사,2014-06-12 0:00,225423,126.8201689,37.56465052,N,,
2197,A15095002,신대림신동아파밀리에,영등포구,대림동,아파트,분양,4,185,신동아건설,대림2주택조합,2013-07-31 0:00,29834,126.9027247,37.4950646,N,,
2198,A15005002,레전드힐스,영등포구,신길동,주상복합,분양,1,216,우신건설,코람코 자산신탁,2013-07-26 0:00,8070,126.9083697,37.5056076,N,,
2199,A14070901,동부센트레빌아스테리움서울,용산구,동자동,주상복합,분양,3,278,동부건설,동자동 제4구역 도시환경조합,2013-09-09 0:00,107031,126.9732233,37.5516976,N,,
2200,A12172401,마포자이2차,마포구,대흥동,아파트,기타,6,558,GS건설(주),대흥3구역재개발조합,2014-03-06 0:00,85747,126.9410747,37.5492559,N,기업그룹,GS건설
2201,A10028177,래미안밤섬리베뉴 Ⅰ,마포구,상수동,아파트,기타,6,429,삼성물산주식회사,상수제1구역주택재개발정비조합,2014-10-17 0:00,76201,126.9252469,37.5461503,N,기업그룹,삼성물산
2202,A12170702,래미안밤섬리베뉴 2,마포구,상수동,아파트,기타,8,530,삼성물산,상수제2구역주택재개발정비사업조합,2014-10-17 0:00,83261,126.9271752,37.5469174,N,기업그룹,삼성물산
2203,A12172402,서희스타힐스,마포구,대흥동,주상복합,분양,1,203,서희건설,대선건설,2014-07-29 0:00,8353,126.9432576,37.55629991,N,기업그룹,서희건설
2204,A13585404,래미안도곡카운티,강남구,도곡동,아파트,기타,8,397,삼성물산,삼성물산,2016-09-02 0:00,67380,127.0508531,37.49532946,N,기업그룹,삼성물산
2205,A13519007,강남엘에이치1단지,강남구,세곡동,아파트,분양,12,809,고려개발(주),한국토지주택공사,2013-06-12 0:00,117075,127.1030382,37.4666728,N,,
2206,A12187501,래미안마포리버웰,마포구,용강동,아파트,기타,9,563,삼성물산,용강2구역 재개발조합,2015-02-27 0:00,90429,126.9413984,37.543435,N,기업그룹,삼성물산
2207,B11680014,대원칸타빌(신사동),강남구,신사동,,분양,2,130,(주)대원,,2001-07-20 0:00,20723,127.0372664,37.5274459,N,,
2208,B11680020,삼성동롯데캐슬킹덤,강남구,삼성동,,분양,3,118,롯데건설,,2005-11-01 0:00,21224,,,N,기업그룹,롯데건설
2209,B11680022,거평프리젠,강남구,논현동,,,,113,,,,0,127.0276331,37.5063208,N,,
2210,B11680026,중명하니빌,강남구,도곡동,,,,111,,,,0,127.038958,37.485888,N,,
2211,B11680041,도곡3차아이파크,강남구,도곡동,,혼합,3,72,현대산업개,도곡현대연립 재건축조합,2007-04-27 0:00,23790,127,37,N,,
2212,B11680046,금호어울림(삼성동),강남구,삼성동,,분양,1,68,금호산업,,2003-09-27 0:00,10626,127.0647596,37.5169216,N,,
2213,B11680050,논현베르빌,강남구,논현동,,,,65,,,,0,127.0566986,37.574381,N,,
2214,B11680060,도곡2차 I-Park,강남구,도곡동,,분양,2,58,현대산업개,,2006-02-23 0:00,17080,127,37,N,,
2215,B11680063,선경301(대치동),강남구,대치동,,,,54,,,,0,127.1346666,37.538888,N,,
2216,A13307003,서울숲더샵,성동구,행당동,주상복합,분양,3,495,포스코건설,포스코건설,2014-09-16 0:00,99374,127.0401158,37.5572161,N,기업그룹,포스코이앤씨
2217,A15722010,마곡엠밸리5단지,강서구,마곡동,아파트,기타,8,442,에스에이치공사,TEC건설+새천년종합건설,2014-06-26 0:00,83718,126.8174976,37.5658378,N,,
2218,A13718001,서초더샵포레,서초구,내곡동,아파트,기타,26,1264,포스코,에스에치,2014-08-11 0:00,232130,127.0644871,37.4511481,N,기업그룹,포스코이앤씨
2219,A13520004,강남브리즈힐,강남구,자곡동,아파트,분양,13,402,"현대아산(주), 신성건설(주) 등",한국토지주택공사,2014-10-30 0:00,65635,127.0911124,37.4726409,Y,,
2220,A13122002,상봉프레미어스엠코,중랑구,상봉동,주상복합,기타,3,497,현대엠코(주),현대엠코(주),2013-11-18 0:00,106914,127.0903793,37.5980973,N,,
2221,A15076702,영등포아트자이,영등포구,도림동,아파트,기타,8,836,(주)gs공사,도림제16구역 주택재개발 정비사업조합,2014-03-11 0:00,137005,126.9001766,37.5103949,N,,
2222,A13677401,이편한세상보문,성북구,보문동3가,아파트,기타,7,440,대림산업(주),보문4구역정비사업조합,2013-12-24 0:00,71365,127.0156861,37.5826725,N,기업그룹,DL이앤씨
2223,A10028105,서초포레스타6단지,서초구,신원동,아파트,기타,11,585,계룡건설,에스에치공사,2015-04-07 0:00,70339,127.0550287,37.45014991,N,기업그룹,계룡건설산업
2224,A10028033,용마산하늘채아파트,중랑구,면목동,아파트,기타,5,265,코오롱글로벌,면목제2구역재건축조합,2015-10-08 0:00,45071,127.0870702,37.57185787,N,,
2225,A10028001,금호어울림센터힐아파트,성북구,돈암동,아파트,기타,6,490,금호건설,돈암제5구역 주택재개발정비사업조합,2014-10-31 0:00,66867,127.022839,37.600867,N,,
2226,A10028021,서초포레스타2단지아파트,서초구,내곡동,아파트,기타,13,1077,고려개발,에스에치공사,2015-06-18 0:00,134431,127.0625957,37.45470291,N,,
2227,A77777778,오픈아파트2,성북구,돈암동,,분양,100,100,시청,,2020-07-21 9:56,136790,127.0634,37.482968,N,,
2228,A13003007,래미안위브,동대문구,답십리동,아파트,기타,32,2652,"삼성물산,두산건설",주택조합,2014-10-13 0:00,404825,127.05237,37.57285189,Y,기업그룹,삼성물산
2229,A10028080,용두 롯데 캐슬리치 아파트,동대문구,용두동,아파트,기타,5,311,롯데건설(주),용두4구역재개발조합,2015-03-13 0:00,46108,127.03047,37.57941943,N,기업그룹,롯데건설
2230,A10027951,공덕자이(임대),마포구,아현동,아파트,임대,2,201,GS자이 건설,아현재4구역주택재개발정비사업조합,2015-04-24 0:00,19769,126.958866,37.55466882,N,,
2231,A10027908,래미안첼리투스,용산구,이촌동,아파트,분양,3,460,삼성물산,렉스주택재건축정비사업,2015-07-30 0:00,135083,126.9802115,37.51785879,N,기업그룹,삼성물산
2232,A41279932,은평뉴타운기자촌11단지,은평구,진관동,아파트,기타,10,426,한라,SH공사,2015-01-23 0:00,67304,126.9327173,37.63396029,N,,
2233,A10027920,텐즈힐1단지,성동구,하왕십리동,아파트,분양,18,1369,"gs건설,삼성건설,대림,현대산업",조합,2015-04-24 0:00,252495,127.0295235,37.56734381,Y,기업그룹,삼성물산; GS건설; DL이앤씨; 아이파크현대산업개발(HDC)
2234,A13402003,대우한강베네시티,강동구,천호동,주상복합,분양,2,204,대우건설,베네개발,2007-03-21 0:00,33109,127.1249744,37.54055783,N,기업그룹,대우건설
2235,A10027912,강남한신휴플러스 6단지,강남구,율현동,아파트,기타,12,378,한신공영,SH공사,2015-09-23 0:00,48363,127.1068167,37.47179016,N,,
2236,A13071302,래미안크레시티,동대문구,전농동,아파트,기타,31,2397,삼성물산(주),전농7구역 주택재개발정비사업조합,2014-10-23 0:00,370093,127.0496883,37.57552441,N,기업그룹,삼성물산
2237,A10027881,석촌호수 효성해링턴타워,송파구,석촌동,주상복합,분양,1,257,(주)효성 PU,SCLPFV(주),2015-08-26 0:00,13056,127.1003448,37.50657397,N,기업그룹,효성중공업
2238,A10028006,e편한세상마포리버파크,마포구,용강동,아파트,기타,9,547,대림산업(주),용강제3구역주택재개발조합,2016-10-13 0:00,80034,126.943228,37.54166387,N,기업그룹,DL이앤씨
2239,A10027985,강남자곡힐스테이트아파트,강남구,자곡동,아파트,기타,5,1339,현대건설,한국토지공사,2015-06-02 0:00,179904,127.0896083,37.47180842,N,기업그룹,현대건설
2240,A13203002,북한산코오롱하늘채,도봉구,쌍문동,아파트,기타,5,293,코오롱글로벌(주),쌍문제1구역재개발조함,2014-04-01 0:00,43007,127.0240314,37.64788523,N,,
2241,A10027906,공덕자이 아파트,마포구,아현동,아파트,분양,16,963,GS건설,아현제4구역 주택 재개발 정비사업조합,2015-04-24 0:00,167622,126.9577854,37.5538259,N,기업그룹,GS건설
2242,A10027744,위례아이파크아파트,송파구,장지동,아파트,분양,6,400,현대산업개발 주,하나자산신탁,2015-11-30 0:00,82425,127.1422859,37.47714597,N,기업그룹,아이파크현대산업개발(HDC)
2243,A10027851,신촌푸르지오 아파트,서대문구,북아현동,아파트,기타,16,940,대우건설,주택조합,2015-10-23 0:00,148182,126.9560004,37.56190913,N,기업그룹,대우건설
2244,A10028086,위례 송파푸르지오,송파구,장지동,아파트,분양,7,549,대우건설,대우건설,2015-01-23 0:00,125353,127.1411675,37.48159945,N,기업그룹,대우건설
2245,A10028000,정릉꿈에그린아파트,성북구,정릉동,아파트,기타,8,349,한화건설,정릉10구역 주택재개발정비사업,2015-04-30 0:00,55685,127.0111393,37.60186152,N,기업그룹,한화
2246,A10028046,힐스테이트서초젠트리스,서초구,신원동,아파트,분양,9,256,현대엔지니어링,현대엔지니어링,2014-12-19 0:00,48527,127.0585374,37.4561742,N,기업그룹,현대엔지니어링
2247,A13373301,텐즈힐2구역,성동구,상왕십리동,아파트,분양,13,937,"GS건설,현대산업개발,삼성물산,대림산업",왕십리뉴타운제2구역주택재개발 정비사업조합,2014-06-26 0:00,195448,127.0241132,37.57053736,Y,기업그룹,삼성물산; GS건설; DL이앤씨; 아이파크현대산업개발(HDC)
2248,A10027800,래미안 대치 팰리스,강남구,대치동,아파트,기타,17,1608,삼성물산,청실아파트 재건축조합,2015-09-22 0:00,350168,127.0583306,37.49717941,N,기업그룹,삼성물산
2249,A10027849,목동센트럴푸르지오아파트,양천구,목동,주상복합,기타,2,248,(주)대우건설,(주)청학산업,2015-06-30 0:00,46039,126.8766714,37.52374603,N,기업그룹,대우건설
2250,A10027755,래미안프레비뉴,영등포구,신길동,아파트,기타,12,949,삼성물산주식회사,조합,2015-12-29 0:00,140646,126.9093498,37.50499778,N,기업그룹,삼성물산
2251,A10027633,상도2차 두산위브트레지움 아파트,동작구,상도동,주상복합,기타,6,582,두산중공업,상도동 두산위브 지역주택조합,2016-01-27 0:00,99488,126.9422942,37.50479404,N,기업그룹,두산에너빌리티
2252,A10027716,꿈의숲 SK뷰 아파트,노원구,월계동,아파트,분양,6,504,SK건설,월계3주택재건축정비사업조합,2016-01-27 0:00,80003,127.053592,37.622032,N,기업그룹,SK에코플랜트
2253,A10095502,청계천두산위브더제니스,중구,흥인동,주상복합,분양,1,295,두산중공업,아시아신탁(주),2014-12-22 0:00,79632,127.0170907,37.56686448,N,"k-전체세대수, 기업그룹",두산에너빌리티
2254,A10027969,왕십리텐즈힐1단지(임대),성동구,하왕십리동,아파트,임대,3,333,대림산업,에스에치공사,2015-04-24 0:00,29366,127.0295235,37.56734381,N,기업그룹,DL이앤씨
2255,A10027748,공덕파크자이 아파트,마포구,공덕동,주상복합,분양,4,288,GS건설(주),마포로1구역 제55지구 도시환경정비사업조합,2015-08-28 0:00,58168,126.9479695,37.54487054,N,기업그룹,GS건설
2256,A10027670,상봉듀오트리스,중랑구,상봉동,주상복합,분양,2,264,"포스코, 포스코A&C","한국자산신탁, 아우딘디엔피",2016-01-20 0:00,99839,127.0922043,37.59736204,Y,기업그룹,포스코이앤씨
2257,A15105008,관악파크푸르지오,관악구,봉천동,아파트,분양,7,363,대우건설,까치산공원주택재건축정비사업조합,2014-09-19 0:00,37249,126.9621499,37.48222882,N,기업그룹,대우건설
2258,A10027684,당산브라운스톤아파트,영등포구,당산동4가,아파트,분양,3,162,이수건설,당산제2지역주택조합,2015-11-24 0:00,23393,126.902504,37.52721748,N,,
2259,A10027541,강서쌍용예가아파트,강서구,염창동,아파트,분양,4,152,(주)쌍용건설,응지.오성.염창주택재건축정비사업조합,2014-06-11 0:00,24813,126.8662612,37.55526112,N,기업그룹,쌍용건설
2260,A10027601,중계센트럴파크아파트,노원구,상계동,아파트,기타,5,457,진흥기업(주),SH공사,2016-03-17 0:00,62075,127.0595853,37.64319742,N,,
2261,A10027622,노원프레미어스엠코,노원구,공릉동,주상복합,분양,2,234,현대엔지니어링,KB신탁사,2016-01-16 0:00,53489,127.0761971,37.61853202,N,기업그룹,현대엔지니어링
2262,A10027602,신금호파크자이아파트,성동구,금호동2가,아파트,기타,10,1156,GS건설,금호제13구역 주택재개발정비사업조합,2016-04-20 0:00,153669,127.0179963,37.5544914,N,기업그룹,GS건설
2263,A10027817,DMC파크뷰자이아파트,서대문구,남가좌동,아파트,기타,61,4300,"현대산업개발, SK건설, GS건설",가재울4구역 재건축조합,2015-10-26 0:00,712875,126.9226559,37.5738971,Y,기업그룹,GS건설; SK에코플랜트; 아이파크현대산업개발(HDC)
2264,A10027558,강남효성해링턴코트,강남구,세곡동,연립주택,분양,11,199,555071,(주)대륜테라스빌피에프브이,2016-04-28 0:00,43222,127.0965428,37.47320939,N,,
2265,A15720001,강서한강자이,강서구,가양동,아파트,기타,10,790,gs건설,화이트코리아(주식회사),2013-09-25 0:00,142787,126.8481254,37.56647139,N,기업그룹,GS건설
2266,A10027816,북한산 푸르지오,은평구,녹번동,아파트,기타,22,1230,대우건설,서울시은평구녹번1구역3지구 조합,2015-07-22 0:00,194596,126.9337516,37.60557539,N,기업그룹,대우건설
2267,A10027474,역삼자이아파트,강남구,역삼동,아파트,기타,3,408,GS건설,개나리6차아파트주택재건축정비사업조합,2016-06-22 0:00,74560,127.0401285,37.50588173,N,기업그룹,GS건설
2268,A10027714,래미안 웰스트림,마포구,현석동,아파트,기타,8,773,삼성물산,현석제2구역주택재개발정비사업조합,2016-01-28 0:00,125430,126.9121748,37.54590075,N,기업그룹,삼성물산
2269,A10027446,강남더샵포레스트,강남구,수서동,아파트,분양,10,400,포스코건설,한국자산신탁,2016-07-27 0:00,102232,127.0952058,37.48102807,N,기업그룹,포스코이앤씨
2270,B20160929,청담4차e편한세상,강남구,청담동,,분양,2,94,대림산업,,2010-10-20 0:00,17411,,,N,기업그룹,DL이앤씨
2271,A10027432,서울 왕십리 KCC스위첸아파트,성동구,하왕십리동,아파트,분양,3,272,KCC건설,(주)광희리츠,2016-04-28 0:00,38151,127.0266516,37.56088363,N,,
2272,A10027375,목동힐스테이트,양천구,신정동,아파트,기타,15,1081,현대건설,신정제4구역주택재개발정비사업조합,2016-05-19 0:00,170226,126.856168,37.520319,N,기업그룹,현대건설
2273,A10027775,신내의료안심주택,중랑구,신내동,아파트,임대,2,222,SD종합건설,SH공사,2015-10-29 0:00,13100,127.0971822,37.61417494,N,,
2274,B20161019,돈암대성유니드,성북구,돈암동,,분양,2,81,대성산업,,2009-07-29 0:00,14148,127,38,N,,
2275,A10027461,힐스테이트 송파위례아파트,송파구,장지동,주상복합,분양,8,490,현대건설(주),현대건설(주),2016-07-19 0:00,111137,127.1421546,37.47864452,N,기업그룹,현대건설
2276,A10027632,송파 와이즈더샵,송파구,장지동,아파트,분양,6,390,(주)포스코건설,에이엠플러스자산개발(주),2016-02-26 0:00,75116,127.1434467,37.47637903,N,기업그룹,포스코이앤씨
2277,A15721009,마곡엠밸리2단지,강서구,마곡동,아파트,기타,6,408,(주)한양,sh공사,2014-06-19 0:00,71160,126.8207109,37.56911737,N,,
2278,A10027948,강동역신동아파밀리에,강동구,천호동,주상복합,분양,2,230,신동아 건설(주),(주)포유,2015-07-30 0:00,46552,127.1335881,37.53675867,N,,
2279,B20161027,삼성파크아파트,강남구,삼성동,,분양,1,114,세방기업,,2001-12-17 0:00,24193,127,38,N,,
2280,A10027403,마곡엠밸리12단지,강서구,마곡동,아파트,기타,6,363,(주)대보건설,서울주택도시공사,2016-09-12 0:00,56818,126.822877,37.559259,N,,
2281,B20161103,세방하이빌,강남구,역삼동,,분양,2,67,세방건설,,2002-12-30 0:00,6947,127,37,N,,
2282,A10027439,래미안 신반포팰리스,서초구,잠원동,아파트,기타,7,843,삼성물산,잠원대림아파트주택재건축정비사업조합,2016-06-22 0:00,153551,127.0136324,37.51518668,N,"k-전체세대수, 기업그룹",삼성물산
2283,A10027687,마곡힐스테이트,강서구,마곡동,아파트,기타,8,603,현대건설,긴등마을주택재건축정비사업조합,2017-08-03 0:00,99266,126.818111,37.564067,N,기업그룹,현대건설
2284,A10027354,올림픽파크한양수자인,강동구,성내동,아파트,기타,5,482,(주)한양,미주아파트 재건축조합,2016-08-18 0:00,73110,127.128374,37.526798,N,,
2285,A10027346,파크하비오푸르지오아파트,송파구,문정동,주상복합,분양,10,999,대우건설주식회사,다함하비오주식회사,2016-09-29 0:00,169516,127.1236486,37.4806145,N,기업그룹,대우건설
2286,A10027553,위례2차아이파크아파트,송파구,장지동,아파트,분양,7,495,현대산업개발,네오밸류,2016-05-26 0:00,116553,127.1421912,37.48174147,N,기업그룹,아이파크현대산업개발(HDC)
2287,A10027614,상도 휴엔하임 도시형생횔주택,동작구,상도동,아파트,분양,1,298,신구건설(주),상도개발(주),2016-02-24 0:00,11143,126.9379669,37.50496812,N,,
2288,A10027909,강남한신휴플러스 8단지,강남구,율현동,아파트,기타,11,169,한신공영,에스에치공사,2015-09-23 0:00,29219,127.1092085,37.47264475,N,,
2289,A10028201,인현신성,중구,인현동2가,주상복합,분양,1,182,오래되서 모름,오래되서 모름,1968-05-30 0:00,10809,126.9958147,37.56355333,N,,
2290,A10027319,도곡한라비발디아파트,강남구,도곡동,아파트,분양,1,110,(주)한라,동신아파트주택재건축정비사업조합,2016-04-22 0:00,21131,127.0390631,37.48799224,N,,
2291,A10027902,마포한강푸르지오,마포구,합정동,주상복합,분양,2,198,대우건설,주)코리아신탁,2015-03-31 0:00,49099,126.9119634,37.55000852,N,기업그룹,대우건설
2292,A10027681,홍제금호어울림아파트,서대문구,홍제동,주상복합,기타,10,296,금호건설,무궁화재건축정비조합,2016-02-03 0:00,46678,126.9403932,37.58267368,N,,
2293,A10027381,보라매 신동아파밀리에아파트,영등포구,대림동,아파트,기타,4,247,신동아건설(주),대림1주택 재건축정비사업조합,2016-07-29 0:00,41872,126.905101,37.493128,N,,
2294,A10027371,마곡엠밸리11단지,강서구,마곡동,아파트,기타,6,347,(주)대보건설,서울주택도시공사,2016-09-12 0:00,48378,126.8207295,37.55946773,N,,
2295,A10028146,서초롯데캐슬프레지던트,서초구,서초동,아파트,기타,3,280,롯데건설,삼익건설아파트재건축조합,2014-11-14 0:00,55021,127.0196605,37.49741145,N,기업그룹,롯데건설
2296,B20161229,신월신도브래뉴2차,양천구,신월동,,분양,2,126,신도건설,,2004-09-17 0:00,17232,127,38,N,,
2297,A13716001,서초포레스타7단지,서초구,신원동,아파트,기타,10,310,한신공영,SH공사,2013-09-30 0:00,41431,127.0564943,37.44810012,N,,
2298,A10027221,래미안 서초에스티지,서초구,서초동,아파트,기타,4,421,삼성물산,우성3차아파트주택재건축조합,2016-12-23 0:00,75766,127.0251728,37.49278971,N,기업그룹,삼성물산
2299,A10027901,용산 KCC 웰츠타워,용산구,문배동,주상복합,분양,2,232,(주) KCC 건설,(주)무궁화신탁,2015-03-27 0:00,41586,126.96895,37.53777777,N,,
2300,A10078102,파라다이스,중구,신당동,아파트,분양,1,132,파라다이스건설,파라다이스건설,2000-07-10 0:00,16117,127.0172705,37.5623442,N,,
2301,A14276311,번동주공3단지,강북구,번동,주상복합,임대,9,1560,"LH공사(현대건설,화성산업,동원건설등)",LH공사,1990-11-09 0:00,82112,127.0411219,37.62797742,Y,기업그룹,현대건설
2302,A14286203,번동주공5단지,강북구,번동,아파트,임대,8,1123,주택공사,주택공사,1991-05-13 0:00,55973,127.0338928,37.63314575,N,,
2303,A13204003,창동한승미메이드,도봉구,창동,아파트,분양,1,135,한승,한승,2004-06-25 0:00,14998,127.0429444,37.63299024,N,,
2304,A13175103,면목한신,중랑구,면목동,아파트,분양,10,1362,한신공영,한신공영,1987-12-30 0:00,93503,127.0743178,37.58705252,N,,
2305,A13923001,중계한신코아,노원구,하계동,연립주택,분양,12,160,한신공영(주),한신공영(주),1994-03-19 0:00,28697,127.0696883,37.64039875,N,,
2306,A13972602,중계중앙하이츠아쿠아,노원구,중계동,아파트,분양,4,219,중앙건설,봄내건설,2008-06-20 0:00,35655,127.0675167,37.64513583,N,,
2307,A13778207,서초네이처힐6단지,서초구,우면동,아파트,기타,7,382,(주)태영건설,SH공사,2013-02-15 0:00,50309,127.0270676,37.4611401,N,,
2308,A13470102,강동QV2차,강동구,길동,주상복합,분양,1,236,대우건설주식회사,주식회사무궁화신탁,2013-04-30 0:00,9252,127.1360803,37.53660857,N,기업그룹,대우건설
2309,A13402001,천호두산위브센티움,강동구,천호동,주상복합,분양,1,156,두산건설,희성,2004-09-06 0:00,9700,127.1269879,37.53941807,N,,
2310,A10028056,북한산힐스테이트7차제2 (임대),은평구,불광동,아파트,임대,1,188,현대건설(주),현대건설(주),2011-07-29 0:00,18452,126.9269016,37.61558755,N,기업그룹,현대건설
2311,A13378103,서울숲2차푸르지오임대,성동구,금호동4가,아파트,임대,1,121,대우건설,SH공사,2012-08-16 0:00,9911,127.0239079,37.54748903,N,기업그룹,대우건설
2312,A12172201,신촌포스빌,마포구,노고산동,주상복합,분양,1,350,(주)포스코건설,주식회사한국토지신탁,2004-07-31 0:00,20589,126.9421274,37.55625873,N,기업그룹,포스코이앤씨
2313,A13275301,도봉양우내안애아파트,도봉구,도봉동,아파트,분양,3,147,양우건설(주),도봉양우지역주택조합,2005-06-29 0:00,21136,127.0491249,37.6832501,N,,
2314,A13275001,창동수산트리플아파트,도봉구,창동,아파트,분양,1,111,수산건설,수산건설,2004-06-30 0:00,10617,127.0339733,37.64039885,N,,
2315,A13201002,서울도봉,도봉구,도봉동,아파트,임대,3,245,충우종합대양건설,한국토지주택공사,2002-11-18 0:00,16861,127.0506166,37.6826208,N,,
2316,A14206310,번동주공2단지,강북구,번동,아파트,임대,11,1766,"대림산업, 삼익건설",한국토지주택공사,1991-05-18 0:00,89503,127.0446931,37.62569698,Y,기업그룹,DL이앤씨
2317,A13275303,도봉파크빌2단지,도봉구,도봉동,아파트,분양,2,139,유진건설,SH 공사,2002-12-02 0:00,20135,127.0505173,37.6846182,N,,
2318,A10028063,신도림아이파크아파트,구로구,신도림동,아파트,임대,3,189,(주)아이앤콘스,일양테라,2015-02-06 0:00,23583,126.8880673,37.51128282,N,,
2319,A15776004,현대3,강서구,염창동,아파트,분양,1,127,현대산업개발,현대산업개발,1996-10-05 0:00,15817,126.876072,37.55200099,N,기업그룹,아이파크현대산업개발(HDC)
2320,A15721011,마곡엠밸리3단지,강서구,마곡동,아파트,기타,4,315,(주)한양,에스에이치공사,2014-06-19 0:00,58712,126.8195417,37.56850628,N,,
2321,A15279401,고척청솔우성,구로구,고척동,주상복합,분양,2,118,우성건설,우성,2000-12-26 0:00,19968,126.860032,37.50623584,N,,
2322,A15209007,개봉 푸르지오,구로구,개봉동,아파트,기타,10,978,대우건설,개봉1주택재건축조합,2014-05-20 0:00,147217,126.8485591,37.49921426,N,기업그룹,대우건설
2323,A10027495,이수자이 주상복합,동작구,사당동,주상복합,분양,2,140,GS건설,(주)모벡에셋,2010-12-15 0:00,52544,126.9805813,37.4843925,N,기업그룹,GS건설
2324,A10027764,천왕이펜하우스7단지,구로구,천왕동,아파트,임대,5,374,우신건설(주),에스에이치공사,2017-02-07 0:00,26850,126.8368531,37.48210556,N,,
2325,A15213005,천왕이펜하우스3단지,구로구,천왕동,아파트,기타,13,1044,풍림건설,SH공사,2011-10-12 0:00,147417,126.8389163,37.48225161,N,,
2326,A15209006,개봉고운아파트,구로구,개봉동,아파트,분양,1,100,고운건설,고운건설,2002-10-11 0:00,13174,126.8505156,37.49898833,N,,
2327,A15213001,천왕이펜하우스5단지,구로구,천왕동,아파트,기타,8,522,한진중공업,SH공사,2011-07-19 0:00,78915,126.842261,37.47958226,N,,
2328,A15213004,천왕이펜하우스4단지,구로구,천왕동,아파트,기타,11,478,금호건설,SH공사,2011-08-03 0:00,65016,126.8390601,37.47990329,N,,
2329,A15603009,상도더샵2차,동작구,상도동,아파트,분양,4,138,포스코건설,상도동165번지 지역주택조합,2014-04-07 0:00,23430,126.9434908,37.50285108,N,기업그룹,포스코이앤씨
2330,A10027935,대림쌍용플래티넘S,영등포구,대림동,도시형 생활주택(주상복합),분양,1,291,쌍용건설(주),두암산업(주),2013-06-28 0:00,12050,126.8980356,37.49528802,N,기업그룹,쌍용건설
2331,A10027424,상도파크자이 아파트,동작구,상도동,아파트,기타,7,471,GS건설,상도제10구역 주택재개발 정비사업조합,2016-08-26 0:00,68940,126.9368147,37.5054571,N,기업그룹,GS건설
2332,A10028094,압구정하이츠파크,강남구,신사동,아파트,분양,2,86,중앙건설,중앙건설,2004-04-20 0:00,31355,127.0336209,37.52405062,N,,
2333,A13509014,래미안삼성1차103단지,강남구,삼성동,아파트,분양,3,133,삼성물산,삼성물산,2006-04-27 0:00,26889,127.0638937,37.5168001,N,기업그룹,삼성물산
2334,A13570502,래미안삼성1차104단지,강남구,삼성동,아파트,분양,1,77,삼성물산,삼성물산,2005-12-29 0:00,13439,127.0640682,37.51693422,N,기업그룹,삼성물산
2335,A10028083,송파SK아파트,송파구,송파동,아파트,분양,1,71,SK건설,은행연합주택조합,2001-11-20 0:00,9777,127.1181933,37.50061053,N,기업그룹,SK에코플랜트
2336,A13895502,가락3차쌍용스윗닷홈(1~4동),송파구,가락동,아파트,분양,4,206,쌍용건설,쌍용건설,2005-02-28 0:00,28338,127.1227554,37.4981161,N,기업그룹,쌍용건설
2337,A10028172,강남자곡아이파크,강남구,자곡동,아파트,기타,10,716,계룡건설산업(주),한국토지주택공사,2014-10-02 0:00,102988,127.1017044,37.47409475,N,기업그룹,계룡건설산업
2338,A13550404,도곡동 포스코트 아파트,강남구,도곡동,아파트,분양,1,64,포스코건설,포스코건설,2002-01-31 0:00,23542,127.0478029,37.48796893,N,기업그룹,포스코이앤씨
2339,A13501007,논현쌍용,강남구,논현동,아파트,분양,1,111,남광토건,학동연립재건축조합,1996-07-24 0:00,14388,127.038168,37.51964192,N,,
2340,A10027571,개포4차현대아파트,강남구,일원동,아파트,분양,1,142,현대,현대,1987-02-03 0:00,14780,127.0773349,37.49093686,N,기업그룹,현대건설
2341,A13872504,장미3차,송파구,신천동,아파트,분양,2,120,라이프 주택개발,라이프 주택개발,1984-08-17 0:00,19331,127.1031777,37.51821271,N,,
2342,A13606006,길음현대,성북구,길음동,아파트,분양,1,132,현대건설,현대종합건설(주),2000-12-28 0:00,11519,127.0196634,37.60792519,N,기업그룹,현대건설
2343,A13611012,길음뉴타운7단지제2,성북구,길음동,아파트,임대,1,99,두산건설,두산건설,2010-07-28 0:00,8287,127.0192671,37.6092194,N,,
2344,A13470104,청광플러스원큐브3차,강동구,길동,주상복합,분양,1,207,청광종합건설(주),청광종합건설(주),2014-10-06 0:00,7294,127.1364556,37.53635264,N,,
2345,A10027638,강일리버파크11단지,강동구,강일동,아파트,임대,4,346,(주)대흥토건,(주)대흥토건,2015-12-29 0:00,25211,127.1794484,37.56221999,N,,
2346,A13778212,LH서초3단지,서초구,우면동,아파트,임대,5,790,동아건설,lh,2013-11-19 0:00,68033,127.0221742,37.45756587,N,,
2347,A10027274,동대문푸르지오시티,동대문구,용두동,도시형 생활주택(주상복합),분양,1,299,대우건설(주),주)기민물산,2016-09-09 0:00,44969,127.0330311,37.57778606,N,기업그룹,대우건설
2348,A10095501,동대문와이즈캐슬,중구,흥인동,아파트,분양,1,297,롯데건설(주),애경개발(주),2014-10-23 0:00,10988,127.0154382,37.56576221,N,기업그룹,롯데건설
2349,A14375302,워커힐푸르지오,광진구,광장동,아파트,분양,2,200,대우건설,일신아파트리모델링조합,1987-03-02 0:00,26756,127.1092751,37.54987201,N,기업그룹,대우건설
2350,A14375303,현대홈타운12차,광진구,광장동,아파트,분양,2,119,현대건설(주),국제약품,2004-09-01 0:00,32488,127.1028077,37.54507847,N,기업그룹,현대건설
2351,A13778208,서초네이처힐1단지,서초구,우면동,아파트,기타,10,179,태영건설,SH공사,2012-11-28 0:00,31671,127.0194605,37.46407665,N,,
2352,A13778209,호반써밋서초파크,서초구,우면동,아파트,분양,4,424,울트라건설(주) 외,한국토지주택공사,2013-12-04 0:00,56985,127.0232559,37.45789348,Y,,
2353,A10027708,인왕산2차아이파크아파트,종로구,무악동,아파트,분양,5,167,현대산업개발,무악연립제2주택재건축정비사업,2015-08-28 0:00,28078,126.9594942,37.57600084,N,기업그룹,아이파크현대산업개발(HDC)
2354,A10027364,덕수궁롯데캐슬아파트,중구,순화동,주상복합,분양,2,296,롯데건설,순화 제1-1구역 도시환경정비사업조합,2016-08-31 0:00,76502,126.9703537,37.56358693,N,기업그룹,롯데건설
2355,A10027396,신정숲속마을아파트,양천구,신정동,아파트,기타,7,560,(주)한일건설,sh공사,2016-08-10 0:00,64358,126.8314719,37.5062442,N,,
2356,A10027433,마곡엠밸리8단지,강서구,마곡동,아파트,기타,10,531,한진중공업,SH공사,2016-07-22 0:00,81343,126.819535,37.563757,N,,
2357,A10027472,상도효성해링턴플레이스,동작구,상도동,아파트,기타,2,202,(주)효성,상도동지역주택조합,2016-02-03 0:00,33592,126.9421487,37.50579199,N,기업그룹,효성중공업
2358,A10027452,마곡엠밸리10단지 아파트,강서구,마곡동,아파트,기타,8,550,남양건설,SH공사,2016-08-09 0:00,83643,126.8186038,37.55921626,N,,
2359,A10027289,센트라스,성동구,하왕십리동,아파트,기타,30,2529,"포스코,SK,현대",왕십리뉴타운3구역주택재개발정비사업조합,2016-11-29 0:00,459952,127.0284459,37.56633795,Y,"k-전체세대수, 기업그룹",현대건설; 포스코이앤씨; SK에코플랜트
2360,A10027301,마포한강2차푸르지오,마포구,합정동,주상복합,분양,2,198,(주)대우건설,주식회사 파나씨티,2016-07-14 0:00,40498,126.912344,37.5510349,N,기업그룹,대우건설
2361,A10027188,금천롯데캐슬골드파크1차아파트,금천구,독산동,아파트,기타,11,1743,롯데건설(주),(주)제이피홀딩스,2016-11-30 0:00,270973,126.894427,37.45975435,N,기업그룹,롯데건설
2362,A10027205,아크로리버파크,서초구,반포동,아파트,기타,15,1612,(주)대림산업,신반포1차재건축주택조합,2016-08-30 0:00,346883,126.9932508,37.50489994,N,기업그룹,DL이앤씨
2363,A10027195,위례중앙푸르지오아파트,송파구,장지동,아파트,분양,2,163,대우건설,(주)한국자산신탁,2016-12-23 0:00,40463,127.1415573,37.47480927,N,기업그룹,대우건설
2364,A10027189,보문파크뷰자이아파트,성북구,보문동6가,아파트,기타,17,1186,GS건설,보문제3구역 주택재개발정비사업조합,2017-01-18 0:00,166765,127.0185045,37.57804,N,기업그룹,GS건설
2365,A10027157,서울가좌행복주택,마포구,성산동,아파트,임대,1,362,진흥개발(주),한국토지주택공사,2016-12-21 0:00,24762,126.9132522,37.56915017,N,,
2366,A10027089,현대썬앤빌청계,동대문구,답십리동,주상복합,분양,1,269,현대bs&c,에스제이에셋플러스(주),2016-12-22 0:00,8140,127.0551495,37.56611423,N,,
2367,A10028042,센시티일육,동대문구,답십리동,주상복합,분양,1,245,대창건설(주),대창건설(주),2013-08-09 0:00,10957,127.0562575,37.56626749,N,,
2368,A13120003,면목두산6차,중랑구,면목동,주상복합,분양,1,84,두산개발(주),두산개발(주),1993-11-12 0:00,9988,127.0806751,37.57760127,N,,
2369,A10027136,도봉숲 아뜨리움,도봉구,도봉동,아파트,분양,5,172,성보건설산업(주),두암산업,2016-09-13 0:00,18442,127.0430955,37.67819466,N,,
2370,A10027121,녹천역두산위브아파트,노원구,월계동,아파트,기타,10,326,두산건설주식회사,월계4구역재개발조합,2017-10-20 0:00,47861,127.0525736,37.64131959,N,,
2371,A10027162,포레스트힐시티,종로구,효제동,주상복합,분양,1,152,신홍선건설,마르코통상,2017-01-20 0:00,6997,127.0018609,37.57403883,N,,
2372,A11076701,주상복합아남아파트,종로구,명륜2가,주상복합,분양,1,136,아남건설,아남건설,1999-01-30 0:00,18527,127.0002684,37.585619,N,,
2373,A10027105,경희궁자이3단지,종로구,평동,주상복합,분양,8,589,자이건설(주),돈의문1구역 도시환경 사업조합,2017-02-24 0:00,98494,126.9651711,37.56885493,N,,
2374,A10027118,경희궁자이2단지 아파트,종로구,홍파동,주상복합,분양,14,1148,GS건설,돈의문1구역 도시환경 사업조합,2017-02-24 0:00,194111,126.9641524,37.56920542,N,기업그룹,GS건설
2375,A14074501,한강로우림필유,용산구,한강로3가,아파트,분양,4,144,우림,재건축조합,2006-09-15 0:00,19825,126.9598495,37.52562083,N,,
2376,A10027071,한남아이파크,용산구,한남동,주상복합,분양,1,280,현대산업개발,만강건설,2017-03-08 0:00,27473,127.0072591,37.53240086,N,기업그룹,아이파크현대산업개발(HDC)
2377,A10027297,신내대성유니드아파트,중랑구,신내동,아파트,분양,1,133,대성,경춘재건축 조합,2005-05-26 0:00,16602,127.096287,37.60273271,N,,
2378,A10027227,돈암코오롱하늘채아파트,성북구,돈암동,아파트,기타,10,629,돈암정릉구역주택재개발정비사업조합,코오롱건설,2016-12-29 0:00,98373,127.0136836,37.59884593,N,,
2379,A10027090,마포센트럴아이파크,마포구,아현동,아파트,기타,6,497,현대산업개발,아현1-3구역 재개발정비사업조합,2017-11-16 0:00,78227,126.9585597,37.55535394,N,기업그룹,아이파크현대산업개발(HDC)
2380,A12179006,신공덕e-편한세상,마포구,신공덕동,아파트,분양,3,128,(주)삼호,마포신공덕4구역주택재개발조합,2007-10-18 0:00,17043,126.9570666,37.54190834,N,기업그룹,DL건설
2381,A15076701,도림한라,영등포구,도림동,아파트,분양,1,142,한라건설,한라건설,1998-08-27 0:00,17994,126.8971414,37.50775351,N,,
2382,A15076801,금호어울림,영등포구,문래동3가,아파트,분양,3,134,(주)금호산업,(주) 집과사람,2006-09-29 0:00,20507,126.8970491,37.51910762,N,,
2383,A13501008,거평,강남구,논현동,아파트,분양,1,113,거평건설,거평건설,1996-09-03 0:00,8905,127.027679,37.506376,N,,
2384,A10027207,래미안힐스테이트 고덕,강동구,고덕동,아파트,기타,51,3658,"삼성, 현대",고덕시영아파트 주택재건축사업조합,2016-12-29 0:00,673476,127.1509018,37.55912083,Y,기업그룹,삼성물산; 현대건설
2385,A13402004,강동이루미,강동구,천호동,아파트,기타,1,75,,,,0,127.1401439,37.54377159,N,,
2386,A10027073,래미안에스티움,영등포구,신길동,아파트,기타,19,1722,삼성물산주식회사,신길7재정비촉진구역주택재개발사업조함,2017-04-12 0:00,272492,126.9118691,37.50099807,N,기업그룹,삼성물산
2387,A15609008,사당대아2차,동작구,사당동,아파트,분양,1,120,대아아파트,대아아파트,1998-05-30 0:00,16019,126.9678219,37.48738904,N,,
2388,A13528008,대치효성,강남구,대치동,아파트,기타,1,83,,,,0,127.0612091,37.49990577,N,,
2389,A13993002,중계현대2차,노원구,중계동,아파트,분양,2,140,현대건설,현대건설,1993-11-25 0:00,14997,127.0846144,37.64809354,N,기업그룹,현대건설
2390,A10027019,상암DMC엘가,서대문구,남가좌동,주상복합,분양,1,288,모아주택산업(주),스카이원레져,2017-02-08 0:00,13558,126.9178155,37.56989002,N,,
2391,A10027016,방배자이아파트,서초구,방배동,아파트,분양,3,136,LG건설,한국토지신탁,2003-11-01 0:00,39125,126.9989679,37.4859675,N,기업그룹,GS건설
2392,A10026988,트리마제,성동구,성수동1가,아파트,분양,4,688,두산중공업,한양개발주식회사,2017-05-29 0:00,132364,127.0444371,37.53853408,N,기업그룹,두산에너빌리티
2393,A10026946,경희궁자이1단지(임대아파트),종로구,행촌동,아파트,임대,5,496,GS자이,서울주택도시공사(구 SH공사),2017-06-29 0:00,48330,126.964497,37.57223484,N,,
2394,A10026947,꿈의숲롯데캐슬아파트,강북구,미아동,아파트,기타,11,615,롯데건설(주),미아제4구역재개발정비사업조합,2017-02-27 0:00,93239,127.0356136,37.61715924,N,기업그룹,롯데건설
2395,A10026940,경희궁자이4단지주상복합,종로구,교북동,주상복합,분양,3,182,지에스건설,돈의문지역주택조합,2017-06-29 0:00,23557,126.961547,37.5713895,N,기업그룹,GS건설
2396,A10026941,서초푸르지오써밋,서초구,서초동,아파트,기타,7,907,대우건설,서초삼호1차아파트주택재건축정비조합,2017-06-22 0:00,162715,127.0212026,37.50158639,N,기업그룹,대우건설
2397,A10026922,래미안용산아파트,용산구,한강로2가,주상복합,분양,2,195,삼성물산,용산역전면제3구역도시환경정비사업조합,2017-05-31 0:00,60390,126.9666266,37.52881796,N,기업그룹,삼성물산
2398,A10026910,관악우정하이비전아파트 1단지,관악구,신림동,아파트,분양,2,140,우정건설(주),청빛산업개발(주),2004-06-11 0:00,19269,126.928987,37.47142332,N,,
2399,A10026924,대치SK VIEW,강남구,대치동,아파트,분양,4,239,에스케이건설(주),대치국제아파트주택재건축정비사업조합,2017-06-20 0:00,49012,127.0609872,37.49592876,N,기업그룹,SK에코플랜트
2400,A10026900,왕십리 자이 아파트,성동구,하왕십리동,아파트,기타,6,713,GS건설,하왕 제1-5구역 주택재개발정비사업조합,2017-07-28 0:00,99726,127.0246733,37.56152682,N,기업그룹,GS건설
2401,A10026881,서울역센트럴자이아파트,중구,만리동2가,아파트,기타,14,1341,GS건설주식회사,만리제2지구재개발 정비사업주택조합,2017-08-07 0:00,186288,126.9630956,37.55460908,N,기업그룹,GS건설
2402,A10026874,강변에스케이뷰,광진구,구의동,주상복합,분양,2,197,(주)에스케이건설,한국자산신탁(주),2017-07-14 0:00,50015,127.0901599,37.53865498,N,기업그룹,SK에코플랜트
2403,A10026879,마곡13단지 힐스테이트마스터 아파트,강서구,마곡동,아파트,분양,22,1194,현대엔지니어링,코리아신탁,2017-04-10 0:00,191644,126.8178669,37.55691937,N,기업그룹,현대엔지니어링
2404,A10026873,극동강변아파트,동작구,본동,아파트,분양,1,123,극동건설(주),흥국생명보험(주),1992-03-09 0:00,13817,126.951985,37.51164143,N,,
2405,A10026849,묵정아파트,중구,묵정동,아파트,분양,1,122,라이프주택,묵정아파트 주택조합,1981-05-25 0:00,7354,127.0000706,37.56070587,N,,
2406,A10026852,래미안강동팰리스,강동구,천호동,주상복합,분양,3,999,삼성물산,생보부동산신탁,2017-07-31 0:00,171450,127.1314315,37.53725648,N,기업그룹,삼성물산
2407,A10026842,은평지웰테라스,은평구,진관동,연립주택,분양,12,220,(주)한라건설,(주)신영,2017-07-31 0:00,33646,126.9313598,37.64391623,N,,
2408,A10026834,힐스테이트백련산4차,은평구,응암동,아파트,기타,13,963,현대건설,응암1주택재건축정비사업조합,2018-02-19 0:00,147041,126.9221197,37.58942882,N,기업그룹,현대건설
2409,A10026816,아크로타워스퀘어,영등포구,영등포동7가,아파트,기타,7,1221,대림산업,영등포1-4구역도시환경정비사업조합,2017-08-30 0:00,175988,126.9083065,37.52293523,N,기업그룹,DL이앤씨
2410,A10026797,당산롯데캐슬프레스티지 아파트,영등포구,당산동4가,아파트,분양,2,198,롯데건설(주),당산제4구역 주택재개발조합,2017-07-28 0:00,22832,126.9032499,37.52864616,N,기업그룹,롯데건설
2411,A10026792,백운한비치2차,금천구,시흥동,아파트,분양,2,112,백운건설,삼천리연합 지역주택조합,2008-01-15 0:00,13856,126.9093044,37.4535982,N,,
2412,A10026759,용산푸르지오써밋,용산구,한강로2가,주상복합,분양,1,151,대우건설(주),용산역전면제2구역도시환경정비사업조합,2017-08-01 0:00,47211,126.9648918,37.52704117,N,"k-전체세대수, 기업그룹",대우건설
2413,A10026761,H하우스 대림 뉴스테이,영등포구,대림동,아파트,임대,2,293,(주)케이씨씨건설,주식회사에이치티에이치피에프브이,2017-06-27 0:00,20109,126.9034506,37.48609549,N,,
2414,A10026748,옥수파크힐스아파트,성동구,옥수동,아파트,기타,25,1976,대림산업(주),옥수13구역재개발,2016-11-09 0:00,287808,127.012737,37.54781882,N,기업그룹,DL이앤씨
2415,A10026734,송파레미니스아파트,송파구,오금동,아파트,기타,5,575,한신공영(주),서울도시주택공사,2017-11-02 0:00,69081,127.1369225,37.50652261,N,,
2416,A10026719,아스테리움용산,용산구,한강로2가,주상복합,분양,1,128,동부건설,국제빌딩 주변제3구역조합,2012-12-14 0:00,89465,126.96883,37.52738617,N,,
2417,A10026720,래미안 프리미어 팰리스,광진구,자양동,아파트,기타,2,264,삼성물산,-,2017-10-26 0:00,64779,127.0813716,37.538006,N,기업그룹,삼성물산
2418,A10026729,천왕연지마을1단지 아파트,구로구,천왕동,아파트,임대,1,181,대들보건설,서울주택도시공사,2017-08-30 0:00,11249,126.8412553,37.48817847,N,,
2419,A10026710,프라비다2,관악구,봉천동,주상복합,분양,1,208,대호아이피종합건설,대호아이피종합건설,2013-02-27 0:00,10936,126.9504722,37.47969289,N,,
2420,A10026682,위례포레샤인아파트,송파구,장지동,아파트,임대,23,2200,계룡건설,서울주택도시공사,2017-09-28 0:00,261685,127.1341027,37.47653346,N,기업그룹,계룡건설산업
2421,A10026626,금천롯데캐슬골드파크2차,금천구,독산동,주상복합,분양,2,292,롯데건설(주),제이피홀딩스피에프브이,2017-09-28 0:00,29236,126.8943102,37.45826534,N,기업그룹,롯데건설
2422,A10026604,북한산 더샵,서대문구,홍은동,아파트,기타,8,552,포스코건설,홍은12구역주택재개발정비사업조합,2017-12-18 0:00,94686,126.9411725,37.59456536,N,기업그룹,포스코이앤씨
2423,A10026571,꿈의숲코오롱하늘채아파트,성북구,장위동,아파트,기타,5,513,코오롱글로벌(주),장위2구역주택재개발정비사업조합,2017-10-30 0:00,83257,127.0459027,37.62048335,N,,
2424,A13974401,공릉현대,노원구,공릉동,아파트,분양,1,145,고려산업개발,고려산업개발,1999-05-08 0:00,17068,127.0772208,37.62102353,N,,
2425,A10026517,서울역한라비발디센트럴아파트,중구,만리동2가,아파트,분양,4,199,(주)한라건설,만리제1주택재개발 정비사업조합,2018-01-16 0:00,32552,126.9659254,37.55446167,N,,
2426,A10026470,힐스테이트서울숲리버,성동구,금호동4가,아파트,기타,15,606,현대건설,금호20주택재개발조합,2018-02-19 0:00,107557,127.0257657,37.54644924,N,기업그룹,현대건설
2427,A10026469,묵동자이2단지아파트,중랑구,묵동,주상복합,분양,2,274,GS건설(주),(주)부광피앤디,2010-12-14 0:00,58121,127.0775146,37.61381914,N,기업그룹,GS건설
2428,A10026418,e편한세상금호파크힐스,성동구,금호동1가,아파트,기타,17,1467,대림산업,금호제15구역주택재개발정비사업조합,2019-05-09 0:00,195524,127.021504,37.55406542,N,기업그룹,DL이앤씨
2429,A10026414,은평뉴타운솔하임,은평구,진관동,주상복합,분양,3,260,(주)삼전건설,(주)삼전건설,2017-09-28 0:00,22371,126.9175305,37.63923349,N,,
2430,A10026403,고덕숲아이파크아파트,강동구,상일동,아파트,기타,13,687,현대산업개발(주),고덕주공4단지주택재건축정비사업조합,2018-03-08 0:00,114534,127.1647139,37.55319967,N,기업그룹,아이파크현대산업개발(HDC)
2431,A10026362,송파호반베르디움더퍼스트,송파구,오금동,아파트,분양,3,220,(주)호반건설,(주)티에스주택,2018-02-23 0:00,48125,127.142737,37.51346195,N,기업그룹,호반건설
2432,A10026434,서울 오류동 행복주택,구로구,오류동,아파트,임대,4,890,"롯데건설, 금호건설, 계룔건설",lh공사,2018-02-26 0:00,57093,126.8466467,37.49558526,Y,기업그룹,롯데건설; 계룡건설산업
2433,A10026370,e편한세상신촌아파트,서대문구,북아현동,아파트,기타,22,1910,대림산업,북아현1-3 재개발 조합,2018-05-03 0:00,306274,126.9549743,37.55829857,N,기업그룹,DL이앤씨
2434,A10026340,서초롯데캐슬84아파트,서초구,서초동,아파트,분양,2,84,롯데건설주식회사,롯데건설주식회사,2001-02-28 0:00,29554,127.0180279,37.49236238,N,기업그룹,롯데건설
2435,A10026337,래미안서초7차아파트,서초구,서초동,아파트,분양,2,79,삼성물산건설,삼성물산건설,2006-01-27 0:00,21450,127.0177846,37.4922133,N,기업그룹,삼성물산
2436,A10026411,래미안서초에스티지에스아파트,서초구,서초동,아파트,기타,5,593,삼성물산,서초우성2차아파트 주택재건축조합,2018-01-24 0:00,108556,127.027121,37.492859,N,"k-전체세대수, 기업그룹",삼성물산
2437,A10026350,삼성동센트럴아이파크,강남구,삼성동,아파트,기타,4,416,현대산업개발,상아3차아파트주택재건축정비사업조합,2018-03-30 0:00,74102,127.0513217,37.51579097,N,기업그룹,아이파크현대산업개발(HDC)
2438,A10026311,순영웰라이빌아파트,영등포구,영등포동,아파트,분양,2,136,(주)순영종합건설,(주)순영종합건설,2002-07-18 0:00,20225,126.9129531,37.51657277,N,,
2439,A10026299,래미안로이파크아파트,동작구,사당동,아파트,기타,6,668,삼성물산(주),사당1 주택재건축정비사업,2018-12-27 0:00,117328,126.9742217,37.48754348,N,기업그룹,삼성물산
2440,A10026289,공릉2차신도브래뉴아파트,노원구,공릉동,아파트,분양,1,138,(주)신도종합건설,(주)신도종합건설,2002-11-29 0:00,21270,127.0719967,37.62566386,N,,
2441,A10026279,방학금광포란재아파트,도봉구,방학동,아파트,분양,2,105,(주)금광건업,오성연립 재건축주택조합,2005-06-14 0:00,9121,127.0450662,37.6644406,N,,
2442,A10026249,송파레미니스2단지,송파구,오금동,아파트,기타,7,818,"한신공영(주), 한양산업개발(주",서울주택도시공사,2018-06-05 0:00,95868,127.1380513,37.50639812,Y,,
2443,A10026232,래미안미드카운티,동대문구,답십리동,아파트,기타,12,1009,삼성물산(주) 건설부문,답십리제18구역 주택재개발정비사업조합,2019-04-05 0:00,144294,127.0556557,37.57533901,N,기업그룹,삼성물산
2444,A10026227,아크로리버뷰 신반포,서초구,잠원동,아파트,분양,5,595,아크로리버뷰신반포,아크로리버뷰신반포입주자대표회의,2018-06-04 0:00,109026,127.0060521,37.51355463,N,,
2445,A10026207,서울숲리버뷰자이아파트,성동구,행당동,아파트,기타,7,1034,GS건설,행당제6구역주택재개발정비사업조합,2018-06-22 0:00,165016,127.0383228,37.55428543,N,기업그룹,GS건설
2446,A10026197,문래동모아미래도아파트,영등포구,문래동5가,아파트,기타,4,222,미래도건설,미래도건설,2017-11-22 0:00,34969,126.8867198,37.51727072,N,,
2447,A10026195,강변그대가갤럭시아파트,강동구,천호동,아파트,분양,3,134,글로에이(구.임광토건),천호임광주택조합,2009-04-20 0:00,22138,127.1224888,37.54693663,N,,
2448,A10026180,롯데캐슬노블레스,동대문구,전농동,아파트,기타,5,584,롯데건설(주),전농제11구역 주택재개발정비사업조합,2018-06-29 0:00,87778,127.0490516,37.57591885,N,기업그룹,롯데건설
2449,A10026162,상록타워 아파트,광진구,광장동,아파트,분양,1,200,포스코개발,포스코,1997-01-13 0:00,27730,127.1009429,37.5424331,N,,
2450,A10026147,신설동 지웰홈스,동대문구,신설동,주상복합,임대,1,170,신영건설 주식회사,(주)에이알에이신영부동산위탁관리투자회사,2017-11-30 0:00,7270,127,38,N,,
2451,A10026109,창동서울가든아파트,도봉구,창동,아파트,분양,8,160,뉴삼익건설산업,뉴삼익건설산업,1992-08-06 0:00,26749,127.0447323,37.64679606,N,,
2452,A10026104,힐스테이트청계,동대문구,답십리동,아파트,기타,8,764,현대건설,대농.신한주택재건축,2018-11-30 0:00,115465,127.0461942,37.57154173,N,기업그룹,현대건설
2453,A10026053,마포한강 아이파크,마포구,망원동,아파트,분양,6,385,HDC현대산업개발,망원1주택재건축정비사업조합,2019-08-05 0:00,64222,126.9033685,37.55208703,N,기업그룹,아이파크현대산업개발(HDC)
2454,A10026051,반포래미안아이파크,서초구,반포동,아파트,기타,11,829,"삼성물산, 현대산업개발",한양재건축조합,2018-08-31 0:00,159761,127.0125604,37.50092246,Y,기업그룹,삼성물산; 아이파크현대산업개발(HDC)
2455,A10026046,청광플러스원 아파트,중랑구,중화동,아파트,기타,2,109,청광종합건설(주),청풍연립재건축조합,2007-07-23 0:00,14028,127.0801746,37.60255682,N,,
2456,A10026039,천왕이펜하우스8단지,구로구,천왕동,아파트,임대,4,298,동우건설(주),서울주택도시공사,2018-09-17 0:00,22558,126.842317,37.47600377,N,,
2457,A10026036,마포자이 더 센트리지 아파트,마포구,염리동,아파트,기타,12,927,GS건설,염리2구역 주택재개발정비사업 조합,2018-09-28 0:00,148606,126.9466125,37.55027258,N,기업그룹,GS건설
2458,A10026023,목동롯데캐슬 마에스트로,양천구,목동,아파트,분양,6,410,롯데건설(주),목제1주택건축정비사업조합,2019-04-23 0:00,62710,126.8654586,37.54558678,N,기업그룹,롯데건설
2459,A10026024,독산라이프아파트,금천구,독산동,아파트,분양,1,109,(주)라이프종합건설,독산지역주택조합,1996-03-13 0:00,12050,126.89217,37.46109997,N,,
2460,A10025985,래미안 구의 파크스위트 아파트,광진구,구의동,아파트,분양,12,854,삼성물산(주),구의1주택재건축정비사업조합,2018-09-27 0:00,137745,127.0906449,37.54504449,N,기업그룹,삼성물산
2461,A10026004,신반포자이아파트,서초구,잠원동,아파트,기타,7,607,GS건설,반포한양아파트 주택재건축정비사업조합,2018-07-27 0:00,111291,127.0082901,37.51087852,N,기업그룹,GS건설
2462,A10026015,반포써밋,서초구,반포동,아파트,기타,8,764,(주)대우건설,삼호가든4차아파트 주택재건축정비사업조합,2018-09-21 0:00,132136,127.0176792,37.50131133,N,기업그룹,대우건설
2463,A10025976,DMC센트럴아이파크,서대문구,남가좌동,아파트,기타,13,1061,HDC현대산업개발,남가좌1주택재건축정비사업 조합,2018-12-31 0:00,111934,126.9202967,37.58061874,N,기업그룹,아이파크현대산업개발(HDC)
2464,A10025946,금천롯데캐슬골드파크3차아파트,금천구,독산동,주상복합,분양,6,1236,롯데건설,(주)제이피홀딩스피에프브이,2018-10-30 0:00,171463,126.8966925,37.45997216,N,기업그룹,롯데건설
2465,A10025927,방배아트자이,서초구,방배동,아파트,기타,5,353,GS건설,방배3구역주택재건축정비사업조합,2018-10-29 0:00,68443,127.0024209,37.47933498,N,기업그룹,GS건설
2466,A10025898,용산kcc스위첸,용산구,효창동,아파트,분양,3,199,KCC건설,효창제4구역주택재개?정비조합,2018-09-21 0:00,31176,126.9596749,37.54031273,N,,
2467,A10025855,e편한세상화랑대아파트,중랑구,묵동,주상복합,기타,12,719,(주)대림산업,묵1동재건축사업정비조합,2017-12-06 0:00,116254,127.0818336,37.61718227,N,기업그룹,DL이앤씨
2468,A10025858,항동하버라인8단지,구로구,항동,아파트,임대,5,384,(주)대보건설,서울주택도시공사,2018-10-30 0:00,43196,126.8186866,37.47563903,N,,
2469,A10025867,흑석롯데캐슬에듀포레,동작구,흑석동,아파트,기타,7,545,롯데건설(주),흑석8재정비촉진구역주택재개발정비사업조합,2018-11-29 0:00,84582,126.9603577,37.5041889,N,기업그룹,롯데건설
2470,A10025850,헬리오시티아파트,송파구,가락동,아파트,기타,84,9510,"현대건설,삼성물산,현대산업개발",가락시영아파트주택재건축정비사업조합,2018-12-28 0:00,971190,127.1024974,37.49760987,Y,기업그룹,삼성물산; 현대건설; 아이파크현대산업개발(HDC)
2471,A10025846,래미안베라힐즈,은평구,녹번동,아파트,기타,20,1305,삼성물산,녹번1-2 주택재개발정비사업,2018-12-27 0:00,187941,126.9359704,37.602836,N,"k-전체세대수, 기업그룹",삼성물산
2472,A10025836,힐스테이트녹번,은평구,녹번동,아파트,기타,13,952,현대힐스테이트,녹번제1구역제1지구 주택재개발정비사업조합,2018-10-10 0:00,128603,126.9358637,37.60197106,N,k-전체세대수,
2473,A10025822,연희파크푸르지오 아파트,서대문구,연희동,아파트,기타,5,396,(주)대우건설,연희제1주택재건축정비조합,2018-12-21 0:00,64034,126.9274723,37.57512476,N,기업그룹,대우건설
2474,A10025823,래미안개포루체하임,강남구,일원동,아파트,기타,12,850,삼성물산,현대아파트 재건축 조합,2018-11-21 0:00,154730,127.0788714,37.48949947,N,기업그룹,삼성물산
2475,A10025754,답십리파크자이,동대문구,답십리동,아파트,분양,9,802,gs건설,답십리제14구역 주택재개발 정비사업조합,2019-01-22 0:00,98512,127.0584009,37.56778387,N,기업그룹,GS건설
2476,A10025765,은평 스카이뷰 자이,은평구,진관동,주상복합,분양,3,361,GS 건설,GS 건설,2019-01-30 0:00,60953,126.9175985,37.63528526,N,기업그룹,GS건설
2477,A10025767,홍제센트럴아이파크,서대문구,홍제동,아파트,기타,14,906,현대산업개발,홍제 제2구역주택재개발정비사업조합,2020-06-22 0:00,135060,126.9444662,37.58463448,N,"k-전체세대수, 기업그룹",아이파크현대산업개발(HDC)
2478,A10025755,청담신동아아파트,강남구,청담동,아파트,분양,1,106,신동아건설,신동아건설,1997-02-20 0:00,13568,127.0586593,37.5230058,N,,
2479,A10025753,길음뉴타운11단지 롯데캐슬골든힐스아파트,성북구,길음동,아파트,기타,5,399,롯데건설주식회사,길음3재정비촉진구역주택재건축정비사업조합,2019-05-07 0:00,65772,127.0161627,37.60800846,N,기업그룹,롯데건설
2480,A10025768,이편한세상 상도노빌리티,동작구,상도동,아파트,기타,8,893,대림산업,상도노빌리티재건축조합,2018-12-03 0:00,141263,126.9467911,37.50499309,N,기업그룹,DL이앤씨
2481,A10025770,아크로 리버하임,동작구,흑석동,아파트,기타,20,1073,대림건설(주),흑석7재정비촉진구역주택재개발정비사업조합,2019-12-24 0:00,109104,126.9623507,37.5096558,N,기업그룹,DL건설
2482,A10025729,목동파크자이아파트,양천구,신정동,아파트,분양,8,356,GS건설,(주)엠피씨라이프,2019-02-07 0:00,57998,126.8684736,37.50852081,N,기업그룹,GS건설
2483,A10025710,경희궁 롯데캐슬아파트,종로구,무악동,아파트,분양,4,195,롯데건설(주),무악제2구역주택재개발정비사업조합,2019-01-22 0:00,33904,126.9586294,37.57436687,N,"k-전체세대수, 기업그룹",롯데건설
2484,A10025683,백련산파크자이아파트,은평구,응암동,아파트,기타,9,678,GS건설,응암3주택재건축정비사업조합,2021-04-12 0:00,96903,126.9215014,37.59279985,N,기업그룹,GS건설
2485,A10025677,은뜨락행복주택,은평구,진관동,아파트,임대,3,350,금호산업(주),서울주택도시공사,2019-02-08 0:00,30064,126.9199162,37.63017615,N,,
2486,A10025672,마포 보성 아파트,마포구,마포동,아파트,분양,2,133,(주) 보성,(주) 보성,1996-11-28 0:00,30549,126.9463982,37.53605082,N,,
2487,A10025675,래미안블레스티지,강남구,개포동,아파트,기타,23,1957,삼성물산,개포주공2단지주택재건축정비사업조합,2019-02-26 0:00,362895,127.0641506,37.48004896,N,기업그룹,삼성물산
2488,A10025659,응암역효성해링턴플레이스,은평구,신사동,아파트,기타,6,380,효성중공업,신사동19번지 주택재건축정비사업조합,2018-07-30 0:00,52695,126.9092382,37.59835762,N,"k-전체세대수, 기업그룹",효성중공업
2489,A10025657,송파 두산위브아파트,송파구,오금동,아파트,분양,2,269,두산건설,천강개발,2019-02-27 0:00,35328,127.1413515,37.50017063,N,,
2490,A10025649,신정이든채,양천구,신정동,아파트,임대,4,499,금호산업(주),(주)서울리츠임대,2019-02-22 0:00,37895,126.8337341,37.5130494,N,,
2491,A10025638,래미안길음센터피스,성북구,길음동,아파트,기타,24,2352,삼성건설,길음2재정비촉진구역주택재개발정비사업조합,2019-11-29 0:00,312313,127.0279707,37.60975797,N,기업그룹,삼성물산
2492,A10025633,마포 웨스트리버 태영데시앙아파트,마포구,창전동,아파트,기타,4,276,태영건설,창전1구역 주택재건축정비사업조합,2019-05-24 0:00,43400,126.931163,37.550355,N,,
2493,A10025632,송파해모로아파트,송파구,풍납동,,분양,3,114,(주)한진중공업,동산대진연립주택재건축정비사업조합,2006-06-29 0:00,18185,127.117008,37.52965343,N,,
2494,A10025614,항동하버라인3단지,구로구,항동,아파트,기타,12,1170,한신공영,SH주택공사,2019-02-25 0:00,158337,126.8244451,37.47890548,N,,
2495,A10025600,e편한세상 염창,강서구,염창동,아파트,기타,6,499,대림산업,염창1주택 재건축조합,2019-03-08 0:00,71580,126.8702653,37.54859928,N,기업그룹,DL이앤씨
2496,A10025564,항동 하버라인9단지,구로구,항동,아파트,임대,3,298,동부건설,서울주택도시공사,2019-02-22 0:00,24549,127,37,N,,
2497,A10025562,신길센트럴아이파크,영등포구,신길동,아파트,기타,6,612,HDC현대산업개발,신길14 재정비촉진구역 주택재개발 정비사업조합,2019-02-28 0:00,84690,126.9037603,37.50411923,N,기업그룹,아이파크현대산업개발(HDC)
2498,A10025550,두산힐스빌아파트,서초구,반포동,아파트,분양,1,76,두산건설,두산건설,2001-08-03 0:00,9126,127.009974,37.50135218,N,,
2499,A10025533,용산롯데캐슬센터포레아파트,용산구,효창동,아파트,기타,7,478,롯데건설,효창5구역 주택재개발정비사업조합,2019-04-29 0:00,72234,126.964098,37.53901892,N,기업그룹,롯데건설
2500,A10025527,하버라인10단지,구로구,항동,아파트,임대,3,297,동부건설,서울도시주택공사,2019-02-22 0:00,25174,127,37,N,,
2501,A10025504,숲속마을 신동아파밀리에 아파트,동작구,신대방동,아파트,분양,2,105,신동아건설,신동아건설,2005-06-24 0:00,18487,126.9148662,37.49197391,N,,
2502,A10025461,래미안장위포레카운티아파트,성북구,장위동,아파트,기타,10,939,삼성물산(주)건설부문,장위1구역주택재개발정비사업조합,2021-05-31 0:00,133960,127.0522663,37.61790892,N,기업그룹,삼성물산
2503,A10025456,신당 파인힐 하나유보라,중구,신당동,주상복합,임대,6,718,반도건설,(주)하나스테이제1호위탁관리부동산투자회사,2019-06-07 0:00,66745,127,38,N,,
2504,A10025428,e편한세상서울대입구 3단지,관악구,봉천동,아파트,임대,2,206,대림산업,봉천12-2구역 주택재개발정비사업조함,2019-06-25 0:00,17046,126.9404289,37.47766716,N,기업그룹,DL이앤씨
2505,A10025422,이편한세상 서울대입구2단지,관악구,봉천동,아파트,기타,9,565,대림산업(주),봉천제12-2구역 주택재개발정비사업조합,2019-06-25 0:00,89187,127,37,N,기업그룹,DL이앤씨
2506,A10025423,e편한세상서울대입구1단지아파트,관악구,봉천동,아파트,기타,10,711,대림산업(주),봉천제12-2구역 주택재개발정비사업조합,2019-06-25 0:00,111620,126.9438826,37.47869208,N,기업그룹,DL이앤씨
2507,A10025418,래미안 신반포 리오센트,서초구,잠원동,아파트,기타,6,475,삼성물산,신반포18차24차주택재건축정비사업조합,2019-06-21 0:00,106931,127.0140536,37.51794985,N,기업그룹,삼성물산
2508,A10025415,래미안솔베뉴,강동구,명일동,아파트,기타,13,1900,삼성물산(주),삼익그린맨션아파트 주택재건축정비사업조합,2019-06-24 0:00,256092,127.1446217,37.55294902,N,기업그룹,삼성물산
2509,A10025410,휘경SK뷰아파트,동대문구,휘경동,아파트,기타,8,900,SK건설,휘경2 재정비촉진구역 주택재개발 사업조합,2019-06-18 0:00,133637,127.0649569,37.59416023,N,기업그룹,SK에코플랜트
2510,A10025404,아스하임4차,광진구,화양동,아파트,분양,1,162,원플러스종합건설,원플러스종합건설,2018-11-16 0:00,8134,127.0720839,37.54746452,N,,
2511,A10025397,신내우디안4단지 아파트,중랑구,신내동,아파트,임대,3,289,한일건설,서울주택도시공사,2018-09-14 0:00,17069,127.111452,37.61675429,N,,
2512,A10025387,항동하버라인2단지,구로구,항동,아파트,기타,6,646,계룡건설,서울주택도시공사,2019-07-15 0:00,91223,126.8221425,37.48172806,N,기업그룹,계룡건설산업
2513,A10025386,항동하버라인 11단지 아파트,구로구,항동,아파트,임대,3,276,서울주택도시공사,한신공영,2019-02-22 0:00,21828,126.8223336,37.47804112,N,,
2514,A10025372,신당KCC스위첸아파트,중구,신당동,아파트,분양,3,176,kcc건설,신당제11구역주택재개발정비사업주합,2019-06-05 0:00,24241,127.02439,37.56297183,N,,
2515,A10025375,지웰홈스 서초,서초구,서초동,주상복합,임대,1,154,신영건설(주),(주)에이알에이신영제2호위탁관리부동산투자회사,2019-05-21 0:00,8138,127,37,N,,
2516,A10025310,백련산 에스케이뷰 아이파크,은평구,응암동,아파트,기타,11,1305,"sk view, 현대산업개발",응암제10구역 주택재개발정비사업조합,2020-05-21 0:00,173574,126.9194381,37.59521591,Y,기업그룹,SK에코플랜트; 아이파크현대산업개발(HDC)
2517,A10025302,항동하버라인4단지아파트,구로구,항동,아파트,기타,4,297,동부건설,SH공사,2019-05-31 0:00,43054,126.8268613,37.48126557,N,,
2518,A10025283,래미안아트리치,성북구,석관동,아파트,기타,14,1091,삼성물산(주),석관2주택재개발조합,2019-02-28 0:00,167606,127.0622598,37.60652738,N,기업그룹,삼성물산
2519,A10025280,청담아이파크아파트,강남구,청담동,아파트,분양,1,108,현대산업개발,현대산업개발,1992-10-28 0:00,20808,127.0554889,37.52507687,N,기업그룹,아이파크현대산업개발(HDC)
2520,A10025263,고덕 그라시움 아파트,강동구,고덕동,아파트,기타,53,4932,"대우건설, SK건설, 현대건설",고덕주공2단지 주택재건축,2019-09-27 0:00,811620,127.1591762,37.55617968,Y,기업그룹,현대건설; 대우건설; SK에코플랜트
2521,A10025259,석계역 한일노벨리아시티,성북구,장위동,주상복합,분양,1,299,한일개발,아이에스디앤씨,2019-09-03 0:00,8902,127.0608028,37.61365478,N,,
2522,A10025245,래미안퍼스트하이,성북구,장위동,아파트,기타,16,1562,삼성물산,장위5구역주택재개발정비사업조합,2020-11-03 0:00,234586,127.0504051,37.62051339,N,기업그룹,삼성물산
2523,A10025241,꿈의숲 해링턴 플레이스 아파트,강북구,미아동,아파트,기타,17,1028,진흥기업(주),미아제9-1구역 주택재건축정비사업조합,2019-09-27 0:00,163778,127.033597,37.62005449,N,,
2524,A10025227,동대문더퍼스트데시앙아파트,동대문구,장안동,아파트,분양,8,469,태영건설,장안동주택재건축정비조합,2019-10-22 0:00,70872,127.0703654,37.57506694,N,,
2525,A10025223,충무로엘크루메트로시티2,중구,충무로5가,주상복합,분양,1,171,대우조선해양건설,대우조선해양건설,2016-06-10 0:00,22952,127.0000226,37.56339027,N,,
2526,A10025203,디에이치 아너힐즈,강남구,개포동,아파트,기타,23,1320,현대건설,개포주공3단지주택재건축정비사업조합,2019-08-29 0:00,233597,127.0664812,37.4852472,N,기업그룹,현대건설
2527,A10025204,수서하니움,강남구,수서동,아파트,임대,1,73,선석건설(주) 외 1,에스에이치공사,2016-01-15 0:00,6019,127.1047706,37.4869866,Y,,
2528,A10025192,나인원 한남,용산구,한남동,아파트,분양,9,341,(주)롯데건설,디에스한남(주),2019-11-13 0:00,206932,127.003476,37.536438,N,기업그룹,롯데건설
2529,A77777777,S-아파트,강남구,역삼동,아파트,분양,35,350,하이퍼테크,하이퍼테크,2014-12-23 0:00,2456978,127.0566984,37.5743808,N,,
2530,A10025193,항동 한양수자인 에듀힐즈,구로구,항동,아파트,분양,9,634,한양건설(주),국제자산신탁(주),2019-09-27 0:00,99766,126.8232922,37.4772261,N,,
2531,A10025185,잠실올림픽공원아이파크,송파구,풍납동,아파트,분양,7,697,현대산업개발,풍남우성아파트주택재건축정비사업조합,2019-11-14 0:00,113285,127.1143162,37.5255442,N,기업그룹,아이파크현대산업개발(HDC)
2532,A10025174,힐스테이트강동리버뷰,강동구,암사동,주상복합,기타,5,460,현대엔지니어링,한국자산신탁,2019-11-12 0:00,47480,127.1230267,37.5496106,N,기업그룹,현대엔지니어링
2533,A10025166,북한산 두산 위브,서대문구,홍은동,아파트,기타,11,497,두산건설,홍은 제 14구역 주택재개발정비사업조합,2020-07-21 0:00,72972,126.945723,37.598029,N,,
2534,A10025159,한양수자인사가정파크아파트,중랑구,면목동,아파트,기타,8,497,(주)한양,면목1주택재건축정비사업조합,2019-11-27 0:00,73098,127.093493,37.579904,N,,
2535,A10025137,신내글로리움아파트,중랑구,신내동,아파트,임대,1,229,(주)옥토,서울주택도시공사,2019-10-01 0:00,20760,127.0935671,37.6169184,N,,
2536,A10025133,노원 센트럴푸르지오,노원구,상계동,아파트,기타,7,810,상계4구역주택재개발정비사업조합,대우건설,2021-02-22 0:00,106862,127.074769,37.665157,N,,
2537,A10025130,DMC에코자이,서대문구,남가좌동,아파트,기타,11,1047,GS건설,가재울뉴타운6구역주택재개발정비사업조합,2019-12-27 0:00,163483,126.918137,37.576911,N,기업그룹,GS건설
2538,A10025122,지밸리소홈,영등포구,대림동,도시형 생활주택(주상복합),분양,1,299,신세계건설,한일이앤에스,2018-10-30 0:00,17462,127,37,N,,
2539,A10025115,항동중흥S클래스베르데카운티,구로구,항동,아파트,분양,6,419,중흥건설(주),중흥건설(주),2019-12-06 0:00,80444,126.8226571,37.4817659,N,,
2540,A10025116,e편한세상독산더타워아파트,금천구,독산동,주상복합,분양,2,432,대림산업,국제자산신탁(주),2019-11-28 0:00,59623,126.896182,37.465826,N,기업그룹,DL이앤씨
2541,A10025112,고덕롯데캐슬베네루체,강동구,상일동,아파트,분양,20,1859,롯데건설,고덕7단지 주택재건축정비사업조합,2019-12-30 0:00,324728,127.167612,37.549416,N,기업그룹,롯데건설
2542,A10025104,고덕센트럴 아이파크,강동구,상일동,아파트,기타,19,1745,현대산업개발,고덕주공5단지 재건축조합,2019-12-30 0:00,287872,127.1669237,37.5522344,N,기업그룹,아이파크현대산업개발(HDC)
2543,A10025097,월계센트럴아이파크아파트,노원구,월계동,아파트,기타,7,859,현대산업개발,인덕마을주택재건축정비사업조합,2020-01-30 0:00,134403,127.057208,37.630376,N,기업그룹,아이파크현대산업개발(HDC)
2544,A10025092,e편한세상서울대입구아파트,관악구,봉천동,아파트,기타,19,1276,대림산업,봉천제12-2구역 주택재개발정비사업조합,2019-06-25 0:00,200807,126.943451,37.47799,N,기업그룹,DL이앤씨
2545,A10025070,보라매 sk뷰,영등포구,신길동,아파트,기타,18,1546,sk건설,신길5재정비촉진구역 주택재개발정비사업조합,2020-01-29 0:00,232142,126.9151097,37.5011629,N,기업그룹,SK에코플랜트
2546,A10025034,오목교벽산블루밍아파트,영등포구,양평동2가,아파트,기타,1,114,,,1996-12-07 0:00,0,126.882137,37.523073,N,,
2547,A10025024,신길센트럴자이,영등포구,신길동,아파트,기타,12,1008,GS건설,신길12재정비촉진구역 주택재개발정비사업조합,2021-04-13 0:00,144871,126.907757,37.503061,N,기업그룹,GS건설
2548,A10025015,휘경 해모로 프레스티지 아파트,동대문구,휘경동,아파트,기타,6,299,한진중공업(주),휘경제1정비촉진구역 주택재개발정비사업조합,2021-03-15 0:00,40857,127.062659,37.591618,N,,
2549,A10025018,응암SH빌아파트,은평구,응암동,아파트,임대,1,136,동산건설,서울주택도시공,2008-07-17 0:00,9920,126.9266196,37.5980126,N,,
2550,A10025013,사당롯데캐슬골든포레,동작구,사당동,아파트,분양,17,959,롯데건설,사당2주택 재건축정비사업조합,2021-07-02 0:00,160369,126.962381,37.492635,N,기업그룹,롯데건설
2551,A10025010,고덕 아르테온 아파트,강동구,상일동,아파트,기타,41,4066,현대건설.대림산업,고덕3단지아파트주택재건축정비사업조합,2020-02-26 0:00,671682,127.1685346,37.5550952,Y,기업그룹,현대건설; DL이앤씨
2552,A10025003,마포그랑자이아파트,마포구,대흥동,아파트,기타,18,1248,GS건설,대흥2구역 주택재개발정비사업조합,2020-02-21 0:00,177073,126.94451,37.55557,N,기업그룹,GS건설
2553,A10024974,마포 아이파크 포레 아파트,마포구,신수동,아파트,기타,7,1015,현대산업개발,신수1주택재건축정비사업조합,2019-08-29 0:00,167122,126.934264,37.551036,N,기업그룹,아이파크현대산업개발(HDC)
2554,A10024947,백련산 해모로 아파트,은평구,응암동,아파트,기타,9,760,한진중공업(주),응암제11구역 주택재개발정비사업조합,2020-06-18 0:00,112122,126.92186,37.596311,N,,
2555,A10024938,래미안루센티아 아파트,서대문구,남가좌동,아파트,기타,11,997,삼성물산(주),가재울뉴타운5구역 주택재개발 정비사업조합,2020-04-23 0:00,158126,126.9162819,37.5755277,N,기업그룹,삼성물산
2556,A10024932,e편한세상 강동에코포레 아파트,강동구,길동,아파트,기타,6,366,고려개발(주),길동신동아3차아파트 주택재건축조합,2020-04-14 0:00,53691,127.148197,37.541198,N,,
2557,A10024927,구로항동제일풍경채포레스트,구로구,항동,아파트,분양,4,345,제일건설(주),제일건설(주),2020-02-27 0:00,54257,126.8158201,37.4759387,N,기업그룹,제일건설
2558,A10024925,문래롯데캐슬아파트,영등포구,문래동6가,아파트,임대,5,499,롯데건설(주),롯데푸드(주),2020-03-24 0:00,65472,127,38,N,"좌표X, 좌표Y, 기업그룹",롯데건설
2559,A10024913,반포센트럴자이아파트,서초구,잠원동,아파트,기타,7,757,GS건설,신반포6차 재건축조합,2020-04-28 0:00,142558,127.001701,37.507069,N,기업그룹,GS건설
2560,A10024894,이편한세상서울대입구2차(5단지),관악구,봉천동,아파트,기타,10,519,삼호건설,봉천제12의1구역주택재개발조합,2020-04-29 0:00,81592,126.942051,37.478089,N,기업그룹,DL건설
2561,A10024891,서교동 효성해링턴타워,마포구,서교동,아파트,임대,1,913,효성중공업,SH/멀티에셋,2020-04-23 0:00,60483,126.9167103,37.5507398,N,기업그룹,효성중공업
2562,A10024886,용답동힐데스하임 청년주택,성동구,용답동,주상복합,임대,1,170,원건설,u-삼진랜드,2020-03-02 0:00,6430,127,38,N,,
2563,A10024872,목동 센트럴 아이파크위브 아파트,양천구,신월동,아파트,기타,35,3045,"HDC현대산업개발, 두산건설(주)",조합,2020-05-28 0:00,431150,126.843516,37.516804,Y,기업그룹,아이파크현대산업개발(HDC)
2564,A10024849,구로항동우남퍼스트빌,구로구,항동,아파트,분양,5,337,우남건설,우남건설,2020-06-03 0:00,57051,126.820681,37.4773,N,,
2565,A10024831,녹번역e편한세상캐슬,은평구,응암동,아파트,분양,32,2569,"대림산업, 롯데건설",응암제2구역주택재개발조합,2021-05-27 0:00,368169,126.932044,37.599269,Y,기업그룹,DL이앤씨; 롯데건설
2566,A10024827,쌍문e-편한세상아파트,도봉구,쌍문동,아파트,분양,2,141,대림건설,미화레미콘(주)   (주)삼화,2007-04-26 0:00,15367,127.027137,37.649907,N,기업그룹,DL건설
2567,A10024822,송학휴스테이아파트,도봉구,방학동,아파트,분양,3,134,(주)에스에이치건설,성삼연립주택조합,2016-12-01 0:00,11561,127.036102,37.667052,N,,
2568,A10024828,DMC롯데캐슬더퍼스트,은평구,수색동,아파트,기타,15,1192,롯데건설,수색4재정비촉진구역주택재개발정비사업조합,2021-12-09 0:00,178409,126.891951,37.584794,N,기업그룹,롯데건설
2569,A10024823,목동금호타운아파트,양천구,목동,아파트,분양,1,103,금호건설(주),목단 재건축 조합,1995-11-21 0:00,12681,126.867077,37.535931,N,,
2570,A10024829,대림 우성2차,영등포구,대림동,아파트,분양,1,120,우성건설(주),우성건설(주),1992-11-28 0:00,14183,126.89981,37.495928,N,,
2571,A10024820,현대까르띠에710아파트,강남구,역삼동,아파트,분양,3,137,현대건설,현대건설,2001-11-09 0:00,39097,127.044591,37.50172,N,기업그룹,현대건설
2572,A10024819,삼성동한일아파트,강남구,삼성동,아파트,분양,1,127,***,***,2001-12-27 0:00,19450,127.049817,37.514107,N,,
2573,A10024821,대치롯데캐슬아파트,강남구,대치동,아파트,분양,3,142,주)롯데건설,대치동 동아2차아파트 재건축조합,2002-08-29 0:00,28178,127.056706,37.505115,N,기업그룹,롯데건설
2574,A10024811,남해오네뜨아파트,동작구,사당동,아파트,분양,1,131,남해건설,남해건설,2002-12-30 0:00,16926,126.965263,37.48705,N,,
2575,A10024812,월계우남아파트,노원구,월계동,아파트,분양,2,138,우남건설,우남건설,2001-12-04 0:00,20568,127.06754,37.61582,N,,
2576,A10024813,롯데캐슬노블,강남구,역삼동,아파트,분양,2,117,롯데건설,롯데건설,2007-02-26 0:00,37453,127.035424,37.492491,N,기업그룹,롯데건설
2577,A10024815,롯데캐슬리베아파트,강남구,대치동,아파트,분양,2,144,롯데건설,롯데건설,2008-02-22 0:00,29743,127.053809,37.496298,N,기업그룹,롯데건설
2578,A10024814,로데오현대아파트,강남구,신사동,주상복합,분양,1,139,고려산업개발(주),신사동 한영아파트 1지구 재건축조합,1998-11-16 0:00,23950,127.0373,37.52667,N,,
2579,A10024801,황학코아루,중구,황학동,주상복합,분양,3,112,우남건설,한국토지신탁,2010-10-29 0:00,24468,127.022403,37.566612,N,,
2580,A10024799,대치1차현대아파트,강남구,대치동,아파트,분양,1,120,현대산업개발,현대산업개발,1990-04-19 0:00,13420,127.0651317,37.4997456,N,기업그룹,아이파크현대산업개발(HDC)
2581,A10024798,상일우성타운,강동구,상일동,연립주택,분양,9,105,우성건설,우성건설,1989-05-04 0:00,16173,127.159188,37.546536,N,,
2582,A10024789,당산센트럴아이파크,영등포구,당산동5가,아파트,기타,7,802,현대산업개발,상아현대주택재건축정비사업조합,2020-04-28 0:00,121600,126.9027572,37.5299889,N,기업그룹,아이파크현대산업개발(HDC)
2583,A10024793,매봉삼성아파트,강남구,도곡동,아파트,분양,1,132,삼성중공업,도곡연합주택조합,1999-01-06 0:00,14943,127.04872,37.489193,N,,
2584,A10024787,이편한세상 송파파크센트럴,송파구,거여동,아파트,기타,12,1199,대림산업(주),거여2재정비촉진구역 제2지구 주택재개발정비사업조합,2021-05-17 0:00,180054,127.150756,37.493915,N,기업그룹,DL이앤씨
2585,A10024780,금강주택,종로구,평창동,연립주택,분양,6,168,확인 안됨,확인안됨,1992-05-19 0:00,15294,126.9689263,37.6082039,N,,
2586,A10024777,상도동 롯데캐슬 비엔,동작구,상도동,아파트,분양,4,141,롯데건설,약수아파트 재건축 조합,2010-12-30 0:00,26308,126.943431,37.496497,N,기업그룹,롯데건설
2587,A10024770,상계 대창센시티,노원구,상계동,아파트,분양,1,117,대창기업(주),대창기업(주),2002-07-30 0:00,16640,127.051265,37.6714122,N,,
2588,A10024778,상계중앙하이츠아파트,노원구,상계동,,분양,1,142,중앙건설(주),중앙건설(주),1996-10-12 0:00,15840,127.051626,37.6722176,N,,
2589,A10024774,해주드림빌아파트,은평구,녹번동,아파트,분양,2,111,해주개발주식회사,해주개발주식회사,2001-11-14 0:00,20769,126.92309,37.60383,N,,
2590,A10024768,아임2030(청년주택),강서구,등촌동,주상복합,임대,1,285,(주)대명이십일,대호주택건설,2020-05-01 0:00,10371,126.8646206,37.5516066,N,,
2591,A10024756,순화동포스코더샵,중구,순화동,주상복합,분양,2,137,포스코건설,정은스카이,2007-05-25 0:00,21019,126.971987,37.559937,N,기업그룹,포스코이앤씨
2592,A10024752,신한토탈아파트,동작구,대방동,아파트,분양,1,134,(주) 신한건설,(주)신한건설,1997-11-17 0:00,15117,126.93323,37.51196,N,,
2593,A10024751,광장자이아파트,광진구,광장동,아파트,분양,2,122,GS건설,GS건설,2008-12-02 0:00,34227,127.095002,37.542673,N,기업그룹,GS건설
2594,A10024749,신림2차금호타운,관악구,신림동,아파트,분양,1,126,금호건설,조합,1998-06-01 0:00,12765,126.944463,37.468169,N,,
2595,A10024741,사가정 센트럴 아이파크 아파트,중랑구,면목동,아파트,기타,11,1505,현대산업개발,면목3주택 재건축정비사업조합,2020-07-30 0:00,244759,127.081924,37.582679,N,기업그룹,아이파크현대산업개발(HDC)
2596,A10024745,개봉역 센트레빌레우스,구로구,개봉동,아파트,임대,8,1089,"범양건영, 동부건설",(주)서울개봉뉴스테이위탁관리부동산투자회사,2020-07-20 0:00,163757,127,37,Y,,
2597,A10024733,현진에버빌아파트,동작구,신대방동,아파트,분양,1,135,(주)현진종합건설,(주)현진종합건설,2003-10-24 0:00,16213,126.907035,37.485921,N,,
2598,A10024725,e편한세상 영등포 아델포레,영등포구,대림동,아파트,기타,13,859,대림산업(주),대림3구역재정비조합,2020-07-28 0:00,134427,126.906944,37.494512,N,기업그룹,DL이앤씨
2599,A10024719,힐스테이트신촌,서대문구,북아현동,아파트,기타,15,1252,현대건설주식회사,북아현1-1재개발주택조합,2020-08-04 0:00,184229,126.951063,37.562291,N,기업그룹,현대건설
2600,A10024703,면목 라온 프라이빗 아파트,중랑구,면목동,아파트,기타,4,453,라온건설(주),면목5주택 재건축정비사업조합,2020-06-30 0:00,63364,127.078897,37.58231,N,,
2601,A10024702,장위우방아파트,성북구,장위동,아파트,분양,1,147,(주)우방,(주)우방,2001-12-27 0:00,19633,127.054781,37.610125,N,,
2602,A10024691,용산센트럴파크,용산구,한강로3가,주상복합,기타,5,1334,효성,국제빌딩 주변 제4구역 도시환경 정비사업조합,2020-08-20 0:00,364263,126.967663,37.526093,N,기업그룹,효성중공업
2603,A10024692,세한숲속마을아파트,서대문구,홍은동,아파트,분양,1,121,건영,세한종합건설,2002-01-01 0:00,19552,126.9370735,37.5964265,N,,
2604,A10024669,동익빌라,종로구,구기동,연립주택,분양,9,123,(주)동익건설,(주)동익건설,1996-11-07 0:00,17918,126.958162,37.604131,N,,
2605,A10024667,구의세양아파트,광진구,구의동,아파트,분양,2,130,(주)세양건설,(주)세양건설,2002-01-23 0:00,19248,127.094011,37.537557,N,,
2606,A10024666,서희스타힐스,관악구,봉천동,주상복합,분양,1,142,주식회사 서희건설,봉천신시장재개발정비사업조합,2015-09-10 0:00,33910,126.959534,37.488633,N,기업그룹,서희건설
2607,A10024642,사당진흥아파트,동작구,사당동,아파트,분양,1,140,성동종합건설(주),성동종합건설(주),2004-12-29 0:00,21137,126.96905,37.4804494,N,,
2608,A10024638,관악월드메르디앙아파트,관악구,봉천동,아파트,분양,2,118,월드건설(주),미주연립재건축조합,2005-12-02 0:00,12369,126.959046,37.483625,N,,
2609,A10024640,청담2차e편한세상아파트,강남구,청담동,아파트,분양,3,142,대림산업,대림산업,2006-04-27 0:00,23220,127.045392,37.521414,N,기업그룹,DL이앤씨
2610,A10024636,세양청마루,노원구,월계동,아파트,분양,1,115,세양건설,..,2005-10-27 0:00,15522,127.060832,37.620752,N,,
2611,A10024634,신림서초아파트,관악구,신림동,,분양,1,109,서초건설,서초건설,2003-09-02 0:00,13158,126.93199,37.463651,N,,
2612,A10024626,공덕SK리더스뷰 2단지,마포구,공덕동,주상복합,기타,2,166,SK건설,마포로6 도시환경정비사업조합,2021-11-18 0:00,34710,126.9492355,37.5451058,N,기업그룹,SK에코플랜트
2613,A10024621,태흥아파트,관악구,신림동,아파트,분양,1,127,태흥건설(주),태흥건설(주),1995-03-27 0:00,12813,126.93104,37.46601,N,,
2614,A10024620,인왕산어울림 아파트,서대문구,홍제동,,분양,2,123,금호건설,금호건설,2006-07-04 0:00,26171,126.95112,37.583841,N,,
2615,A10024615,힐스테이트클래시안아파트,영등포구,신길동,아파트,기타,14,1482,현대건설,신길9구역 주택재개발정비사업조합,2020-12-29 0:00,209893,126.912117,37.503998,N,기업그룹,현대건설
2616,A10024603,종암sh빌아파트,성북구,종암동,아파트,임대,1,104,현대산업개발,현대산업개발,2007-04-20 0:00,7063,127.0301269,37.5973644,N,기업그룹,아이파크현대산업개발(HDC)
2617,A10024581,DMC문영퀸즈파크,은평구,증산동,아파트,분양,1,119,문영건설,문영건설,2004-06-25 0:00,18725,126.907735,37.587619,N,,
2618,A10024574,서초센트럴아이파크,서초구,서초동,주상복합,분양,2,318,현대산업개발,마스턴제12호서초,2020-09-07 0:00,48712,127.0091283,37.4871871,N,기업그룹,아이파크현대산업개발(HDC)
2619,A10024577,위례포레샤인18단지,송파구,거여동,아파트,임대,13,685,대명건설,SH공사,2020-10-28 0:00,101048,127.1522144,37.486816,N,,
2620,A10024567,포레나영등포센트럴아파트,영등포구,영등포동7가,주상복합,분양,2,185,(주)한화건설,영등포1의3재정비촉진구역 도시환경정비사업조합,2020-10-26 0:00,27691,126.905671,37.523206,N,"k-전체세대수, 기업그룹",한화
2621,A10024564,개포래미안포레스트,강남구,개포동,아파트,기타,31,2296,삼성물산(주),개포시영아파트 주택재건축 정비사업조합,2020-09-28 0:00,422390,127.054031,37.47848,N,기업그룹,삼성물산
2622,A10024562,고덕센트럴푸르지오,강동구,고덕동,주상복합,기타,4,656,(주)대우건설,아시아신탁(주),2020-08-20 0:00,125594,127.17017,37.557703,N,기업그룹,대우건설
2623,A10024547,포레나노원 아파트,노원구,상계동,아파트,기타,13,1062,주식회사 한화건설,상계주공8단지 주택재건축 정비사업조합,2020-11-25 0:00,153921,127.062369,37.663938,N,기업그룹,한화
2624,A10024552,래미안리더스원,서초구,서초동,아파트,기타,12,1317,삼성물산,서초우성1차 아파트 주택재건축정비사업조합,2020-09-25 0:00,267016,127.028121,37.490773,N,기업그룹,삼성물산
2625,A10024532,북한산두산위브2차,서대문구,홍은동,아파트,기타,4,296,두산건설(주),홍은동 제6주택재건축정비사업조합,2021-09-13 0:00,36988,126.944439,37.600043,N,,
2626,A10024524,더클래식동작,동작구,노량진동,도시형 생활주택(주상복합),임대,1,272,강남건영,더클래식동작,2020-11-17 0:00,8518,127,38,N,"좌표X, 좌표Y",
2627,A10024505,신마곡 벽산 블루밍,강서구,방화동,아파트,기타,5,298,벽산블루밍,씨엔코리아트,2020-11-26 0:00,40330,126.808283,37.571185,N,,
2628,A10024501,논현 기린힐스,강남구,논현동,아파트,임대,1,249,대림건설,기린건축,2020-10-30 0:00,18561,127.030891,37.512999,N,기업그룹,DL건설
2629,A10024503,아크로 서울포레스트,성동구,성수동1가,주상복합,분양,2,280,대림산업(주),대림산업(주),2020-11-12 0:00,97841,127.043853,37.544798,N,기업그룹,DL이앤씨
2630,A10024495,e편한세상 문래 에듀플라츠,영등포구,문래동6가,아파트,기타,4,263,대림건설(주),에이자기관리부동산투자회사 주식회사,2020-09-24 0:00,33727,126.885457,37.520028,N,기업그룹,DL건설
2631,A10024488,꿈의숲아이파크아파트,성북구,장위동,아파트,기타,19,1711,현대산업개발,장위7구역주택재개발정비사업조합,2022-07-13 0:00,258103,127.047983,37.618675,N,기업그룹,아이파크현대산업개발(HDC)
2632,A10024490,여의도더리브스타일,영등포구,영등포동1가,주상복합,분양,1,185,SGC이테크건설,주식회사 공간개발,2020-07-23 0:00,8415,127,38,N,,
2633,A10024492,위례포레샤인13단지아파트,송파구,거여동,아파트,임대,8,560,계룡건설외,SH공사,2020-12-22 0:00,66974,127.1370619,37.4825792,N,기업그룹,계룡건설산업
2634,A10024473,고덕자이 아파트,강동구,상일동,아파트,분양,19,1824,GS건설,고덕주공6단지주택재건축정비사업조합,2021-01-07 0:00,295366,127.1708,37.552393,N,기업그룹,GS건설
2635,A10024470,신길파크자이,영등포구,신길동,아파트,기타,6,641,GS건설,신길8 주택재개발 정비사업조합,2022-02-17 0:00,9591851,126.913341,37.503191,N,기업그룹,GS건설
2636,A10024468,강동리버스트4단지,강동구,강일동,아파트,기타,10,1239,두산건설,서울주택도시공사,2020-08-28 0:00,137119,127.1731,37.572621,N,,
2637,A10024464,지웰홈스 왕십리,성동구,행당동,다세대,임대,1,299,신영건설,신영홈스더블유,2020-08-31 0:00,21924,127,38,N,,
2638,A10024463,방학지음재힐스,도봉구,방학동,주상복합,분양,1,187,(주)도시공감,코리아신탁주식회사,2018-01-12 0:00,8753,127.044813,37.66744,N,,
2639,A10024443,쌍용더플래티넘용마산,중랑구,면목동,아파트,분양,5,245,쌍용건설,면목6구역재건건축정비사업조합,2020-12-14 0:00,36654,127.085956,37.572678,N,기업그룹,쌍용건설
2640,A10024436,센터스퀘어등촌,강서구,염창동,주상복합,임대,1,500,(주)신라종합건설,멀티에셋등촌?청년주택전문투자형사모부동산투자(유),2020-12-30 0:00,28506,126.8510294,37.5533338,N,,
2641,A10024435,삼성동대성유니드,강남구,삼성동,아파트,분양,1,59,대성산업,대성산업,2004-07-01 0:00,8502,127.05402,37.50865,N,,
2642,A10024440,강동리버스트 8단지,강동구,강일동,아파트,기타,12,946,sh서울도시공사,대보건설,2021-02-10 0:00,103616,127.175428,37.5719395,N,,
2643,A10024428,북가좌 신일해피트리아파트,서대문구,북가좌동,아파트,분양,2,111,(주)신일건설,(주)신일,2005-10-31 0:00,16005,126.904045,37.575195,N,,
2644,A10024425,이랜드PEER 신촌 청년주택,마포구,창전동,아파트,임대,2,589,이랜드건설(주),(주)이베데스다 제일호 위탁관리부동산 투자회사,2021-01-11 0:00,35390,127,38,N,,
2645,A10024426,마곡엠밸리9단지,강서구,마곡동,아파트,기타,19,1529,한신공영,SH공사,2021-02-15 0:00,217532,126.818592,37.561735,N,,
2646,A10024420,강동리엔파크11단지,강동구,상일동,아파트,임대,3,600,신동아건설,서울주택도시공사,2021-02-15 0:00,43967,127.144817,37.554724,N,,
2647,A10024422,강동리버스트6단지,강동구,강일동,아파트,임대,15,1244,sh,sh,2021-02-23 0:00,130073,127,38,N,,
2648,A10024421,강동 리버스트 7단지 아파트,강동구,강일동,아파트,임대,2,1025,화성산업(주),SH공사,2021-02-23 0:00,109568,127.1733082,37.570719,N,,
2649,A10024412,강동리엔파크 14단지 아파트,강동구,상일동,아파트,기타,9,943,대우조선해양건설(주),서울주택도시공사,2021-02-10 0:00,87618,127.144817,37.554724,N,,
2650,A10024410,강동리엔파크9단지아파트,강동구,강일동,아파트,임대,2,366,대림건설,sh,2021-02-23 0:00,35553,127,38,N,기업그룹,DL건설
2651,A10024408,공덕SK리더스뷰 1단지,마포구,공덕동,주상복합,기타,3,306,sk건설,마포로6 도시환경정비조합,2021-11-18 0:00,53469,126.94684,37.5451652,N,기업그룹,SK에코플랜트
2652,A10024398,래미안 목동아델리체,양천구,신정동,아파트,기타,23,1497,삼성물산(주),신정2재정비촉진구역1지구 주택재개발정비사업조합,2021-01-28 0:00,244199,126.851496,37.518826,N,기업그룹,삼성물산
2653,A10024379,(풍납)대동아파트,송파구,풍납동,아파트,분양,1,93,대동,주민재건축조합,1999-01-12 0:00,11534,127.1170144,37.5355317,N,,
2654,A10024365,상도역롯데캐슬파크엘,동작구,상도동,아파트,분양,13,950,롯데건설,태려건설,2021-02-18 0:00,139978,126.947169,37.500753,N,기업그룹,롯데건설
2655,A10024359,삼정아트테라스정동,중구,정동,주상복합,분양,1,168,삼정기업,(주)수경하우징,2020-12-21 0:00,9775,126.9682218,37.5635216,N,,
2656,A10024347,마포프레스티지자이아파트,마포구,염리동,아파트,기타,18,1694,GS건설,염리3구역주택재개발정비사업조합,2021-12-30 0:00,256341,126.947802,37.553719,N,기업그룹,GS건설
2657,A10024333,용산 베르디움 프렌즈,용산구,한강로2가,주상복합,임대,2,1086,(주)호반건설,(주)용산피에프브이,2021-03-05 0:00,91040,126.9678516,37.5311678,N,기업그룹,호반건설
2658,A10024327,오렌지카운티 을지로,중구,오장동,도시형 생활주택(주상복합),분양,1,157,(주)오렌지이앤씨,케이비부동산신탁,2020-08-20 0:00,10093,127,38,N,,
2659,A10024316,영등포 중흥S-클래스,영등포구,양평동1가,주상복합,분양,2,308,중흥건설(주),영등포기계상가시장정비사업조합,2021-03-29 0:00,41195,126.886278,37.5234,N,,
2660,A10024313,힐스테이트녹번역아파트,은평구,응암동,아파트,기타,11,879,현대건설,응암1구역주택재개발정비사업조합,2022-10-20 0:00,120369,126.934656,37.59962,N,기업그룹,현대건설
2661,A10024302,독산역 롯데캐슬아파트,금천구,독산동,아파트,임대,8,927,롯데건설,롯데알미늄,2021-04-29 0:00,136511,126.8904329,37.4644259,N,기업그룹,롯데건설
2662,A10024258,디에이치포레센트아파트,강남구,일원동,아파트,기타,4,184,현대건설,일원동 대우정비사업주택조합,2021-01-22 0:00,37045,127.078684,37.490232,N,기업그룹,현대건설
2663,A10024254,디에이치반포라클라스,서초구,반포동,아파트,기타,6,848,현대건설,현대건설,2021-06-04 0:00,160162,127.010446,37.5007631,N,기업그룹,현대건설
2664,A10024214,신내역 금강펜테리움 센트럴파크아파트,중랑구,망우동,아파트,분양,5,490,금강주택,금강주택,2021-07-29 0:00,53209,127.109111,37.609041,N,,
2665,A10024197,송파레이크힐아파트,송파구,거여동,아파트,분양,5,394,진흥기업,서울주택공사,2021-08-10 0:00,58033,127.144078,37.485795,N,,
2666,A10024216,디에이치 자이 개포,강남구,일원동,아파트,기타,15,1996,"현대건설, 현대엔지니어링, GS건설",현대건설개포컨소시엄,2021-07-30 0:00,364700,127.075083,37.490791,Y,기업그룹,현대건설; GS건설; 현대엔지니어링
2667,A10024240,서초그랑자이,서초구,서초동,아파트,기타,9,1446,지에스건설(주),서초무지개아파트재건축조합,2021-06-29 0:00,286625,127.025992,37.489133,N,기업그룹,GS건설
2668,A10024132,자양호반써밋아파트,광진구,자양동,주상복합,분양,2,305,호반건설,자양12구역 지역주택조합,2021-08-30 0:00,33757,127.0682832,37.5376553,N,기업그룹,호반건설
2669,A10024244,서울휘경행복주택,동대문구,휘경동,아파트,임대,1,200,서한건설,서한건설,2021-06-14 0:00,7015,127,38,N,,
2670,A10024237,청신호 행복주택 정릉하늘마루,성북구,정릉동,아파트,임대,3,166,대흥토건,sh,2020-03-26 0:00,9341,127,38,N,,
2671,A10024145,우장산역 해링턴타워,강서구,화곡동,주상복합,임대,2,429,효성중공업(주),(주)선우,2021-09-03 0:00,36495,126.8352954,37.5459315,N,기업그룹,효성중공업
2672,A10024245,이수푸르지오더프레티움,동작구,사당동,아파트,기타,11,514,대우건설,사당3주택재건축정비사업조합,2021-06-29 0:00,80835,126.9779437,37.4930871,N,기업그룹,대우건설
2673,A10024171,방배그랑자이아파트,서초구,방배동,아파트,기타,8,758,GS건설주식회사,GS건설주식회사,2021-07-23 0:00,157182,126.9962367,37.4767899,N,기업그룹,GS건설
2674,A10024156,서초꽃마을주얼리,서초구,서초동,아파트,임대,1,212,한양산업개발,서초꽃마을1502,2021-03-23 0:00,18495,127,37,N,k-전체세대수,
2675,A10024131,래미안 라클래시,강남구,삼성동,아파트,기타,7,679,삼성물산,상아아파트2차 주택재건축정비사업조합,2021-09-17 0:00,124880,127.0481649,37.5177334,N,기업그룹,삼성물산
2676,A10024172,문정현대아파트,송파구,문정동,아파트,분양,1,120,현대건설(주),한전주택조합,1993-09-28 0:00,12460,127.1262726,37.4858272,N,기업그룹,현대건설
2677,A10024152,포레나송파,송파구,거여동,아파트,분양,18,1282,한화건설외,서울주택도시공사,2021-08-06 0:00,194551,127.1440562,37.4863348,N,기업그룹,한화
2678,A10024102,대치르엘,강남구,대치동,아파트,기타,6,273,롯데건설,대치제2지구재건축조합,2021-09-17 0:00,46659,127.0624654,37.5016593,N,"k-전체세대수, 기업그룹",롯데건설
2679,A10024098,보라매자이 더 포레스트,동작구,신대방동,주상복합,기타,8,959,GS건설(주),동작트인시아 지역주택조합,2021-10-29 0:00,138394,126.9253834,37.4985576,N,"k-전체세대수, 기업그룹",GS건설
2680,A10024086,DMC SK VIEW,은평구,수색동,아파트,기타,6,644,에스케이건설(주),수색9재정비촉진구역 주택재개발정비사업조합,2023-08-24 0:00,101631,126.8959227,37.5810965,N,기업그룹,SK에코플랜트
2681,A10024082,이문휘경지웰에스테이트아파트,동대문구,휘경동,주상복합,분양,2,313,(주)신영건설,에이치앤에이,2021-08-27 0:00,16028,127,38,N,,
2682,A10024085,송파위례리슈빌,송파구,거여동,아파트,분양,8,494,계룡건설산업(주),(주)에스떠블유산업개발,2021-10-12 0:00,106742,127.1448757,37.4838484,N,기업그룹,계룡건설산업
2683,A10024042,e편한세상 청계 센트럴포레,동대문구,용두동,아파트,기타,8,823,DL E&C,용두5구역주택재개발정비사업조합,2021-11-25 0:00,132336,127.0289736,37.57198,N,,
2684,A10024034,수유역푸르지오시티,강북구,미아동,주상복합,분양,1,298,주식회사대우건설,(주)케이쓰리엠,2014-10-17 0:00,11885,127,38,N,기업그룹,대우건설
2685,A10024035,강남파라곤,강남구,논현동,아파트,분양,1,58,동양건설산업(주),(주)SG개발,2007-01-30 0:00,40009,127.038377,37.5167702,N,k-전체세대수,
2686,A10024029,신사삼성래미안아파트,강남구,신사동,아파트,기타,1,63,삼성물산,재건축,2008-10-06 0:00,0,127.0203797,37.5210145,N,k-전체세대수,
2687,A10024026,셀립은평,은평구,불광동,아파트,임대,1,201,대림건설주식회사,한화생명,2021-04-30 0:00,12606,126.9295434,37.6120607,N,기업그룹,DL건설
2688,A10024018,양원역 금호어울림포레스트아파트,중랑구,망우동,아파트,임대,4,331,금호건설,(주)양원어울림대한제13호위탁관리부동산투자회사,2021-11-30 0:00,47411,127.1097437,37.6076201,N,,
2689,A10024008,신내역 힐데스하임아파트,중랑구,망우동,아파트,분양,3,218,원건설,건강,2021-10-08 0:00,37808,127.1044359,37.6101369,N,,
2690,A10023996,개포더샵트리에,강남구,개포동,아파트,분양,2,232,포스코,개포우성9차모델링조합,2021-12-01 0:00,44951,127.0563943,37.484892,N,기업그룹,포스코이앤씨
2691,A10023991,태릉해링턴플레이스,노원구,공릉동,아파트,기타,15,1308,효성중공업,태릉현대아파트주택재건축정비사업조합,2022-01-18 0:00,191973,127.0815267,37.6260014,N,기업그룹,효성중공업
2692,A10023990,청년주택 와이엔타워,노원구,공릉동,주상복합,임대,1,270,(주)한양산업개발,(주)태운산업개발,2021-12-02 0:00,11793,127.0752036,37.6193335,N,,
2693,A10023994,e편한세상백련산 아파트,은평구,응암동,아파트,분양,8,358,DL건설,응암제4구역 주택정비사업조합,2022-07-14 0:00,54361,126.923922,37.595555,N,기업그룹,DL건설
2694,A10023979,어바니엘 천호,강동구,천호동,도시형 생활주택(아파트),임대,1,182,(주)신화종합건설,코람코제72호전문투자형사모부동산투자유한회사,2019-10-31 0:00,6255,127.1287007,37.538079,N,,
2695,A10023966,어바니엘한강,동작구,노량진동,도시형 생활주택(주상복합),임대,1,207,(주)이테크건설,(주)마스턴제14호,2018-07-24 0:00,14680,126.9467626,37.512953,N,k-전체세대수,
2696,A10023955,에피소드수유838,강북구,수유동,주상복합,임대,1,558,태영건설,디디아이에스와이230위탁관리부동산투자회사,2021-12-10 0:00,60754,127,38,N,,
2697,A10023959,홍제역 해링턴플레이스아파트,서대문구,홍제동,아파트,기타,18,1116,효성중공업(주),홍제 제3구역 주택재개발정비사업조합,2024-03-27 0:00,183987,126.947405,37.590313,N,기업그룹,효성중공업
2698,A10023952,중랑숲시티프라디움,중랑구,망우동,아파트,기타,4,403,"(주)시티건설, 삼부토건(주)",한국토지주택공사,2022-01-07 0:00,46188,127.108403,37.607621,Y,,
2699,A10023951,광진그랜드파크,광진구,구의동,아파트,분양,11,730,디엘이앤씨,한국투자신탁,2021-12-30 0:00,130539,127.0757555,37.544273,N,기업그룹,DL이앤씨
2700,A10023939,삼성석탑아파트,강남구,삼성동,아파트,분양,1,139,석탑건설,석탑건설,1996-04-08 0:00,16815,127.0434776,37.5175602,N,,
2701,A10023934,엘크루발산아파트,강서구,등촌동,주상복합,임대,1,252,대우조선해양,윤석표외 2인,2022-01-10 0:00,11745,126.8412062,37.5591923,N,,
2702,A10023926,롯데캐슬클라시아,성북구,길음동,아파트,기타,19,2033,롯데건설,길음1재정비촉진구역주택재개발정비사업조합,2022-01-27 0:00,288555,127.0252576,37.6089258,N,기업그룹,롯데건설
2703,A10023927,송파레이크파크호반써밋1차,송파구,거여동,아파트,분양,10,689,호반산업(주),호반산업(주),2022-01-28 0:00,175222,127.1365419,37.4845395,N,,
2704,A10023922,송파레이크파크 호반 써밋2,송파구,거여동,아파트,분양,11,700,호반건설( 주),호반건설(주),2022-01-28 0:00,180155248,127.1422995,37.4844494,N,기업그룹,호반건설
2705,A10023914,인히어쌍문아파트,도봉구,쌍문동,도시형 생활주택(아파트),임대,1,288,반도건설,KT＆G,2022-02-08 0:00,15520,127.0326268,37.6458626,N,,
2706,A10023898,이수스위첸포레힐즈아파트,동작구,동작동,아파트,분양,7,366,KCC건설,KCC건설,2022-02-28 0:00,55635,126.982985,37.498185,N,,
2707,A10023897,위례중앙푸르지오아파트,송파구,장지동,주상복합,분양,4,311,대우푸르지오,MDM,2016-12-23 0:00,77754,127.1398694,37.4753593,N,,
2708,A10023891,청계푸르지오시티,동대문구,답십리동,주상복합,분양,1,298,대우건설(주),청계에이텐피에프브이,2015-02-17 0:00,11266,127.050522,37.569139,N,기업그룹,대우건설
2709,A10023887,송파 시그니처 롯데캐슬아파트,송파구,거여동,아파트,기타,17,1945,(주)롯데건설,거여2재정비촉진구역1지구 주택재개발정비사업조합,2021-12-31 0:00,290796,127.146583,37.4958575,N,"k-전체세대수, 기업그룹",롯데건설
2710,A10023875,DMC센트럴자이,은평구,증산동,아파트,기타,13,1256,GS건설,증산2주택재개발 정비사업조합,2023-01-12 0:00,192153,126.9025224,37.58032,N,기업그룹,GS건설
2711,A10023859,대방동신일해피트리 아파트,동작구,대방동,아파트,분양,2,130,신일건설주식회사,(주)신일,2005-11-25 0:00,11249,126.9275071,37.51395,N,,
2712,A10023858,용산데시앙포레아파트,용산구,효창동,아파트,기타,7,384,태영건설,효창제6구역주택재개발정비사업조합,2022-03-28 0:00,55633,126.962886,37.548159,N,,
2713,A10023855,강동리엔파크13단지아파트,강동구,상일동,아파트,임대,10,675,KR산업,서울주택도시공사,2022-04-15 0:00,75185,127,38,N,,
2714,A10023834,칼튼테라스,중랑구,묵동,주상복합,임대,1,235,파인건설,더블라썸묵동,2021-11-01 0:00,17340,127,38,N,,
2715,A10023829,꿈의숲한신더휴아파트,강북구,미아동,아파트,분양,6,203,한신공영,미아동 3-111번지 일대 주택재건축 정비사업조합,2022-04-28 0:00,30978,127.0330112,37.620171,N,,
2716,A10023825,강남센트럴아이파크,강남구,역삼동,아파트,기타,5,499,현대산업개발,개나리4차 재건축조합,2022-04-28 0:00,102103,127.0457932,37.500586,N,기업그룹,아이파크현대산업개발(HDC)
2717,A10023815,로프트원 태릉입구역,중랑구,묵동,도시형 생활주택(주상복합),임대,1,249,파인건설(주),(주)지영사,2020-01-08 0:00,16261,127,38,N,,
2718,A10023816,LH서울양원1단지,중랑구,망우동,아파트,임대,4,1216,대보건설,한국토지주택공사,2022-01-24 0:00,72039,127.1062377,37.6085921,N,,
2719,A10023798,용산원효루미니,용산구,원효로1가,아파트,임대,1,752,롯데건설(주).서울주택도시공사,롯데건설(주),2022-04-28 0:00,64084,126.969359,37.541377,N,기업그룹,롯데건설
2720,A10023788,더플레이스충정로,중구,중림동,도시형 생활주택(아파트),임대,1,276,(주)cj건설,(주)대륙지에스,2012-05-24 0:00,11168,127,38,N,,
2721,A10023732,에드가 쌍문 청년주택,도봉구,쌍문동,아파트,임대,1,253,(주)세정건설,도휘 주식회사,2022-05-13 0:00,13675,127.0136945,37.6565952,N,,
2722,A10023734,구산주택,은평구,구산동,주상복합,임대,1,238,(주)서해종합건설,(주)덕영,2022-05-18 0:00,12503,126.9149094,37.6122329,N,,
2723,A10023728,아그네스풍림아이원,은평구,역촌동,주상복합,분양,1,68,풍림산업,서부종합시장(주),2009-09-30 0:00,18427,126.918964,37.6029861,N,,
2724,A10023715,더샵파크프레스티지,영등포구,신길동,아파트,기타,9,799,포스코건설,신길3재정비촉진구역주택재개발정비사업조합,2022-11-25 0:00,123740,126.916553,37.507791,N,기업그룹,포스코이앤씨
2725,A10023709,DMC금호리첸시아,서대문구,남가좌동,주상복합,분양,5,450,금호건설,모래내 서중양대시장 정비사업,2024-01-25 0:00,72268,126.916165,37.570789,N,,
2726,A10023695,힐데스하임천호아파트,강동구,천호동,주상복합,기타,2,188,(주)원건설,천호2주택재건축정비사업조합,2023-05-11 0:00,34330,127.126208,37.542051,N,,
2727,A10023669,보문리슈빌하우트,성북구,보문동1가,아파트,기타,8,465,계룡건설,보문제2구역 주택재개발 정비사업,2022-03-30 0:00,58553,127.019614,37.587191,N,기업그룹,계룡건설산업
2728,A10023665,우림 루미아트,마포구,망원동,아파트,분양,1,119,우림건설,은행장미재건축조합,2003-03-21 0:00,14264,126.90111,37.5597,N,,
2729,A10023673,반포 르엘 아파트,서초구,잠원동,아파트,기타,7,596,롯데건설,반포우성아파트재건축조합,2022-08-30 0:00,114190,127.002832,37.507594,N,기업그룹,롯데건설
2730,A10023661,힐스테이트뉴포레,관악구,신림동,아파트,기타,7,1143,현대엔지니어링,강남아파트재건축조합,2022-08-29 0:00,146678,126.90515,37.484267,N,기업그룹,현대엔지니어링
2731,A10023670,천호역한강청년주택,강동구,천호동,아파트,임대,1,223,케이알산업,알이비에셋,2021-08-20 0:00,10405,127,38,N,,
2732,A10023633,래미안 엘리니티,동대문구,용두동,아파트,기타,16,1048,삼성물산(주),용두제6구역주택재개발정비사업조합,2022-08-30 0:00,150512,127.028506,37.579598,N,기업그룹,삼성물산
2733,A10023604,고척아이파크MD,구로구,고척동,주상복합,임대,6,1459,현대산업개발,(주)고청아이파크대한뉴스테이 위탁관리부동산투자회사,2022-08-31 0:00,326213,127,37,N,기업그룹,아이파크현대산업개발(HDC)
2734,A10023598,고척아이파크RD,구로구,고척동,아파트,임대,5,746,HDC현대산업개발,(주)고척아이파크뉴스테이위탁관리부동산투자회사,2022-08-31 0:00,98021,127,37,N,기업그룹,아이파크현대산업개발(HDC)
2735,A10023593,신정동 보람쉬움아파트,양천구,신정동,아파트,분양,1,125,"대경,우양,평화 재건축 주택조합",보람건설,2003-01-10 0:00,16748,126.855503,37.525512,Y,,
2736,A10023586,힐스테이트 창경궁,종로구,충신동,주상복합,기타,1,181,현대건설,에스와이상영개발,2022-09-29 0:00,36373,127.0048983,37.5753028,N,"k-전체세대수, 기업그룹",현대건설
2737,A10023569,장위지웰에스테이트,성북구,장위동,도시형 생활주택(아파트),기타,3,173,신영건설,장위1구역주택재개발정비사업조합,2022-08-31 0:00,15954,127.0562046,37.6178424,N,,
2738,A10023565,개포6차우성아파트,강남구,개포동,아파트,분양,8,270,우성건설,모름,1987-11-21 0:00,22637,127.05721,37.476763,N,,
2739,A10023560,서대문푸르지오센트럴파크,서대문구,홍제동,아파트,기타,11,832,(주)대우건설,홍제동 제1주택재건축 정비사업조합,2022-10-28 0:00,73733,126.9503248,37.5815054,N,"k-전체세대수, 기업그룹",대우건설
2740,A10023551,동작협성휴포레시그니처아파트,동작구,신대방동,주상복합,분양,5,274,(주)협성건설,(주)청민건설,2022-05-27 0:00,47065,126.9055334,37.4865084,N,,
2741,A10023543,가양역두산위브아파트,강서구,등촌동,주상복합,분양,4,220,두산,한강건설,2022-03-11 0:00,26362,126.8545567,37.5562926,N,,
2742,A10023539,한일베라체캠퍼스,동대문구,회기동,주상복합,분양,1,264,한일건설(주),(주)일레븐건설,2013-06-24 0:00,15521,127,38,N,,
2743,A10023547,개포상록스타힐스,강남구,일원동,아파트,임대,12,1703,서희건설,공무원연금공단,2022-10-31 0:00,184881,127.0758235,37.4882004,N,기업그룹,서희건설
2744,A10023515,우장산숲 아이파크,강서구,화곡동,아파트,분양,10,576,현대산업개발(주),화곡1주택재건축정비사업조합,2022-12-01 0:00,87698,126.839264,37.545048,N,기업그룹,아이파크현대산업개발(HDC)
2745,A10023516,영등포자이르네,영등포구,대림동,아파트,분양,3,212,자이에스앤디(주),청명종합건설(주),2022-11-07 0:00,22587,126.904871,37.488308,N,,
2746,A10023508,마포더클래시,마포구,아현동,아파트,기타,17,1419,"HDC현대산업개발(주), SK에코플랜트",아현2구역주택재건축정비사업조합,2022-11-29 0:00,209770,126.9488538,37.5561542,Y,기업그룹,SK에코플랜트; 아이파크현대산업개발(HDC)
2747,A10023489,포레나 당산,영등포구,당산동2가,주상복합,임대,2,496,한화건설,당산동청년주택피에프브이 주식회사,2022-12-02 0:00,52545,127,38,N,기업그룹,한화
2748,A10023488,약수역 더시티,중구,신당동,주상복합,분양,1,153,(주)일군토건,약수시장재개발협동조합,2021-03-26 0:00,8845,127,38,N,,
2749,A10023482,힐스테이트 홍은포레스트 아파트,서대문구,홍은동,아파트,기타,8,623,현대건설(주),홍은동 제2주택 재건축 정비사업조합,2023-12-29 0:00,89957,126.9256542,37.5860638,N,기업그룹,현대건설
2750,A10023478,한일휴니스빌,노원구,공릉동,도시형 생활주택(아파트),분양,1,164,한일개발,제이에스산업개발,2013-09-24 0:00,6418,127.0743905,37.6175151,N,,
2751,A10023467,호반베르디움 스테이원,은평구,대조동,주상복합,임대,4,977,호반건설,대조피에프브이주식회사,2022-12-29 0:00,87070,126.9273998,37.6128803,N,기업그룹,호반건설
2752,A10023471,구로오네뜨시티,구로구,구로동,아파트,분양,1,208,남해종합건설(주),(주)에이텐피에프브이,2022-01-28 0:00,21151,127,37,N,,
2753,A10023462,반포르엘2차,서초구,잠원동,아파트,기타,3,280,롯데건설(주),신반포4차아파트 주택재건축정비사업조합,2022-12-28 0:00,53173,127.0023236,37.5088381,N,기업그룹,롯데건설
2754,A10023449,e편한세상 서대문,서대문구,홍은동,아파트,분양,6,481,DL이앤씨(주),홍은제1주택재건축정비사업조합,2023-09-12 0:00,72952,126.9406927,37.5930092,N,기업그룹,DL이앤씨
2755,A10023395,리마크빌 군자,광진구,중곡동,아파트,임대,1,299,한양산업개발주식회사,케이리얼티임대주택제3호위탁관리부동산투자회사,2022-08-30 0:00,14965,127,38,N,,
2756,A10023389,청량리역해링턴플레이스,동대문구,용두동,주상복합,기타,1,220,효성중공업(주),(주)펜타디앤씨,2023-01-30 0:00,59840,127.0424625,37.5783497,N,기업그룹,효성중공업
2757,A10023384,용마산모아엘가파크포레,중랑구,면목동,아파트,분양,5,243,혜림건설,조합,2023-01-27 0:00,33807,127.0957516,37.5855607,N,,
2758,A10023372,BX201 청년주택,관악구,봉천동,,임대,1,201,강남건영(주),라온스테이2030,2022-05-10 0:00,8240,127,37,N,,
2759,A10023368,회기역 하트리움,동대문구,휘경동,주상복합,임대,2,582,(주)두진건설,(주)두진,2023-01-20 0:00,35451,127.0585367,37.5886592,N,,
2760,A10023356,힐스테이트세운센트럴1단지,중구,입정동,주상복합,기타,1,414,(주)현대엔지니어링,우리자산신탁(주),2023-02-24 0:00,52810,126.9937631,37.5677369,N,기업그룹,현대엔지니어링
2761,A10023352,세운푸르지오헤리시티,중구,인현동2가,주상복합,기타,1,614,대우건설(주),한호건설(주),2023-01-16 0:00,51129,126.9966,37.5645412,N,기업그룹,대우건설
2762,A10023350,흑석자이,동작구,흑석동,아파트,기타,26,1772,GS건설,흑석3재개발정비조합,2023-02-27 0:00,167798,126.9585023,37.5024601,N,"k-전체세대수, 기업그룹",GS건설
2763,A10023343,힐스테이트세운센트럴2단지,중구,입정동,주상복합,기타,1,608,현대엔지니어링(주),더센터시티 주식회사,2023-03-07 0:00,77379,126.9944136,37.5681001,N,기업그룹,현대엔지니어링
2764,A10023348,개포자이프레지던스,강남구,개포동,아파트,기타,35,3375,GS건설,개포주공4단지주택재건축조합,2023-02-28 0:00,641457,127.0716098,37.4851097,N,기업그룹,GS건설
2765,A10023336,자양하늘채베르,광진구,자양동,아파트,분양,2,165,코오롱,코오롱글로벌주식회사,2023-02-27 0:00,19872,127.0846261,37.5328319,N,,
2766,A10023314,LH수서1단지(행복주택),강남구,자곡동,아파트,임대,6,830,동일토건(주),한국토지주택공사(LH),2023-02-17 0:00,46138,127.1061904,37.4783688,N,,
2767,A10023268,칸타빌수유팰리스,강북구,수유동,주상복합,분양,4,216,대원건설,CS네트웍스,2022-06-29 0:00,29463,127.025479,37.6421993,N,,
2768,A10027877,현대썬앤빌601,동대문구,장안동,주상복합,분양,1,193,현대BS&C,(주)한산디엠씨,2015-10-02 0:00,6581,127,38,N,,
2769,A10023886,호반써밋목동아파트,양천구,신정동,아파트,기타,7,407,호반건설(주),신정재2정비촉진구역2지구주택개발정비사업조합,2022-12-13 0:00,60135,126.852912,37.51643,N,기업그룹,호반건설
2770,A10023219,신목동파라곤아파트,양천구,신월동,아파트,기타,5,299,동양건설,신월4구역 주택재건축 정비사업,2023-02-27 0:00,45640,126.8439844,37.5231839,N,,
2771,A10023188,청량리역 한양수자인 그라시엘,동대문구,용두동,주상복합,분양,4,1152,한양건설,보성산업개발(주),2023-06-02 0:00,201653,127.0430027,37.577315,N,,
2772,A10023162,대치푸르지오써밋,강남구,대치동,아파트,기타,9,489,대우건설(주),대치동 제1지구 주택재건축정비사업조합,2023-06-05 0:00,90602,127.0605396,37.5022037,N,기업그룹,대우건설
2773,A10023126,DMC아트포레자이아파트,은평구,수색동,주상복합,기타,8,672,GS건설주식회사,수색7재정비축진구역 주택재개발조합,2023-06-30 0:00,100532,126.8982312,37.5855287,N,기업그룹,GS건설
2774,A10023143,신반포르엘,서초구,잠원동,아파트,기타,3,330,롯데건설,신반포13차아파트재개발조합,2023-06-27 0:00,61416,127.0136925,37.5169968,N,기업그룹,롯데건설
2775,A10023132,디아크리온강남 아파트,강남구,자곡동,아파트,기타,8,597,양우건설,대한토지주택공사,2023-06-13 0:00,81387,127.1071081,37.4769648,N,,
2776,A10023118,공덕동 크로시티 행복주택,마포구,공덕동,아파트,임대,2,350,대우조선해양,서울시,2023-07-10 0:00,23018,126.9497275,37.5466768,N,,
2777,A10023099,롯데캐슬 리버파크 시그니처 아파트,광진구,자양동,아파트,기타,6,878,롯데건설,자양1주택재건축정비사업조합,2023-06-29 0:00,142043,127.0627946,37.5378925,N,"k-전체세대수, 기업그룹",롯데건설
2778,A10023083,청량리역 롯데캐슬 SKY-L65,동대문구,전농동,주상복합,기타,4,1425,롯데건설,청량리 제4구역 도시환경정비사업추진위원회,2023-07-12 0:00,381942,127.0453793,37.5794114,N,기업그룹,롯데건설
2779,A10023079,DMC파인시티자이,은평구,수색동,아파트,기타,15,1223,GS건설(주),수색6재정비촉진구역 주택재개발정비사업조합,2023-07-31 0:00,117305,126.8960815,37.5835982,N,기업그룹,GS건설
2780,A10023075,지와인 아파트,강서구,등촌동,,분양,4,136,한동건설,김영인,2023-06-30 0:00,17744,126.8665061,37.5540141,N,,
2781,A10023070,잠실 센트럴파크,송파구,잠실동,도시형 생활주택(아파트),임대,1,217,한일개발,제이제이앤주식회사,2023-08-02 0:00,14220,127.0835419,37.5105286,N,,
2782,A10023076,DMC SKVIEW 아이파크포레,은평구,수색동,아파트,기타,21,1482,"sk에코플랜트, 현대산업개발",수색13 재정비촉진구역 주택재개발 정비조합,2023-07-31 0:00,237912,126.8932295,37.5864629,Y,기업그룹,SK에코플랜트; 아이파크현대산업개발(HDC)
2783,A10023059,더샵파크솔레이유아파트,강동구,둔촌동,아파트,분양,4,195,(주)포스코이앤씨,둔촌동삼익빌라주택재건축정비사업조합,2023-06-07 0:00,32729,127.1447086,37.5302068,N,기업그룹,포스코이앤씨
2784,A10023060,노원롯데캐슬시그니처2단지,노원구,상계동,아파트,분양,6,610,롯데건설,상계6재정비촉진구역조합,2023-06-28 0:00,89035,127.0777624,37.6651606,N,기업그룹,롯데건설
2785,A10023043,래미안원베일리,서초구,반포동,아파트,기타,23,2990,삼성물산,신반포3차경남주택제정지조합,2023-08-30 0:00,673553,126.9981867,37.5068044,N,기업그룹,삼성물산
2786,A10023024,노원롯데캐슬시그니처1단지,노원구,상계동,아파트,기타,4,553,롯데건설(주),상계6구역주택재개발정비사업조합,2023-06-29 0:00,74571,127.0777624,37.6651606,N,기업그룹,롯데건설
2787,A10023020,삼성동 마에스트로,강남구,삼성동,주상복합,임대,1,299,한미글로벌,선릉역 마에스트로 프로젝트 금,2023-07-31 0:00,16428,127.0497315,37.5062798,N,,
2788,A10022974,준타워,영등포구,신길동,주상복합,임대,1,162,동호건설주식회사,(주)제이케이스타,2023-07-14 0:00,6656,126.9167636,37.5149432,N,,
2789,A10022941,마포푸르지오더센트럴,마포구,아현동,주상복합,기타,2,239,대우건설,(주)테라윈미래아현PFV,2023-10-31 0:00,27327,126.9564486,37.5545455,N,기업그룹,대우건설
2790,A10022928,강서금호어울림퍼스티어,강서구,화곡동,아파트,기타,5,523,"금호건설(주),지에스건설(주),(주)대지건설",한국토지주택공사,2023-12-27 0:00,65625,126.8510647,37.550706,Y,기업그룹,GS건설
2791,A10022919,신내역 시티프라디움 아파트,중랑구,망우동,아파트,임대,4,495,(주)시티건설 (주)시티종합건설,(주)시티해양건설,2023-11-20 0:00,86298,127.1024053,37.6105081,N,,
2792,A10022891,브라이튼여의도아파트,영등포구,여의도동,,기타,2,454,GS건설,(주)여의도엠비씨부지복합개발피에프브이,2023-08-21 0:00,69914,126.9298963,37.5241513,N,기업그룹,GS건설
2793,A10022851,힐스테이트리슈빌강일,강동구,강일동,아파트,분양,8,809,현대건설,"현대건설(주), 계룡건설산업(주)",2023-10-30 0:00,146109,127.1748062,37.5737161,N,"k-전체세대수, 기업그룹",현대건설
2794,A10022859,디에이치퍼스티어아이파크,강남구,개포동,아파트,기타,74,6702,"현대산업개발, 현대건설","현대산업개발, 현대건설",2023-11-29 0:00,1306341,127.057848,37.4802872,Y,"k-전체세대수, 기업그룹",현대건설; 아이파크현대산업개발(HDC)
2795,A10022803,연신내역루체스테이션,은평구,불광동,아파트,임대,1,264,새천년건설,(주)위드웰에셋,2024-01-24 0:00,11534,126.9232678,37.6186894,N,,
2796,A10022801,최강타워,관악구,신림동,주상복합,임대,2,299,보미건설,신림리더스하우징,2023-05-30 0:00,22890,126.9305194,37.4835688,N,,
2797,A10022761,힐스테이트 남산,중구,묵정동,주상복합,분양,2,282,현대건설(주),파빌리온충무로피에프브이(주),2024-01-29 0:00,32569,126.999437,37.5616775,N,기업그룹,현대건설
2798,A10022749,원에디션강남,강남구,역삼동,,분양,2,229,현대 엔지니어링(주),지엘스포월드피에프브이(주),2024-02-06 0:00,45633,127.0382664,37.5078841,N,기업그룹,현대엔지니어링
2799,A10022756,e편한세상 고덕 어반브릿지,강동구,상일동,아파트,분양,6,593,DL 이앤씨(주),주식회사 강일고덕10피에프브이,2024-02-22 0:00,105462,127.1806922,37.5556305,N,기업그룹,DL이앤씨
2800,A10022720,상도 푸르지오 클라베뉴,동작구,상도동,아파트,분양,10,771,(주)대우건설,(주)포스트개발,2024-02-29 0:00,121475,126.9394804,37.4981623,N,"k-전체세대수, 기업그룹",대우건설
2801,A10022715,고덕풍경채어바니티,강동구,고덕동,아파트,분양,6,780,제일건설,고덕강일1피에프브이,2024-01-30 0:00,183800,127.168671,37.563401,N,기업그룹,제일건설
2802,A10022652,LH 수서2단지,강남구,자곡동,아파트,임대,10,1080,효성중공업(주),한국토지주택공사,2024-04-17 0:00,73423,127.107023,37.4795691,N,기업그룹,효성중공업
2803,A10022649,송파더플래티넘,송파구,오금동,아파트,분양,2,328,주식회사쌍용,아남아파트리모델링주택조합,2024-01-30 0:00,50633,127.1363056,37.5032969,N,기업그룹,쌍용건설
2804,A10022623,대우디오빌프라임,서초구,서초동,주상복합,분양,1,112,(주)대우건설,(주)리얼앤 인베스트,2005-10-21 0:00,29812,127.0299815,37.4915748,N,기업그룹,대우건설
2805,A10022572,힐스테이트 천호역 젠트리스,강동구,성내동,아파트,분양,1,160,현대엔지어링,정주시에스시(주),2024-05-30 0:00,69710,127.1256988,37.5372437,N,,
2806,A10022556,래미안 원펜타스,서초구,반포동,아파트,기타,6,641,삼성건설,신반포15차아파트주택재건축정비사업조합,2024-06-13 0:00,158701,126.9937662,37.5042453,N,기업그룹,삼성물산
2807,A10022504,에피소드용산241,용산구,한강로3가,아파트,임대,1,162,한신공영,한신공영,2024-02-26 0:00,18230,126.9631346,37.524826,N,,
2808,A10022428,문래건영아파트,영등포구,문래동3가,아파트,분양,1,141,주) 건영,우승연립 재건축조합,1998-04-06 0:00,19589,126.8924554,37.5183886,N,,
2809,A10022430,신길AK푸르지오주상복합,영등포구,신길동,주상복합,기타,4,296,대우건설,에이엠플러스자산개발 주식회,2024-07-31 0:00,39197,126.9100988,37.5066055,N,기업그룹,대우건설
2810,A10022474,서초동롯데캐슬리버티,서초구,서초동,아파트,분양,3,132,롯데건설,서초연합 재건축조합,2005-03-23 0:00,27432,127.0169557,37.4874489,N,기업그룹,롯데건설
2811,A10022476,논현 e편한세상,강남구,논현동,아파트,분양,1,64,삼호,삼우 남서울 재건축 조합,2005-07-20 0:00,0,127.0287625,37.5068651,N,기업그룹,DL건설
2812,A10022525,강동헤리티지자이,강동구,길동,아파트,기타,8,1299,GS건설,길동신동아1차2차아파트주택재건축정비사업조합,2024-06-27 0:00,178296,127.1486967,37.5391486,N,기업그룹,GS건설
2813,A10022468,은평뉴타운상림마을 9단지,은평구,진관동,아파트,임대,1,127,현대산업개발(주),http://www.li-sh.do.kr/happy/intro.do,2008-05-14 0:00,20993,126.9287459,37.6461029,N,기업그룹,아이파크현대산업개발(HDC)
2814,A10022419,길음역 롯데캐슬 트윈골드,성북구,길음동,,기타,2,395,롯데건설,길음역세권 재정비촉진구역 주택재개발정비사업 조합,2024-04-29 0:00,54020,127.0229761,37.6036978,N,기업그룹,롯데건설
2815,A10022412,신림한양아파트,관악구,신림동,아파트,분양,3,132,(주)한양건설,(주)한양건설,1992-02-18 0:00,14551,126.9150426,37.4730334,N,,
2816,A10022325,성수금호타운2차아파트,성동구,성수동2가,아파트,분양,1,141,금호건설,금호건설,1997-08-14 0:00,0,127.0531519,37.5435962,N,,
2817,A10022391,북서울자이 폴라리스 아파트,강북구,미아동,아파트,기타,15,888,GS 건설,미아 제3구역 주택재개발 정비사업조합,2024-08-29 0:00,163207,127.0186259,37.6274551,N,기업그룹,GS건설
2818,A10022341,해링턴플레이스안암,성북구,안암동3가,아파트,분양,4,199,진흥기업,안암2구역주택재개발정비사업,2024-07-29 0:00,30328,127.0240268,37.5858437,N,,
2819,A10021638,성수1차대우아파트,성동구,성수동2가,주상복합,분양,1,108,대우건설,한국자개협회지역조합,1999-04-30 0:00,15063,127.0653275,37.5453864,N,기업그룹,대우건설
2820,A10021288,라이프시티아파트,은평구,갈현동,아파트,분양,1,123,주식회사 라이프,시행특경대주택조합외 1개회사,1991-11-18 0:00,13098,126.9106163,37.6231541,N,,
2821,A10021705,더샵둔촌포레,강동구,둔촌동,아파트,분양,8,572,포스코이앤씨,둔촌현대1차아파트리모델링주택조합,2024-10-30 0:00,99209,127.1463865,37.5317812,N,기업그룹,포스코이앤씨
2822,A10022202,강동중흥S-클래스,강동구,천호동,주상복합,기타,4,999,중흥토건,천호1도시환경정비사업조합,2024-09-30 0:00,107898,127.1269881,37.5414447,N,k-전체세대수,
2823,A10022098,센트레빌아스테리움영등포,영등포구,영등포동2가,주상복합,분양,2,156,동부건설,한국토지신탁,2024-07-26 0:00,24582,126.9093458,37.5216,N,,
2824,A10021122,올림픽파크포레온,강동구,둔촌동,아파트,기타,85,12032,"대우건설, 현대산업개발, 현대건설, 롯데건설",둔촌주공아파트 주택재건축정비사업조합,2024-11-25 0:00,2077546,127.138787,37.523857,Y,기업그룹,현대건설; 대우건설; 롯데건설; 아이파크현대산업개발(HDC)
2825,A10022403,힐스테이트 e편한세상 문정아파트,송파구,문정동,아파트,기타,14,1265,문정동136번지일원재건축정비사업조합,"현대엔지니어링,디엘이엔씨",2024-08-30 0:00,167891,127.1332848,37.4894236,N,k-전체세대수,
2826,A10021056,센트레빌아스테리움시그니처아파트,은평구,역촌동,아파트,기타,8,752,동부건설,역촌 1주택 재건축 정비사업조합,2024-11-25 0:00,106851,126.9074093,37.6041058,N,,
2827,A10021005,래미안신반포팰리스,서초구,잠원동,아파트,기타,1,843,,,2016-06-07 0:00,0,127.0123408,37.5148653,N,k-전체세대수,
2828,A10020958,호반써밋개봉아파트,구로구,개봉동,아파트,기타,3,317,호반건설,개봉5구역,2024-11-13 0:00,46440,126.846687,37.499653,N,기업그룹,호반건설
2829,A10020919,래미안라그란데,동대문구,이문동,아파트,기타,39,3069,삼성물산(주),이문1주택재개발정비사업조헙,2025-01-03 0:00,472465,127.0602571,37.600078,N,"k-전체세대수, 기업그룹",삼성물산
2830,A10020907,서울숲아이파크리버포레,성동구,성수동1가,주상복합,분양,5,825,HDC현대산업개발,서울숲벨라듀지역주택조합,2024-12-27 0:00,77168,127.0435724,37.5501739,N,기업그룹,아이파크현대산업개발(HDC)
2831,A10020888,보광타워,동대문구,답십리동,주상복합,분양,1,160,(주)동아토건,(주)동아토건,2019-04-05 0:00,13997,127.0501601,37.5703647,N,,
2832,A10020868,어울채행복주택,광진구,자양동,아파트,임대,1,300,롯데건설,sh서울주택도시공사,2024-12-11 0:00,22398,127.088713,37.5354016,N,기업그룹,롯데건설
2833,A10020964,힐스테이트관악센트씨엘,관악구,봉천동,아파트,분양,9,997,현대건설,봉천제 4-1-2구역 주택재개발 정비사업 조합,2024-12-30 0:00,154394,126.9459834,37.4919618,N,"k-전체세대수, 기업그룹",현대건설
2834,A10020786,골드타워신대방청년주택,동작구,신대방동,주상복합,임대,1,330,백상건설,금성종합건설,2025-02-10 0:00,14942,126.9277635,37.4986786,N,,
2835,A10020749,루미노816청년안심주택,은평구,불광동,도시형 생활주택(주상복합),임대,1,299,한양건설,H&B개발,2024-11-05 0:00,13802,126.9239234,37.6168758,N,,
2836,A10020729,리스트안암,동대문구,제기동,주상복합,임대,1,299,(주)대원,(주)브이인마크청년주택위탁관리부동산투자회사,2024-08-19 0:00,16724,127.0368999,37.5900887,N,,
2837,A10020736,길동생활A,강동구,길동,도시형 생활주택(아파트),임대,1,297,이랜드건설(주),(주)대한제37호위탁관리부동산투자회사,2024-12-04 0:00,14801,127.1402476,37.5396139,N,,
2838,A10020826,아크로삼성,강남구,삼성동,아파트,분양,4,419,DL이엔씨,홍실아파트주택재건축정비사업조합,2025-02-14 0:00,109173,127.0596517,37.5199747,N,k-전체세대수,
2839,A10020716,장위자이레디언트,성북구,장위동,아파트,기타,31,2840,GS건설,장위4구역 주택재개발 정비사업,2025-03-31 0:00,456142,127.0566091,37.613619,N,"k-전체세대수, 기업그룹",GS건설
2840,A10020681,그란츠 리버파크,강동구,성내동,주상복합,기타,2,407,(주)대림,(주)디에이치프라퍼티원,2025-03-28 0:00,59295,127.1283258,37.5367124,N,"k-전체세대수, 기업그룹",DL이앤씨
2841,A10020731,e편한세상답십리아르테포레아파트,동대문구,답십리동,아파트,기타,6,326,DL건설,SH주택도시공사,2025-03-25 0:00,44571,127.0598469,37.5665727,N,"k-전체세대수, 기업그룹",DL건설
2842,A10020768,장안동  청년주택 하트리움,동대문구,장안동,주상복합,임대,1,284,두진건설,(주)씨드원,2025-03-18 0:00,137010448,127.0676315,37.5616948,N,k-전체세대수,
2843,A10020684,길동생활B,강동구,길동,도시형 생활주택(주상복합),임대,1,270,이랜드건설,주식회사대한제37호위탁관리부동산투자회사,2024-12-04 0:00,11577,127.1403547,37.5399439,N,k-전체세대수,
2844,A10020672,세이지움 개봉,구로구,개봉동,도시형 생활주택(주상복합),임대,1,605,(주)태영건설,개봉IRDPFV(주),2025-03-31 0:00,34050,126.8556413,37.4926455,N,k-전체세대수,
2845,A10020658,서울대벤처타운역푸르지오아파트,관악구,신림동,아파트,기타,8,571,(주)대우건설,신림3재정비촉진구역주택재개발정비사업조합,2025-04-30 0:00,79434,126.9326722,37.4606974,N,"k-전체세대수, 기업그룹",대우건설
2846,A10020656,어반허브 서울스테이션,용산구,서계동,도시형 생활주택(아파트),임대,1,265,우암건설(주),(주)에버그린플라자,2025-03-31 0:00,15220,126.9682054,37.5510709,N,k-전체세대수,
2847,A10020796,잠실더샵루벤,송파구,송파동,아파트,분양,2,327,(주)포스코이앤씨,송파성지아파트리모델링주택조합,2025-03-05 0:00,58929,127.1172784,37.5002885,N,"k-전체세대수, 기업그룹",포스코이앤씨
2848,A10020608,용산 남영역 롯데캐슬 헤리티지,용산구,갈월동,주상복합,임대,1,269,롯데건설,롯데건설,2025-05-28 0:00,23739,126.9716636,37.5413494,N,"k-전체세대수, 기업그룹",롯데건설
2849,A10020602,장위아트포레아파트,성북구,석관동,도시형 생활주택(주상복합),분양,1,191,희성건설,새석관시장정비조합,2025-04-25 0:00,17052,127.0526511,37.6082041,N,k-전체세대수,
2850,A10020555,리버센 SK VIEW 롯데캐슬 아파트,중랑구,중화동,아파트,기타,8,1055,"SK에코플랜트, 롯데건설",중화1재정비촉진구역 주택재개발정비사업조합,2025-06-12 0:00,146591,127.075833,37.6025854,Y,"k-전체세대수, 기업그룹",롯데건설; SK에코플랜트
2851,A10020557,메이플자이,서초구,잠원동,아파트,기타,29,3307,GS건설,신반포4지구재건축정비사업조합,2025-06-27 0:00,650662,127.0128066,37.5128761,N,"k-전체세대수, 기업그룹",GS건설
2852,A10020570,휘경자이디센시아,동대문구,휘경동,아파트,기타,14,1806,GS건설(주),휘경3재정비촉진구역 주택재개발정비사업 조합,2025-06-26 0:00,223604,127.0612564,37.5917875,N,"k-전체세대수, 기업그룹",GS건설
2853,A10020628,고덕 온빛채,강동구,고덕동,아파트,임대,6,697,태영건설,서울주택도시공사,2025-05-16 0:00,62196,127.1708365,37.5627622,N,k-전체세대수,
2854,A10020506,롯데캐슬이스트폴 아파트,광진구,자양동,아파트,기타,6,1063,롯데건설(주),넥스트커넥트피에프브이(주),2025-01-23 0:00,181045,127.0884381,37.536033,N,"k-전체세대수, 기업그룹",롯데건설
2855,A10020503,라체르보푸르지오써밋,성동구,행당동,아파트,기타,7,958,대우건설 푸르지오 써밋,행당동 도시정비제7구역  조합,2025-07-28 0:00,133777,127.037622,37.5576522,N,"k-전체세대수, 기업그룹",대우건설
2856,A10020466,청계 sk view 아파트,성동구,용답동,주상복합,기타,3,396,sk 에코플랜트,청계지역주택조합,2025-07-24 0:00,57902,127.0488134,37.5690522,N,"k-전체세대수, 기업그룹",SK에코플랜트
2857,A10020486,디에이치 대치 에델루이아파트,강남구,대치동,아파트,기타,8,282,현대건설,대치동 구마을 제3지구 주택재건축 정비사업 조합,2025-08-08 0:00,55881,127.0606316,37.5030553,N,기업그룹,현대건설
2858,A10020414,남대문(양동) 단지,중구,남대문로5가,도시형 생활주택(아파트),임대,1,182,두양종합건설,주식회사한마루,2025-08-12 0:00,4815,126.9744596,37.5549297,N,k-전체세대수,
2859,A10020346,한화포레나미아아파트,강북구,미아동,아파트,기타,4,497,한화건설,(주)범산도시개발,2025-11-27 0:00,70616,127.0222559,37.6197307,N,"k-전체세대수, 기업그룹",한화
2860,A10020345,서울숲 아이파크 리버포레2차,성동구,성수동1가,주상복합,분양,4,528,현대산업개발,서울숲벨라듀2지역주택조합,2025-11-27 0:00,84577,127.0434023,37.5494458,N,"k-전체세대수, 기업그룹",아이파크현대산업개발(HDC)
2861,A10020358,래미안 원페를라,서초구,방배동,아파트,분양,16,1097,삼성물산,방배6구역주택재건축정비사업조합,2025-11-25 0:00,219510,126.9875792,37.4912918,N,"k-전체세대수, 기업그룹",삼성물산
2862,A10020326,에드가 수유 청년주택,강북구,수유동,아파트,임대,1,426,우방,서울특별시,2025-10-02 0:00,20603,127.0337501,37.6118759,N,k-전체세대수,
2863,A10020365,라봄성동청년안심주택,성동구,마장동,도시형 생활주택(주상복합),임대,1,346,우암건설(주),인트러스투자운용(주),2025-05-30 0:00,24321,127.0422379,37.5635437,N,k-전체세대수,
2864,A10020343,힐스테이트청량리메트로블,동대문구,용두동,도시형 생활주택(주상복합),기타,2,288,현대건설,서원,2025-07-29 0:00,26764,127.0387062,37.5771451,N,"k-전체세대수, 기업그룹",현대건설
2865,A10020344,이문아이파크자이,동대문구,이문동,아파트,기타,18,4169,"현대산업개발,GS건설",이문3재정비촉진구역 주택재개발정비사업조합,2025-11-27 0:00,572670,127.0627196,37.5984489,Y,기업그룹,GS건설; 아이파크현대산업개발(HDC)
2866,A10020305,광운대역 현대프라힐스,노원구,월계동,아파트,임대,1,275,현대아산(주),현대아산(주),2025-05-21 0:00,12062,127.0607929,37.6223828,N,k-전체세대수,
2867,A10020307,새절역 두산위브트레지움,은평구,신사동,아파트,분양,6,424,두산건설(주),신사1구역 주택 재건축 정비사업조합,2025-11-27 0:00,66388,126.9066581,37.5913319,N,k-전체세대수,
2868,A10020416,천왕역모아엘가트레뷰,구로구,오류동,아파트,기타,4,440,(주)모아주택,주식회사 이레에이치앤씨,2025-08-08 0:00,73726,126.8373932,37.4876453,N,,
2869,A10020294,잠실래미안아이파크,송파구,신천동,아파트,기타,23,2678,삼성물산/현대산업개발,잠실진주아파트주택재건축정비사업조합,2025-12-30 0:00,524432,127.1113465,37.5184031,Y,기업그룹,삼성물산; 아이파크현대산업개발(HDC)
2870,A10020363,청담르엘,강남구,청담동,아파트,기타,9,1261,(주)롯데건설,청담삼익아파트 주택재건축 정비사업조합,2025-10-31 0:00,262739,127.0590791,37.5218574,N,"k-전체세대수, 기업그룹",롯데건설
2871,A10020562,서대문 센트럴아이파크,서대문구,홍은동,아파트,기타,12,827,HDC현대산업개발,홍은제13구역주택재개발정비사업조합,2025-06-30 0:00,130702,126.9472679,37.6007393,N,기업그룹,아이파크현대산업개발(HDC)
2872,A10020267,DMC 가재울 아이파크,서대문구,남가좌동,주상복합,기타,3,283,HDC현대산업개발,가재울8재정비촉진구역 재개발정비사업조합,2025-11-26 0:00,26585,126.9147472,37.5709659,N,기업그룹,아이파크현대산업개발(HDC)
2873,A10020258,이편한세상 강동 프레스티지원,강동구,천호동,아파트,기타,8,535,DL이앤씨,천호3주택재건축정비사업조합,2026-01-22 0:00,81995,127.1270466,37.5426293,N,기업그룹,DL이앤씨
2874,A10020230,잠실르엘,송파구,신천동,아파트,기타,13,1865,롯데건설,잠실미성크로바아파트주택재건축정비사업조합,2025-12-30 0:00,328719,127.107059,37.5175217,N,기업그룹,롯데건설
2875,A10020279,빌리브 디에이블,마포구,노고산동,도시형 생활주택(주상복합),기타,1,299,신세계건설,(주)월송홀딩스,2025-05-22 0:00,36392,126.9368301,37.5526569,N,k-전체세대수,
2876,A10020222,힐스테이트장승배기역,동작구,노량진동,아파트,기타,3,370,현대엔지니어링,상도현대메트로센터파크지역주택조합,2026-02-13 0:00,71601,126.9407803,37.5056157,N,"k-전체세대수, 기업그룹",현대엔지니어링
2877,A10020195,도봉아테라,도봉구,도봉동,아파트,기타,5,299,금호건설,도봉제2구역 주택재개발정비사업조합,2025-12-31 0:00,50290,127.0473076,37.6733053,N,,
2878,A10020336,더샵강동센트럴시티,강동구,천호동,아파트,기타,3,670,포스코이앤씨,재건축조합,2025-11-28 0:00,97096,127.1289403,37.5391786,N,기업그룹,포스코이앤씨
2879,A10020081,청량리롯데캐슬하이루체,동대문구,청량리동,아파트,기타,9,761,롯데건설,청량리제7구역주택재개방정비사업조합,2026-04-29 0:00,111261,127.0444551,37.5870922,N,"k-전체세대수, 기업그룹",롯데건설
2880,A10020044,오티에르반포,서초구,잠원동,아파트,분양,2,251,포스코이앤씨,신반포21차아파트 재건축정비사업조합,2026-06-05 0:00,49970,127.0133694,37.5089967,N,기업그룹,포스코이앤씨
2881,A10020027,오티에르신반포,서초구,잠원동,아파트,분양,2,178,포스코이앤씨,신반포 18차 337동 주택재건축 정비사업조합,2026-06-24 0:00,27400,127.0131595,37.5199647,N,기업그룹,포스코이앤씨
